UMAP1,UMAP2,kmeans_cluster,is_noise
13.28,-3.55,1,0
14.41,9.29,1,0
-4.09,8.48,1,0
10.42,-1.85,0,0
11.97,-2.28,0,0
-6.1,2.1,1,0
11.07,13.71,0,0
11.59,-2.69,0,0
13.46,12.28,1,0
10.87,-1.21,0,0
10.64,12.46,0,0
13.43,-1.78,1,0
12.27,11.93,1,0
9.63,-2.3,0,0
13.07,-2.55,1,0
12.39,-1.45,0,0
-1.32,0.68,0,0
-3.65,9.73,1,0
10.66,14.06,0,0
12.63,-2.57,0,0
10.31,-4.16,0,0
11.72,-1.06,0,0
10.57,14.26,0,0
15.03,-0.6,1,0
12.14,11.49,1,0
14.95,-0.76,1,0
10.44,-4.25,0,0
12.37,10.83,1,0
5.86,5.07,0,0
-3.71,10.96,0,0
10.48,-1.37,0,0
10.04,11.34,0,0
9.19,14.45,0,0
10.59,13.29,0,0
-3.74,-0.14,0,0
10.2,-2.08,0,0
10.76,12.18,0,0
8.25,11.63,0,0
-1.5,10.17,0,0
9.15,13.77,0,0
11.13,-1.25,0,0
8.75,13.1,0,0
-3.19,-0.73,0,0
10.96,8.2,0,0
14.0,10.13,1,0
8.74,15.73,0,0
-5.06,3.51,1,0
10.88,12.03,0,0
-2.43,9.91,0,0
1.19,8.92,1,0
-2.04,3.21,1,0
10.6,-2.18,0,0
12.78,12.02,1,0
13.13,-3.26,1,0
10.35,-4.05,0,0
9.18,-2.13,0,0
9.31,13.2,0,0
11.83,-0.78,1,0
13.82,-1.93,1,0
10.44,8.6,1,0
13.82,11.91,1,0
-1.95,8.01,1,0
12.13,-1.85,0,0
-4.1,0.24,0,0
14.14,-1.39,1,0
-1.73,-1.35,0,0
11.29,-3.21,0,0
15.33,-0.77,1,0
-5.69,-1.76,0,0
-2.35,4.03,1,0
-0.79,11.72,0,0
-2.7,6.87,1,0
-4.54,0.33,0,0
12.53,12.87,1,0
-1.71,10.48,0,0
-3.13,0.23,0,0
11.12,-1.16,0,0
14.08,-2.25,1,0
12.49,-0.61,1,0
-2.7,11.25,0,0
-1.88,2.38,1,0
11.22,-3.28,0,0
12.83,12.2,1,0
10.23,-4.34,0,0
10.73,-2.51,0,0
11.82,10.84,0,0
-2.85,11.74,0,0
9.79,-2.26,0,0
9.17,12.17,0,0
9.75,-1.87,0,0
9.25,14.38,0,0
2.16,1.89,0,1
-2.59,-1.42,0,0
-2.08,9.81,0,0
-3.95,-1.08,0,0
8.54,13.37,0,0
12.4,12.03,1,0
10.88,-3.5,0,0
11.91,-1.01,0,0
10.72,-1.42,0,0
12.27,10.78,1,0
10.89,-2.16,0,0
11.59,9.34,1,0
10.98,-4.29,0,0
-3.0,10.4,0,0
9.89,-3.08,0,0
12.04,0.56,1,0
-1.29,8.88,1,0
-2.39,-0.12,0,0
-1.87,1.32,0,0
14.98,12.5,1,0
10.04,-2.03,0,0
12.37,13.58,0,0
10.33,-3.79,0,0
12.77,-2.13,0,0
9.49,12.56,0,0
8.96,11.79,0,0
-3.18,5.44,1,0
12.71,-2.87,0,0
11.28,-3.66,0,0
-4.78,-0.99,0,0
10.09,-4.17,0,0
11.46,-3.5,0,0
-4.96,1.37,1,0
12.28,-1.4,1,0
-3.66,-1.33,0,0
-3.48,10.25,0,0
10.39,-1.59,0,0
10.79,-1.22,0,0
9.82,-3.76,0,0
-1.64,3.98,1,0
-2.58,9.13,1,0
13.56,9.17,1,0
11.1,-0.83,0,0
13.69,12.36,1,0
12.48,11.4,1,0
-3.48,4.0,1,0
10.47,-2.54,0,0
10.09,13.45,0,0
9.57,-2.36,0,0
9.75,12.42,0,0
9.74,-3.05,0,0
9.85,-1.12,0,0
10.13,-2.6,0,0
-4.43,0.61,1,0
10.98,-1.43,0,0
-3.44,10.18,0,0
-2.56,-0.31,0,0
9.33,-0.6,0,0
9.23,12.2,0,0
12.45,-1.15,0,0
11.26,-1.6,0,0
12.71,-2.25,0,0
9.76,15.36,0,0
10.92,-2.1,0,0
14.22,-1.54,1,0
9.86,-2.89,0,0
12.85,-0.52,1,0
9.43,-2.37,0,0
11.87,-3.33,0,0
11.24,-1.19,0,0
11.14,-1.57,0,0
-4.05,0.6,1,0
0.23,8.26,1,0
12.34,-2.45,0,0
13.48,1.52,1,0
10.01,12.35,0,0
-4.02,2.93,1,0
-4.83,0.93,1,0
-4.22,0.39,1,0
11.67,-3.9,0,0
11.04,-1.43,0,0
7.48,13.6,0,0
10.65,-1.52,0,0
11.7,-0.58,1,0
13.66,-1.76,1,0
-3.87,-0.75,0,0
11.08,-3.5,0,0
11.03,-2.25,0,0
-3.59,9.93,0,0
9.67,-4.71,0,0
15.38,-2.66,1,0
8.28,-3.05,0,0
9.51,12.44,0,0
11.37,-2.13,0,0
11.14,-3.03,0,0
9.56,-2.01,0,0
8.92,14.61,0,0
11.71,-2.52,0,0
10.25,12.31,0,0
14.26,11.2,1,0
9.75,-2.33,0,0
-3.02,1.42,1,0
10.34,13.53,0,0
-3.44,11.16,0,0
-3.86,9.2,1,0
-0.64,7.9,1,0
10.72,-1.41,0,0
10.62,-1.57,0,0
14.91,14.33,1,0
11.41,-1.51,0,0
-4.69,-0.87,1,0
11.26,12.89,0,0
10.68,-1.48,0,0
-2.58,6.7,1,0
10.89,0.51,1,0
7.94,14.65,0,0
-5.28,0.07,1,0
-3.14,-0.86,0,0
9.52,-2.56,0,0
-4.58,1.08,1,0
-2.1,11.53,0,0
-3.63,-1.47,0,0
-0.16,8.39,1,0
11.69,12.71,1,0
10.1,-1.79,0,0
-4.35,1.7,1,0
10.25,-3.77,0,0
10.36,14.53,0,0
12.55,9.56,1,0
11.75,-1.43,1,0
11.82,-1.84,1,0
9.5,-4.72,0,0
10.15,11.99,0,0
12.96,-2.18,1,0
-2.87,8.47,0,0
-3.11,1.13,0,0
-5.93,-0.1,0,0
11.66,10.55,1,0
10.87,-1.49,0,0
14.11,-2.28,1,0
-2.01,-0.87,0,0
9.7,-4.0,0,0
13.23,-0.6,1,0
11.51,12.65,1,0
9.13,-1.56,0,0
-3.2,2.72,1,0
11.94,-3.21,0,0
10.79,-2.56,0,0
10.4,13.57,0,0
8.9,-1.81,0,0
14.08,-1.55,1,0
10.46,-1.73,0,0
11.65,11.74,1,0
12.13,-0.84,1,0
11.36,10.17,1,0
-2.69,9.89,0,0
8.26,12.73,0,0
13.84,2.03,1,0
-1.11,4.53,1,0
13.41,13.13,1,0
11.26,-1.37,0,0
12.32,14.55,0,0
11.62,-1.7,0,0
-3.13,-2.0,0,0
11.4,0.57,1,0
10.97,12.52,0,0
10.93,14.43,0,0
10.62,-3.13,0,0
12.9,0.22,1,0
11.07,-1.51,0,0
12.05,9.83,1,0
-3.5,12.29,0,0
17.17,10.68,1,0
8.73,13.42,0,0
-2.58,-1.49,0,0
10.21,11.66,0,0
13.24,-3.97,1,0
11.22,14.24,0,0
13.71,-2.96,1,0
11.27,12.8,0,0
-1.87,9.95,0,0
-1.48,7.71,1,0
-3.06,1.54,1,0
12.11,0.32,1,0
-2.25,10.93,1,0
13.44,1.72,1,0
-4.08,0.21,0,0
10.12,12.36,0,0
9.86,13.91,0,0
10.23,-3.76,0,0
-2.49,9.45,0,0
-1.77,2.49,0,0
11.45,1.83,1,0
-3.47,5.48,1,0
10.44,12.65,0,0
9.75,-1.39,0,0
-1.61,8.84,1,0
10.26,-2.39,0,0
-2.99,11.47,0,0
10.6,-1.68,0,0
-3.3,-1.01,0,0
12.6,-1.35,0,0
9.55,-3.11,0,0
12.17,10.78,1,0
11.74,12.1,1,0
10.2,-1.43,0,0
8.66,12.27,0,0
14.42,-3.03,0,0
-4.79,0.69,1,0
13.08,-3.91,1,0
11.98,-3.05,0,0
9.41,-2.31,0,0
-1.74,3.21,1,0
14.28,-2.29,1,0
10.76,-2.27,0,0
12.1,-3.31,1,0
-5.28,-0.29,0,0
11.26,-2.14,0,0
9.51,13.75,0,0
10.5,12.36,0,0
10.71,11.93,0,0
12.41,-0.74,0,0
11.97,-1.91,1,0
11.92,-0.88,1,0
-2.18,5.4,1,0
9.74,12.02,0,0
10.71,13.91,0,0
9.56,12.38,0,0
10.71,-1.29,0,0
10.06,-2.71,0,0
12.34,-1.4,0,0
15.87,-0.78,1,0
12.01,-3.03,0,0
11.35,-3.35,0,0
-2.52,1.27,1,0
11.43,12.73,0,0
-4.67,0.38,1,0
-1.02,5.66,0,0
-1.09,0.07,0,0
11.81,-2.68,0,0
-3.91,-0.77,0,0
-3.14,9.87,1,0
12.8,-0.82,1,0
12.77,-2.55,1,0
-5.35,-0.08,0,0
-2.81,-0.4,1,0
9.39,13.42,0,0
-1.64,10.83,0,0
12.31,2.72,1,0
10.7,-1.74,0,0
-3.22,10.42,0,0
8.86,13.37,0,0
-0.65,10.93,0,0
-4.58,1.4,1,0
14.05,14.03,1,0
9.25,-1.41,0,0
-1.46,-0.28,1,0
11.02,-2.35,0,0
5.86,3.85,0,0
-1.13,8.96,1,0
-3.61,3.3,1,0
11.38,-3.44,0,0
12.17,-3.03,1,0
9.43,-3.83,0,0
12.09,-1.59,0,0
-2.1,5.44,1,0
10.57,-2.46,0,0
7.97,-4.03,0,0
10.4,14.14,0,0
9.81,-1.23,0,0
15.01,12.31,1,0
12.39,-1.13,1,0
-3.94,-0.28,0,0
11.43,11.03,1,0
12.61,-3.19,1,0
10.62,-3.55,0,0
-0.3,9.34,1,0
-3.41,2.01,1,0
-2.71,1.7,1,0
11.12,15.39,0,0
-4.39,2.98,1,0
11.3,-3.03,0,0
10.9,-2.66,0,0
11.13,-2.14,0,0
7.84,-0.41,0,0
14.72,3.36,1,0
12.45,-0.31,1,0
-0.95,-1.67,0,0
10.72,14.27,0,0
11.31,-2.95,0,0
-4.71,1.21,1,0
8.39,11.76,0,0
-3.82,9.48,1,0
11.96,-3.11,0,0
-2.93,0.73,1,0
-1.64,12.61,0,0
-3.55,-0.35,0,0
-3.76,-0.92,0,0
-3.85,1.04,1,0
-3.71,8.26,1,0
15.12,-0.76,1,0
-3.95,11.06,0,0
11.84,-3.16,0,0
10.8,12.98,0,0
-2.24,11.82,0,0
11.2,-3.08,0,0
9.51,13.29,0,0
10.56,13.75,0,0
13.38,-0.67,1,0
-3.97,9.23,1,0
-3.78,1.95,1,0
9.47,-3.99,0,0
13.9,-1.47,1,0
-2.16,1.05,0,0
-3.1,1.67,1,0
-2.05,2.65,1,0
11.81,-1.53,1,0
15.36,12.58,1,0
-1.84,10.72,1,0
-1.29,7.11,1,0
10.24,-1.29,0,0
12.52,-0.65,1,0
14.9,-2.56,1,0
10.75,-1.78,0,0
11.3,-3.52,0,0
11.17,-1.63,0,0
-3.09,0.67,1,0
13.77,-1.57,1,0
9.98,-1.96,0,0
8.05,-0.48,0,0
-2.11,-1.63,0,0
-4.75,2.67,1,0
-2.24,0.34,0,0
13.68,-0.75,1,0
-4.78,0.43,1,0
10.84,13.18,0,0
11.11,-0.7,1,0
-4.89,2.51,1,0
11.85,10.54,1,0
8.9,13.59,0,0
10.22,-1.1,0,0
15.0,-1.04,1,0
11.84,-3.2,0,0
9.92,12.99,0,0
12.02,7.84,1,0
10.25,-3.71,0,0
12.54,11.57,1,0
-2.82,2.11,1,0
11.24,12.64,0,0
9.91,12.69,0,0
12.37,-3.39,1,0
12.99,-3.48,1,0
-2.56,0.49,0,0
3.48,0.5,0,1
9.87,-2.83,0,0
10.43,-0.42,0,0
12.97,-1.85,0,0
13.48,-1.85,1,0
13.2,-1.93,1,0
-4.4,3.35,1,0
13.52,-2.56,1,0
9.02,-1.18,0,0
14.98,0.96,1,0
-4.02,3.99,1,0
-3.99,2.25,1,0
-1.6,-0.5,1,0
10.56,13.05,0,0
9.34,-3.68,0,0
-0.74,8.42,1,0
-1.26,9.9,1,0
13.17,12.42,1,0
12.79,-2.3,0,0
10.49,-3.12,0,0
17.69,10.4,1,0
9.16,13.24,0,0
12.92,18.56,1,1
-2.28,-0.49,0,0
1.86,3.93,0,0
12.2,-3.34,1,0
12.49,-1.01,1,0
11.62,12.11,1,0
9.11,13.23,0,0
9.76,-1.94,0,0
11.59,12.28,0,0
-4.05,-0.29,0,0
-0.59,9.79,0,0
13.06,-1.26,1,0
10.59,13.73,0,0
10.39,-3.44,0,0
8.18,-1.11,0,0
11.7,-2.95,0,0
10.24,14.46,0,0
11.11,-3.45,0,0
5.94,3.12,0,0
11.03,-4.03,0,0
-3.0,0.86,0,0
-5.05,2.31,1,0
10.31,-3.8,0,0
11.26,-2.93,0,0
12.91,-1.02,1,0
11.7,-1.87,0,0
10.37,-1.44,0,0
-3.0,4.14,1,0
13.65,-2.37,1,0
12.15,-2.98,1,0
-4.01,-0.29,0,0
12.42,-0.62,1,0
-4.23,1.51,1,0
-2.67,0.13,0,0
8.31,-2.96,0,0
15.03,13.16,1,0
7.9,13.18,0,0
10.81,14.21,0,0
11.19,11.01,1,0
-2.02,-1.78,0,0
-1.43,-0.91,0,0
14.03,13.05,1,0
10.38,13.03,0,0
10.52,-2.27,0,0
8.28,0.39,0,0
9.56,13.3,0,0
-4.65,0.92,1,0
10.62,-1.43,0,0
10.63,-1.27,0,0
8.21,11.78,0,0
10.94,-1.23,0,0
-2.59,0.44,0,0
-1.05,7.45,1,0
9.98,-4.34,0,0
10.11,13.73,0,0
-5.32,0.58,1,0
-3.12,1.81,1,0
13.3,-1.91,1,0
-5.31,1.94,1,0
-1.28,10.24,0,0
9.27,14.22,0,0
9.78,-2.47,0,0
11.11,0.53,1,0
-1.67,9.67,0,0
-3.79,0.63,0,0
11.39,13.79,0,0
-4.45,9.59,1,0
-3.89,3.65,1,0
11.3,-5.28,0,0
12.49,13.15,1,0
-3.26,9.63,1,0
-4.3,0.5,1,0
-2.11,-0.22,0,0
-1.55,9.77,1,0
-4.79,9.61,1,0
10.72,8.76,0,0
8.89,-4.36,0,0
9.86,11.95,0,0
-2.23,0.96,1,0
-4.03,-0.9,0,0
10.09,10.81,0,0
8.79,-2.54,0,0
11.25,-1.12,0,0
10.39,-3.25,0,0
-3.4,9.59,1,0
15.63,0.49,1,0
10.63,12.42,0,0
11.63,-5.94,0,0
9.5,11.93,0,0
11.25,-3.03,0,0
9.65,11.78,0,0
14.49,-1.38,1,0
10.41,9.65,1,0
10.34,-1.47,0,0
11.39,10.8,1,0
10.78,-1.29,0,0
11.07,13.46,0,0
-2.86,1.52,1,0
13.95,-1.76,1,0
11.13,-3.43,0,0
16.18,-0.06,1,0
12.8,-1.23,1,0
-2.34,2.16,1,0
10.74,14.15,0,0
9.33,13.57,0,0
9.83,13.2,0,0
-1.26,10.52,0,0
10.56,-3.89,0,0
-1.87,9.34,1,0
12.98,14.02,0,0
9.73,11.38,0,0
-1.99,-0.77,0,0
11.37,-0.44,1,0
-2.58,-1.38,0,0
14.43,-0.12,1,0
14.97,0.41,1,0
11.35,12.59,0,0
14.62,-4.73,1,0
10.03,-2.69,0,0
-1.42,10.77,0,0
11.38,13.35,0,0
10.44,11.26,1,0
8.56,-1.96,0,0
9.96,14.27,0,0
11.45,11.97,1,0
10.17,14.21,0,0
10.66,-2.15,0,0
15.87,0.67,1,0
-3.91,-0.01,0,0
9.32,12.78,0,0
13.08,9.69,1,0
11.73,12.22,0,0
11.57,12.37,0,0
9.27,-3.17,0,0
9.45,-0.87,0,0
9.88,-2.07,0,0
10.55,-3.22,0,0
10.44,-0.79,0,0
8.38,-2.26,0,0
12.29,-2.88,1,0
8.64,12.72,0,0
14.05,0.69,1,0
14.14,7.54,1,0
10.09,-1.75,0,0
9.8,10.1,0,0
10.31,-4.45,0,0
11.42,12.65,0,0
13.16,-0.23,1,0
10.29,12.25,0,0
10.73,13.91,0,0
9.9,14.58,0,0
12.62,-2.53,1,0
8.45,-1.93,0,0
12.58,7.21,1,0
9.66,-2.4,0,0
-3.93,4.15,1,0
13.57,11.99,1,0
14.59,-1.36,1,0
11.87,-0.9,1,0
-5.44,0.04,0,0
-2.39,0.11,0,0
10.76,-1.57,0,0
15.27,-1.64,1,0
-4.73,-0.16,0,0
10.04,-2.03,0,0
-4.63,2.31,1,0
10.12,13.31,0,0
10.97,12.67,0,0
-3.42,10.52,0,0
10.89,11.85,1,0
9.85,12.77,0,0
13.5,-1.32,1,0
11.89,11.38,1,0
14.75,-1.28,1,0
14.16,-2.29,1,0
9.55,12.73,0,0
11.03,10.61,1,0
10.71,-4.63,0,0
10.6,12.65,0,0
11.11,11.42,1,0
11.69,-3.11,0,0
-3.71,3.13,1,0
10.88,14.31,0,0
-3.29,10.1,0,0
11.03,-2.1,0,0
10.76,-1.55,0,0
11.07,-4.53,0,0
11.88,12.43,1,0
9.2,-2.43,0,0
-2.84,-0.95,0,0
-2.15,1.66,1,0
9.53,-3.46,0,0
8.58,13.04,0,0
-3.57,1.25,1,0
11.29,-2.89,0,0
-4.36,2.09,1,0
11.9,9.9,1,0
12.12,-4.32,1,0
-2.61,0.47,1,0
-0.82,8.83,1,0
11.49,-0.87,0,0
-1.01,9.37,1,0
-3.67,8.94,1,0
-3.92,-0.26,0,0
11.5,-2.9,0,0
9.84,-3.35,0,0
-5.41,2.7,1,0
10.88,-3.72,0,0
10.73,13.62,0,0
-0.72,9.27,1,0
-2.39,10.9,0,0
13.09,15.14,0,0
7.52,15.23,0,0
9.57,-2.2,0,0
10.84,-2.33,0,0
-4.08,9.13,1,0
8.86,13.37,0,0
10.9,-1.45,0,0
13.54,-3.38,1,0
13.65,-1.58,1,0
15.71,-0.13,1,0
12.41,-3.21,1,0
-4.94,0.23,1,0
-3.46,11.14,1,0
11.6,-1.6,1,0
15.29,-0.05,1,0
11.05,-3.47,0,0
-3.9,3.94,1,0
11.4,13.51,1,0
15.02,-0.01,1,0
-1.91,10.02,0,0
10.79,-3.18,0,0
10.67,-1.15,0,0
15.42,9.65,1,0
9.54,12.22,0,0
10.49,-1.22,0,0
12.3,-2.57,0,0
10.47,-0.61,1,0
11.27,-2.43,0,0
-1.52,10.82,0,0
9.73,-2.17,0,0
-4.31,2.78,1,0
-3.3,3.15,1,0
-1.86,2.74,1,0
-2.98,0.88,0,0
11.74,-1.14,1,0
-1.59,0.49,0,0
-3.37,10.38,0,0
11.56,-3.19,0,0
-2.97,9.79,0,0
10.73,-1.79,0,0
10.01,10.64,0,0
7.29,-0.92,0,0
9.01,-3.65,0,0
-3.21,10.64,0,0
17.26,5.88,1,1
-3.82,0.52,0,0
12.26,-3.25,1,0
10.73,-1.48,0,0
-1.8,10.89,0,0
11.61,-0.63,1,0
8.83,12.3,0,0
-4.77,2.94,1,0
9.67,12.53,0,0
-4.14,0.8,1,0
-5.07,1.22,1,0
10.83,-3.13,0,0
10.62,13.71,0,0
12.72,-2.49,1,0
11.01,-2.34,0,0
12.56,-3.54,1,0
-2.86,11.0,0,0
11.39,14.08,0,0
13.95,11.1,1,0
9.87,14.46,0,0
9.63,-2.0,0,0
10.31,11.06,0,0
12.85,9.62,1,0
9.81,13.03,0,0
-4.88,3.56,1,0
11.95,-4.44,0,0
14.77,0.43,1,0
-5.84,2.72,1,0
-2.65,7.5,1,0
1.98,5.02,0,0
13.02,0.12,1,0
-2.63,0.36,0,0
-3.84,1.95,1,0
-4.26,1.33,1,0
9.78,12.78,0,0
-2.38,0.61,0,0
12.52,-3.62,1,0
10.93,-2.92,0,0
10.14,-2.15,0,0
12.8,0.45,1,0
13.42,9.62,1,0
-1.41,10.37,0,0
13.54,12.75,1,0
8.92,-1.02,0,0
-2.23,1.39,1,0
10.22,-3.9,0,0
10.75,9.46,1,0
9.75,14.66,0,0
12.13,0.21,1,0
11.55,-0.72,1,0
11.83,-1.09,0,0
9.66,15.3,0,0
-2.67,0.74,0,0
-4.43,1.09,1,0
13.99,-1.74,1,0
9.24,-2.49,0,0
16.12,0.52,1,0
-4.01,0.03,0,0
14.21,13.01,1,0
11.31,10.74,1,0
7.35,13.84,0,0
-1.77,9.16,0,0
10.36,-2.26,0,0
10.69,13.78,0,0
8.89,-0.78,0,0
8.69,14.71,0,0
10.04,-4.01,0,0
13.78,-2.21,1,0
11.94,-1.07,0,0
13.97,-1.41,1,0
-2.46,3.61,1,0
9.66,-1.89,0,0
9.78,11.61,0,0
14.05,-0.73,1,0
9.25,-2.68,0,0
8.54,13.27,0,0
-2.02,9.85,0,0
-4.78,0.37,1,0
8.7,-2.97,0,0
1.9,4.69,0,0
10.5,13.44,0,0
10.64,11.34,1,0
9.43,11.99,0,0
-4.03,7.54,1,0
-4.16,-0.63,0,0
12.58,-0.72,1,0
10.66,12.51,0,0
12.13,2.13,1,0
-4.75,3.04,1,0
-3.45,-0.17,1,0
12.64,-0.91,1,0
-3.64,-1.74,0,0
12.25,14.66,0,0
10.85,-3.34,0,0
10.43,11.73,0,0
11.04,-1.98,0,0
11.04,12.65,0,0
10.91,14.22,0,0
11.38,-2.96,0,0
-1.87,10.25,0,0
12.99,-0.34,1,0
-1.15,9.45,0,0
13.8,-2.18,1,0
12.68,12.25,1,0
8.72,12.94,0,0
11.0,-5.89,0,0
-3.85,1.45,1,0
-3.63,10.7,0,0
12.27,-1.35,1,0
9.19,15.28,0,0
10.65,12.93,0,0
-4.12,0.02,0,0
12.17,-1.73,0,0
11.45,-2.88,1,0
12.32,14.01,1,0
10.26,10.45,1,0
10.9,-4.73,0,0
1.46,4.01,0,0
-3.93,13.7,0,1
-2.32,5.22,1,0
11.82,-2.65,0,0
-3.79,9.57,0,0
-2.48,8.28,1,0
-4.04,1.26,1,0
-3.39,7.73,1,0
11.45,-0.97,1,0
-4.33,1.81,1,0
10.76,13.87,0,0
9.11,14.5,0,0
10.95,13.03,0,0
9.32,-3.77,0,0
15.83,-0.63,1,0
12.69,-0.76,0,0
11.41,8.26,1,0
-2.9,10.29,0,0
13.18,-2.0,1,0
14.01,-1.95,1,0
-5.81,-0.7,0,0
10.11,13.68,0,0
10.29,-0.27,0,0
8.34,-0.59,0,0
12.3,-2.82,0,0
13.66,-1.84,1,0
10.39,11.61,0,0
10.73,-2.45,0,0
9.04,-2.46,0,0
8.75,-0.37,0,0
-2.04,7.51,1,0
9.48,-2.44,0,0
9.78,13.91,0,0
12.0,14.0,0,0
9.73,-2.78,0,0
9.33,-2.6,0,0
10.94,-1.52,0,0
12.12,-1.28,0,0
11.97,-5.64,1,0
7.99,-3.47,0,0
9.52,13.4,0,0
-2.19,-2.6,0,0
6.39,-4.77,0,1
9.71,-1.85,0,0
-0.63,6.35,1,0
10.42,-3.6,0,0
-0.23,0.06,1,0
10.4,-3.5,0,0
2.23,5.2,0,0
8.4,-2.64,0,0
12.09,10.54,1,0
9.29,12.33,0,0
7.99,13.29,0,0
-3.93,8.23,1,0
-3.15,10.35,1,0
10.43,-3.31,0,0
13.66,-0.55,1,0
-0.45,9.88,1,0
10.9,-3.24,0,0
-2.58,10.55,0,0
-3.67,1.63,1,0
9.36,-4.23,0,0
5.2,3.44,0,0
10.01,13.71,0,0
8.09,8.13,1,1
0.12,-0.41,0,0
11.03,13.56,0,0
-1.0,-1.0,0,0
12.61,-2.98,1,0
11.68,-1.79,0,0
10.41,-1.59,0,0
8.63,13.03,0,0
13.92,-1.29,1,0
-1.61,10.54,0,0
14.11,-2.01,1,0
-2.82,1.23,1,0
9.61,-0.92,0,0
9.49,13.36,0,0
-3.27,0.09,0,0
-4.26,-1.43,0,0
14.32,11.9,1,0
12.39,-2.34,0,0
10.99,-1.03,0,0
11.25,9.15,1,0
-2.78,-0.38,0,0
15.6,8.79,1,0
13.35,-3.29,1,0
-4.35,0.88,1,0
12.75,-1.2,1,0
10.49,12.12,0,0
13.41,1.36,1,0
11.3,-1.65,0,0
-3.61,-1.09,0,0
13.53,-2.56,0,0
-2.36,-0.93,0,0
-2.61,9.88,0,0
10.75,11.53,1,0
-2.01,10.68,0,0
-3.25,10.4,1,0
12.94,-2.8,1,0
12.67,10.41,1,0
9.05,14.4,0,0
-4.63,1.51,1,0
10.58,-4.15,0,0
12.28,-2.74,0,0
13.39,-1.76,1,0
12.03,-4.36,1,0
-5.24,0.96,1,0
11.48,-2.67,0,0
14.71,10.96,1,0
-4.48,1.11,1,0
9.08,13.55,0,0
12.69,12.28,1,0
-6.27,1.83,1,0
13.45,-1.67,1,0
11.29,11.06,1,0
-2.69,10.63,0,0
10.35,-3.68,0,0
9.96,12.94,0,0
-3.95,0.63,0,0
14.07,0.22,1,0
12.86,-1.19,1,0
11.08,13.49,0,0
11.98,-1.61,1,0
10.74,-0.84,0,0
10.8,13.18,0,0
-0.89,10.2,0,0
-1.61,10.01,0,0
-2.01,-0.43,0,0
8.95,13.17,0,0
-3.18,11.56,0,0
10.87,-1.69,0,0
-4.24,-0.76,0,0
14.85,0.71,1,0
9.65,11.74,0,0
-3.42,11.23,0,0
9.46,-3.33,0,0
-1.39,9.43,1,0
10.89,-3.59,0,0
10.48,-1.9,0,0
9.84,-0.51,0,0
-4.07,1.4,1,0
11.05,-3.76,0,0
11.62,-1.91,0,0
9.18,14.13,0,0
-4.37,0.38,0,0
10.35,0.1,0,0
-2.55,10.44,0,0
14.74,-0.27,1,0
10.41,-4.98,0,0
9.62,13.43,0,0
13.22,-4.27,1,0
12.96,11.64,1,0
9.59,12.48,0,0
-3.67,11.15,0,0
10.2,0.26,1,0
10.76,-3.35,0,0
8.83,13.57,0,0
11.27,12.69,0,0
9.02,-2.56,0,0
11.34,-4.36,0,0
6.07,14.04,0,0
11.17,-3.12,0,0
11.42,-3.12,0,0
12.82,12.56,1,0
-3.38,0.97,1,0
9.91,13.37,0,0
-5.22,1.06,1,0
-1.85,9.78,1,0
-2.27,3.55,1,0
9.48,0.03,0,0
10.84,14.28,0,0
8.96,14.05,0,0
9.45,-2.37,0,0
10.27,11.73,0,0
-4.66,3.14,1,0
8.67,-1.49,0,0
10.58,-1.72,0,0
8.87,-2.89,0,0
-4.26,0.3,1,0
-2.14,7.56,1,0
12.23,-1.38,0,0
-3.28,9.06,0,0
8.73,-2.37,0,0
-3.92,3.59,1,0
11.35,-2.93,0,0
-2.34,11.06,0,0
10.86,-1.85,0,0
-1.56,-0.81,0,0
11.04,-0.6,0,0
-4.14,2.54,1,0
15.22,9.86,1,0
-4.05,9.14,1,0
-3.51,-0.28,0,0
12.52,12.94,1,0
-4.06,9.96,0,0
12.16,-2.89,1,0
11.4,-3.05,0,0
-5.14,0.84,1,0
9.51,13.74,0,0
15.02,-2.08,1,0
14.23,-1.62,1,0
9.61,12.06,0,0
-3.88,10.14,0,0
11.19,13.74,0,0
10.28,-0.91,0,0
-2.79,-0.43,0,0
-3.84,-1.01,0,0
-2.89,-1.38,0,0
12.29,-2.57,0,0
5.05,6.08,0,0
12.33,11.13,1,0
-1.4,10.52,0,0
-4.14,3.12,1,0
11.86,-0.94,0,0
-3.99,-0.64,0,0
-5.31,0.93,1,0
11.57,-1.88,0,0
8.06,-2.79,0,0
8.6,-1.46,0,0
9.64,-2.24,0,0
15.92,0.77,1,0
10.61,14.05,0,0
-4.48,1.9,1,0
4.78,3.88,0,0
10.46,13.32,0,0
10.34,-2.51,0,0
15.5,-1.7,1,0
11.23,13.29,0,0
10.45,13.79,0,0
14.58,-2.64,1,0
13.04,-0.65,1,0
10.62,13.21,0,0
8.59,11.49,0,0
12.71,1.52,1,0
10.58,-4.36,0,0
-2.66,10.85,0,0
9.42,13.35,0,0
13.09,2.32,1,0
16.31,0.08,1,0
11.58,-2.45,0,0
11.09,-0.81,1,0
14.69,9.13,1,0
12.99,-0.86,1,0
14.17,-1.43,1,0
10.25,11.93,0,0
-1.81,-0.24,0,0
7.35,3.91,0,0
11.38,-1.81,0,0
11.83,-1.11,1,0
-1.59,0.44,0,0
3.06,4.28,0,0
-3.49,2.0,1,0
10.41,11.73,0,0
-1.91,9.32,1,0
-2.51,0.3,0,0
13.01,-0.85,1,0
10.37,13.98,0,0
11.5,19.74,0,1
9.95,13.62,0,0
10.31,13.58,0,0
10.96,-2.38,0,0
15.3,-3.06,1,0
10.07,-2.16,0,0
13.57,-0.45,1,0
-0.7,12.03,0,0
8.71,13.14,0,0
-1.9,-0.65,0,0
9.45,-4.37,0,0
12.96,-2.97,0,0
9.68,15.36,0,0
-1.09,11.26,0,0
-1.11,-0.09,0,0
10.89,-1.3,0,0
11.35,12.68,0,0
15.14,-2.18,1,0
9.45,-3.99,0,0
9.3,-2.89,0,0
10.65,-1.15,0,0
11.5,-3.7,0,0
-2.99,-1.65,0,0
13.24,-1.0,1,0
12.45,-2.77,0,0
10.79,13.47,0,0
8.88,13.84,0,0
-4.72,3.8,1,0
-4.33,1.75,1,0
8.12,-3.54,0,0
12.2,-3.12,1,0
13.38,-1.58,1,0
15.62,1.18,1,0
-4.09,0.48,0,0
8.92,-2.82,0,0
-2.7,1.12,1,0
9.6,13.16,0,0
-3.24,9.77,0,0
8.59,13.93,0,0
9.27,12.97,0,0
9.93,-1.4,0,0
-2.95,0.14,1,0
11.65,-3.97,0,0
11.21,14.95,0,0
9.93,13.47,0,0
9.67,-1.66,0,0
-4.47,7.85,1,0
-3.29,-1.55,0,0
10.9,14.63,0,0
-1.69,-0.06,0,0
12.65,-1.75,1,0
10.06,0.3,1,0
12.73,10.86,1,0
-4.48,0.37,1,0
-3.15,-0.13,0,0
-3.57,-1.14,0,0
10.99,13.12,0,0
9.58,-2.9,0,0
-4.87,-0.18,1,0
12.5,-0.94,0,0
-1.79,11.21,0,0
-4.1,-1.9,0,0
9.36,-2.04,0,0
9.97,-1.56,0,0
10.17,13.07,0,0
8.83,12.82,0,0
-1.82,9.79,1,0
10.63,-1.5,0,0
13.07,-1.78,1,0
10.79,15.23,0,0
6.1,2.96,0,0
7.63,13.24,0,0
-3.0,0.61,1,0
10.98,13.22,0,0
14.02,-2.24,1,0
10.99,-1.37,0,0
-3.28,11.51,0,0
10.65,-1.0,0,0
10.26,14.82,0,0
11.05,13.57,0,0
-0.78,7.42,1,0
10.15,-0.95,0,0
11.23,-4.08,0,0
11.66,-1.5,0,0
12.53,13.78,0,0
10.01,12.79,0,0
11.21,-1.87,0,0
-3.06,0.52,0,0
-4.24,-0.81,0,0
-1.62,10.33,0,0
13.15,2.55,1,0
9.97,-4.87,0,0
13.54,-1.75,1,0
8.32,12.72,0,0
10.43,11.43,0,0
10.71,-1.82,0,0
9.37,14.55,0,0
-1.43,11.46,0,0
-1.89,10.69,0,0
12.28,-2.79,1,0
9.01,14.29,0,0
12.25,-0.98,1,0
12.94,-2.28,1,0
13.7,-2.59,1,0
12.07,-2.49,0,0
10.62,-2.49,0,0
9.96,-3.41,0,0
11.65,-2.99,0,0
-3.67,11.92,0,0
10.77,-2.24,0,0
-3.97,10.06,1,0
11.74,-3.05,0,0
0.0,9.96,0,0
10.92,11.08,1,0
-4.33,7.03,1,0
13.23,-0.53,1,0
9.78,-2.04,0,0
13.13,-0.4,1,0
11.4,-3.47,0,0
6.2,4.12,0,0
10.18,15.18,0,0
10.13,-2.75,0,0
11.44,-3.59,0,0
10.36,-3.68,0,0
-2.45,1.05,1,0
10.59,-1.82,0,0
11.15,11.31,1,0
-3.33,0.38,0,0
-1.63,8.48,0,0
8.97,0.39,0,0
14.54,12.02,1,0
11.5,12.79,0,0
14.43,-2.57,1,0
9.85,-4.06,0,0
9.85,12.95,0,0
13.25,0.7,1,0
-0.9,10.39,0,0
9.91,11.26,0,0
10.83,-3.19,0,0
-2.7,10.11,0,0
12.07,-1.37,0,0
4.54,3.75,0,0
9.62,13.71,0,0
11.65,14.62,0,0
9.93,-4.45,0,0
9.19,-2.27,0,0
10.69,-2.53,0,0
10.01,-2.72,0,0
-4.91,2.07,1,0
9.93,-2.52,0,0
11.59,-2.75,0,0
-2.5,3.3,1,0
14.39,-1.24,1,0
10.51,12.78,0,0
9.56,12.55,0,0
-3.58,9.54,0,0
13.81,-1.96,1,0
12.41,-2.48,0,0
-4.29,1.81,1,0
-1.73,10.01,0,0
8.94,13.66,0,0
-4.09,1.64,1,0
11.33,-2.01,0,0
10.22,13.15,0,0
11.38,-1.78,0,0
-4.29,1.16,1,0
10.3,12.32,0,0
-3.79,0.52,0,0
13.03,12.55,1,0
8.02,11.74,0,0
13.52,-3.83,1,0
-3.42,1.12,1,0
12.37,-3.88,1,0
13.68,-4.47,1,0
-0.14,10.78,0,0
11.24,-3.97,0,0
-3.44,3.21,1,0
-5.88,2.46,1,0
12.45,-2.63,0,0
9.91,-1.02,0,0
-4.45,5.73,1,0
5.45,3.15,0,0
10.39,-2.69,0,0
12.77,-0.37,1,0
8.1,13.46,0,0
15.06,-1.32,1,0
13.52,-0.77,1,0
11.38,-3.11,0,0
-2.79,10.26,1,0
-0.43,9.72,0,0
11.53,-2.66,0,0
-0.95,10.3,0,0
9.36,-2.54,0,0
12.02,-0.7,1,0
-3.25,-0.68,0,0
10.88,-3.65,0,0
-3.83,8.95,1,0
5.21,4.89,0,0
14.47,-1.18,1,0
11.57,11.81,0,0
10.7,-2.3,0,0
14.8,13.22,1,0
14.52,10.26,1,0
12.51,-2.15,0,0
-3.39,1.28,1,0
13.87,-2.07,1,0
15.54,1.6,1,0
9.56,-1.87,0,0
10.59,-3.9,0,0
-4.15,1.03,1,0
-2.26,-1.18,0,0
11.67,13.35,0,0
13.04,-1.17,1,0
9.56,12.89,0,0
10.62,12.42,0,0
11.36,13.93,0,0
9.18,13.8,0,0
12.48,0.12,1,0
14.21,-3.62,1,0
12.09,-3.58,0,0
10.56,-3.37,0,0
-0.59,11.0,0,0
9.92,14.26,0,0
10.19,8.96,0,0
9.43,13.44,0,0
10.63,-3.6,0,0
9.56,13.27,0,0
8.86,13.32,0,0
14.17,-0.09,1,0
6.9,4.31,0,0
7.72,13.12,0,0
15.1,-2.22,1,0
16.86,0.68,1,0
-1.4,10.26,0,0
10.37,-3.18,0,0
-2.04,0.68,1,0
12.43,-2.94,1,0
-3.23,0.8,1,0
-4.58,7.5,1,0
-3.27,1.39,1,0
15.4,10.19,1,0
10.56,13.82,0,0
14.26,0.15,1,0
8.95,-2.2,0,0
14.71,8.34,1,0
11.49,11.54,0,0
14.04,15.4,1,0
13.41,-0.32,1,0
13.9,-1.91,1,0
-2.08,9.19,0,0
9.68,-2.08,0,0
11.6,-1.08,0,0
11.56,-1.82,0,0
11.42,11.87,1,0
-2.8,7.76,1,0
13.89,0.33,1,0
11.79,12.24,1,0
10.8,13.11,0,0
10.99,11.18,1,0
10.51,12.23,0,0
-2.39,-0.11,0,0
11.23,12.7,1,0
12.15,-1.33,0,0
-3.88,7.5,1,0
-3.59,10.27,0,0
-4.07,1.21,0,0
13.47,-1.89,1,0
-2.61,8.04,1,0
-3.94,-0.52,0,0
10.44,14.67,0,0
10.31,-2.73,0,0
9.66,12.61,0,0
-4.07,1.31,1,0
12.9,11.94,1,0
10.87,-0.53,1,0
-2.58,8.69,1,0
12.75,8.53,1,0
12.02,-2.79,0,0
11.89,-3.19,0,0
13.23,-0.49,1,0
7.06,12.94,0,0
13.04,10.13,1,0
11.79,-2.86,0,0
14.52,-2.51,1,0
-4.32,1.64,1,0
10.39,14.07,0,0
-0.26,10.98,0,0
9.37,13.52,0,0
11.98,-3.86,0,0
-1.91,10.33,0,0
11.22,-1.86,1,0
14.5,2.24,1,0
-3.03,1.76,1,0
10.6,14.06,0,0
12.35,9.5,1,0
-4.18,0.51,0,0
-2.88,10.94,0,0
9.52,-2.98,0,0
8.42,-2.44,0,0
11.7,-0.58,1,0
11.11,-2.32,0,0
5.7,3.96,0,0
11.87,-3.73,0,0
13.84,-1.98,1,0
-2.77,-0.6,0,0
11.07,-1.37,0,0
16.19,-0.33,1,0
11.14,-3.16,0,0
12.35,-2.58,0,0
9.15,14.35,0,0
11.53,-3.27,0,0
-4.2,0.29,0,0
-1.94,10.85,0,0
10.92,-1.1,0,0
-1.88,6.54,1,0
10.72,-3.34,0,0
-4.38,6.71,1,0
-4.54,7.32,1,0
10.34,-0.47,0,0
9.3,13.65,0,0
-3.65,1.83,1,0
12.28,-4.26,0,0
9.85,11.45,0,0
12.59,-1.95,1,0
13.17,-0.46,1,0
10.79,-5.29,0,0
12.67,13.65,1,0
14.06,12.1,1,0
10.49,14.12,0,0
-2.81,9.66,1,0
10.3,-3.86,0,0
10.09,-2.16,0,0
-3.68,0.22,0,0
-3.77,0.92,1,0
12.64,-2.62,1,0
9.04,13.07,0,0
11.62,-0.49,1,0
14.04,-0.64,1,0
14.47,-1.92,1,0
-2.99,1.2,0,0
13.22,10.83,1,0
-4.04,-2.58,0,0
11.57,-1.27,0,0
10.1,-3.91,0,0
-5.24,-1.42,0,0
10.52,-2.1,0,0
8.53,11.15,0,0
10.73,-0.62,1,0
11.05,11.53,1,0
-2.68,2.33,1,0
-3.59,0.16,0,0
-6.94,-0.02,1,0
9.79,-2.7,0,0
13.33,11.34,1,0
-1.46,10.39,0,0
10.61,-3.65,0,0
10.58,12.88,0,0
-2.45,7.13,1,0
14.08,-4.22,1,0
-3.16,2.17,1,0
-3.29,2.01,1,0
10.23,13.79,0,0
-3.31,1.11,1,0
11.71,-3.34,0,0
14.37,0.48,1,0
-2.52,-0.52,0,0
12.08,11.1,1,0
-1.98,10.78,1,0
10.99,-2.26,0,0
-1.49,9.53,1,0
9.67,12.78,0,0
-4.84,1.09,1,0
9.79,12.62,0,0
8.52,12.21,0,0
9.56,-2.27,0,0
12.59,12.8,1,0
9.64,-2.04,0,0
10.88,-1.28,0,0
7.37,13.81,0,0
11.41,12.56,0,0
13.52,-0.58,1,0
-5.03,0.64,1,0
11.35,-2.65,0,0
11.24,-3.09,0,0
12.32,-0.55,1,0
17.18,-0.36,1,0
11.56,11.64,1,0
12.75,-5.36,0,0
-3.57,-0.91,0,0
11.06,11.13,1,0
10.75,15.59,0,0
8.66,14.05,0,0
-1.52,10.11,0,0
-2.76,-0.17,0,0
-3.05,1.32,1,0
11.23,11.92,1,0
-3.52,2.88,1,0
11.42,13.85,0,0
11.13,-1.36,0,0
12.3,10.93,1,0
10.99,13.39,0,0
10.37,-3.0,0,0
7.86,-2.18,0,0
-2.94,-1.11,0,0
-2.83,-1.18,0,0
13.04,-0.91,1,0
-1.46,11.61,0,0
9.9,-2.3,0,0
5.68,3.49,0,0
11.78,-2.22,1,0
11.65,-3.07,0,0
8.37,-2.99,0,0
10.49,-3.64,0,0
-3.41,2.14,1,0
-2.2,0.39,0,0
8.18,13.18,0,0
-1.05,10.09,0,0
-1.62,7.8,1,0
-2.68,2.73,1,0
11.27,-2.16,0,0
11.66,-3.39,0,0
8.4,13.52,0,0
12.18,-0.87,0,0
12.12,12.97,0,0
10.8,-1.68,0,0
9.88,11.91,0,0
12.35,-2.97,0,0
-4.26,1.12,1,0
-4.16,-0.23,0,0
10.18,13.68,0,0
-0.78,11.35,0,0
-2.91,11.0,0,0
11.17,14.12,0,0
9.84,-3.25,0,0
-3.72,-1.23,0,0
12.09,13.64,0,0
12.24,-0.57,1,0
10.52,-2.67,0,0
-2.59,8.23,1,0
-3.6,1.59,1,0
-3.39,2.03,1,0
-4.28,11.16,0,0
10.34,-1.68,0,0
8.83,12.73,0,0
-2.89,11.79,0,0
9.02,-2.2,0,0
9.79,12.88,0,0
11.38,12.68,1,0
-3.91,11.13,1,0
9.56,11.95,0,0
8.22,12.71,0,0
9.26,12.4,0,0
-4.25,8.15,1,0
12.81,14.4,0,0
11.64,-1.24,0,0
9.48,13.99,0,0
14.82,9.02,1,0
12.5,11.62,1,0
-3.26,10.54,0,0
-3.32,3.0,1,0
10.2,12.08,0,0
9.72,14.17,0,0
11.97,-0.57,0,0
10.81,10.67,0,0
11.8,-0.83,1,0
7.61,15.51,0,0
-2.68,4.65,1,0
10.61,10.68,1,0
-2.14,0.3,0,0
12.31,9.18,1,0
9.68,12.68,0,0
10.64,-4.28,0,0
9.29,-1.71,0,0
3.88,7.09,0,1
14.81,-0.08,1,0
10.26,12.44,0,0
11.87,-0.36,1,0
10.05,13.85,0,0
12.08,-3.22,0,0
14.3,-2.92,1,0
7.03,-0.4,0,0
12.71,-2.44,1,0
-3.14,-0.46,0,0
-2.03,10.24,0,0
13.2,-3.32,1,0
11.45,11.89,0,0
10.46,11.74,0,0
-3.52,9.68,1,0
10.36,-2.34,0,0
-1.87,11.39,0,0
-2.43,0.13,0,0
14.24,8.87,1,0
8.65,13.33,0,0
-6.21,2.69,1,0
12.09,11.8,1,0
8.65,-2.07,0,0
11.72,13.3,0,0
11.01,-2.11,0,0
-3.04,1.33,1,0
11.46,-0.56,1,0
11.91,-1.84,0,0
10.48,-2.1,0,0
6.07,4.18,0,0
10.47,-2.46,0,0
-4.51,-0.25,0,0
11.45,-3.08,0,0
14.67,-1.26,1,0
8.69,-1.92,0,0
9.27,-0.82,0,0
14.11,8.22,1,0
-3.63,-1.23,0,0
7.74,11.84,0,0
13.08,-0.98,1,0
11.08,-2.15,0,0
9.03,13.05,0,0
12.71,0.04,0,0
9.92,-3.49,0,0
11.46,-3.05,0,0
15.0,12.66,1,0
13.14,11.22,1,0
11.96,12.67,1,0
15.64,9.29,1,0
7.25,1.41,0,1
12.61,-2.02,1,0
9.96,-4.06,0,0
-2.21,-0.52,0,0
12.01,-2.5,0,0
8.75,14.63,0,0
9.07,-2.67,0,0
-4.38,1.71,1,0
12.83,-2.2,0,0
8.74,12.51,0,0
10.24,-3.5,0,0
-2.59,3.66,1,0
16.68,0.09,1,0
9.81,12.02,0,0
-4.23,1.38,1,0
-4.53,0.38,1,0
11.38,12.66,1,0
9.44,13.22,0,0
11.76,-3.76,0,0
-0.44,11.78,0,0
9.81,-2.97,0,0
12.24,0.06,1,0
12.04,-1.11,0,0
-2.17,0.83,1,0
-0.51,-1.67,0,0
-2.61,2.14,1,0
10.35,13.67,0,0
9.43,12.85,0,0
14.06,-1.49,1,0
13.08,-2.95,1,0
9.35,12.61,0,0
5.41,4.03,0,0
10.09,13.31,0,0
11.39,-0.58,1,0
9.52,-2.2,0,0
-2.85,1.25,0,0
11.15,-3.44,0,0
11.42,-1.56,1,0
-4.16,-0.13,0,0
8.45,-2.68,0,0
-3.72,2.16,1,0
11.4,1.66,1,0
9.49,13.41,0,0
-1.38,-1.01,0,0
10.94,-1.6,0,0
14.4,-1.8,1,0
10.51,-1.79,0,0
10.69,-1.68,0,0
9.29,12.88,0,0
11.05,13.33,0,0
-0.54,9.91,1,0
13.33,9.03,1,0
-5.89,0.11,1,0
-3.27,3.57,1,0
-4.68,4.67,1,0
10.24,13.82,0,0
-2.92,4.63,1,0
11.97,10.94,1,0
11.92,-0.95,0,0
12.21,9.42,1,0
-3.74,-1.26,0,0
9.19,12.32,0,0
12.88,10.62,1,0
12.27,-0.86,1,0
9.24,-2.64,0,0
-3.09,10.59,1,0
11.1,-1.7,0,0
14.5,-1.19,1,0
11.73,-3.0,0,0
-4.28,3.2,1,0
-3.34,10.17,1,0
-2.6,11.0,0,0
12.83,-0.18,1,0
-5.54,2.04,1,0
-3.67,9.83,0,0
0.29,9.82,0,0
12.01,-2.06,1,0
14.27,-1.75,1,0
-2.73,0.51,0,0
11.64,-0.91,1,0
14.35,-1.18,1,0
8.2,-1.7,0,0
-3.56,9.37,0,0
14.0,-2.26,1,0
10.43,-0.32,1,0
13.29,0.27,1,0
-0.72,10.58,0,0
12.17,12.7,1,0
10.79,-0.01,0,0
10.14,11.32,1,0
10.7,10.41,1,0
11.5,-3.24,1,0
14.55,-3.38,0,0
11.66,-3.17,0,0
12.19,-2.84,0,0
11.23,-3.17,0,0
10.38,14.43,0,0
10.01,-1.89,0,0
11.15,-1.57,0,0
15.8,-0.51,1,0
9.43,13.64,0,0
8.91,-2.06,0,0
9.74,-2.17,0,0
11.85,-2.75,1,0
10.8,15.12,0,0
-3.05,9.11,1,0
-3.85,-1.01,0,0
11.24,12.21,0,0
9.41,-4.62,0,0
11.86,13.94,0,0
10.55,-1.9,0,0
-3.09,0.57,0,0
16.06,8.31,1,0
-2.02,9.72,1,0
9.72,13.03,0,0
9.46,13.06,0,0
-2.51,1.12,1,0
10.13,-1.8,0,0
14.9,-0.07,1,0
12.84,-2.2,0,0
10.54,-1.86,0,0
10.29,10.83,0,0
-2.73,1.42,1,0
11.2,-2.63,0,0
9.73,-2.44,0,0
10.82,8.9,1,0
10.38,-1.93,0,0
10.19,-4.18,0,0
-5.37,0.31,1,0
12.68,-2.69,0,0
8.78,12.9,0,0
-3.92,1.61,1,0
8.34,12.28,0,0
-0.02,9.22,1,0
-1.65,9.48,0,0
12.07,-3.37,0,0
-2.23,-0.02,0,0
13.14,14.56,1,0
11.06,15.99,0,0
11.51,-3.34,0,0
-0.33,10.6,0,0
10.17,12.02,0,0
-4.35,0.65,0,0
8.23,-2.06,0,0
-3.34,3.37,1,0
9.72,12.24,0,0
10.02,-2.66,0,0
10.04,-1.91,0,0
11.65,-0.98,0,0
10.11,-2.47,0,0
-1.45,10.55,0,0
9.92,-2.9,0,0
0.06,8.68,1,0
8.93,14.23,0,0
10.38,-2.6,0,0
10.79,-0.65,0,0
8.12,13.88,0,0
-4.74,0.6,1,0
13.08,-1.4,1,0
8.6,12.63,0,0
13.84,-3.11,1,0
9.03,13.16,0,0
13.83,12.44,1,0
10.39,13.55,0,0
9.46,-3.0,0,0
10.08,-2.53,0,0
-1.37,12.18,0,0
10.87,-3.95,0,0
9.24,13.45,0,0
8.23,1.04,0,0
12.18,-0.93,1,0
-4.35,-0.16,0,0
12.96,-1.37,1,0
11.95,-3.86,0,0
9.83,-2.83,0,0
10.19,14.67,0,0
-1.71,8.79,0,0
10.63,11.82,0,0
13.36,11.81,1,0
10.83,-2.41,0,0
-2.1,1.24,1,0
9.09,-2.69,0,0
12.55,-2.81,0,0
12.82,-2.66,1,0
8.95,-3.98,0,0
-3.89,-0.66,0,0
10.54,-1.85,0,0
10.66,14.44,0,0
8.26,-3.58,0,0
-4.58,0.94,1,0
-5.79,0.63,1,0
5.85,5.76,0,0
11.2,-1.11,0,0
11.69,-2.17,0,0
-1.79,-1.43,0,0
10.75,-5.67,0,0
13.87,11.63,1,0
14.89,7.7,1,0
9.29,15.69,0,0
16.74,8.49,1,0
12.3,-3.23,1,0
-3.57,-0.3,0,0
-5.38,0.48,0,0
-4.83,8.34,1,0
-2.92,-0.02,0,0
11.03,-3.13,0,0
16.79,1.53,1,0
11.21,13.4,0,0
13.35,-1.87,1,0
9.35,13.89,0,0
9.87,-1.37,0,0
15.45,9.54,1,0
-3.3,10.32,0,0
11.0,-3.58,0,0
9.02,12.85,0,0
-4.26,4.7,1,0
10.66,-4.09,0,0
10.36,-2.87,0,0
12.78,11.69,1,0
11.06,-1.61,0,0
2.23,4.79,0,0
-3.74,-0.43,0,0
-3.8,0.51,0,0
12.1,-1.91,1,0
9.05,-3.13,0,0
14.82,9.75,1,0
10.81,11.27,0,0
11.43,13.57,0,0
10.98,-4.84,0,0
9.4,13.76,0,0
-3.17,9.18,1,0
11.29,-1.28,0,0
12.18,-1.43,1,0
-1.44,9.1,1,0
11.79,-4.82,0,0
12.23,-3.15,1,0
-3.09,1.01,1,0
10.76,11.52,1,0
-3.5,2.55,1,0
10.35,12.65,0,0
9.29,-2.33,0,0
9.1,14.82,0,0
13.35,-3.08,1,0
-3.09,-1.65,0,0
8.85,12.5,0,0
10.18,11.68,0,0
9.26,-1.93,0,0
-4.44,2.11,1,0
11.49,12.49,0,0
10.36,13.93,0,0
10.75,-3.22,0,0
10.47,-2.51,0,0
10.65,-3.09,0,0
8.64,-3.16,0,0
9.89,-2.86,0,0
14.37,-1.36,1,0
12.38,13.42,0,0
9.49,-1.17,0,0
-1.98,9.45,0,0
11.15,12.59,0,0
8.31,11.82,0,0
12.32,-2.1,1,0
12.14,-3.73,0,0
11.13,-0.38,0,0
13.36,1.7,1,0
9.26,12.93,0,0
12.93,-0.62,1,0
14.33,-0.46,1,0
-1.49,7.99,1,0
10.92,13.93,0,0
6.55,4.63,0,0
-2.01,1.05,0,0
12.06,-1.71,0,0
-3.68,0.54,0,0
8.47,13.42,0,0
12.37,-2.49,0,0
12.92,9.7,1,0
9.34,-2.48,0,0
15.83,-0.77,1,0
14.17,-1.29,1,0
10.7,-1.08,1,0
-0.09,11.03,1,0
11.93,-1.39,0,0
11.39,-2.96,0,0
9.99,-4.14,0,0
11.65,-3.34,0,0
8.89,13.39,0,0
11.73,-3.12,0,0
-1.5,10.1,0,0
14.53,-1.89,1,0
17.02,10.68,1,0
13.07,-2.03,1,0
9.1,12.24,0,0
-3.75,10.49,0,0
11.71,10.36,1,0
12.08,-0.91,1,0
10.37,13.72,0,0
-3.98,0.26,0,0
10.12,12.55,0,0
11.41,-1.9,0,0
-4.45,1.27,1,0
8.62,-1.91,0,0
7.25,13.32,0,0
7.69,12.89,0,0
13.6,-2.28,1,0
12.62,-3.7,0,0
12.13,-0.84,1,0
-2.32,2.18,1,0
9.46,12.22,0,0
-2.83,2.45,1,0
17.15,9.23,1,0
-4.0,0.02,0,0
-4.3,-0.21,0,0
9.71,-2.41,0,0
10.72,13.33,0,0
-0.78,10.7,0,0
12.97,-1.6,1,0
10.71,-2.02,0,0
12.47,-4.15,0,0
16.51,1.41,1,0
13.69,-1.79,1,0
11.8,-2.83,0,0
8.81,13.77,0,0
-4.33,0.58,1,0
13.25,-2.07,1,0
-3.73,-1.19,0,0
-2.73,8.0,1,0
-3.85,6.41,1,0
-3.87,1.62,1,0
13.78,9.0,1,0
8.39,13.01,0,0
-3.2,11.38,0,0
11.09,14.91,0,0
9.79,-3.06,0,0
12.15,-3.97,1,0
12.98,-2.09,1,0
12.81,-1.14,1,0
-2.87,7.91,1,0
-3.42,9.72,1,0
13.65,0.32,1,0
12.06,-2.46,0,0
-3.37,9.64,0,0
9.35,-2.21,0,0
-1.46,10.54,0,0
-4.98,-0.56,0,0
0.35,3.81,0,0
10.83,-1.04,0,0
9.96,13.72,0,0
-3.22,3.12,1,0
12.63,-0.16,1,0
11.96,-3.77,0,0
9.57,13.03,0,0
10.43,13.87,0,0
7.04,13.92,0,0
12.77,-2.36,1,0
-3.42,10.24,0,0
12.28,9.84,1,0
-2.61,1.85,1,0
9.11,12.8,0,0
10.84,-3.59,0,0
8.21,-2.22,0,0
13.87,-0.56,1,0
11.73,-3.5,1,0
12.11,-4.76,1,0
11.18,12.46,0,0
10.03,-1.0,0,0
-2.9,-0.81,0,0
-1.99,10.13,0,0
-2.11,11.09,0,0
11.25,-3.02,0,0
12.97,-0.51,1,0
12.15,11.78,1,0
10.8,-3.17,0,0
12.21,-1.03,0,0
10.35,-1.83,0,0
-2.51,-1.47,0,0
12.75,-0.44,1,0
10.23,-3.54,0,0
11.89,-3.78,1,0
13.43,-3.65,1,0
11.65,-2.78,0,0
4.79,4.99,0,0
11.46,12.62,0,0
12.74,2.37,1,0
10.88,13.77,0,0
-2.73,2.01,1,0
-6.49,3.61,1,0
10.05,10.66,0,0
10.64,12.13,0,0
-1.35,-0.72,0,0
10.67,13.2,0,0
-1.75,9.3,1,0
15.63,-0.12,1,0
11.99,-1.1,0,0
5.31,20.79,0,1
-3.84,10.04,1,0
8.79,0.42,0,0
-3.12,0.3,1,0
11.13,-0.81,0,0
-3.51,7.74,1,0
10.54,-1.78,0,0
9.08,12.68,0,0
10.65,11.75,0,0
15.39,-1.63,1,0
8.48,13.29,0,0
-3.41,0.64,1,0
9.45,14.96,0,0
8.97,-2.46,0,0
1.97,3.67,0,0
-2.82,9.79,0,0
-1.95,11.04,0,0
11.02,13.48,0,0
-2.38,-0.22,0,0
15.22,-0.39,1,0
11.02,7.58,1,0
10.87,13.09,0,0
10.19,14.28,0,0
14.14,-1.36,1,0
12.28,0.1,1,0
-2.73,0.3,0,0
10.48,-1.73,0,0
14.26,12.91,1,0
10.36,-3.38,0,0
-4.04,9.26,1,0
12.48,0.15,1,0
10.17,12.55,0,0
8.61,-2.48,0,0
-1.96,-0.0,0,0
9.72,11.98,0,0
7.52,14.36,0,0
11.58,9.83,1,0
-2.37,2.45,1,0
9.28,-1.96,0,0
13.7,-3.34,1,0
13.02,11.68,1,0
10.19,9.34,0,0
11.12,-3.17,0,0
12.31,-0.65,1,0
-2.59,11.24,0,0
11.23,-2.93,0,0
8.74,13.75,0,0
-1.77,3.01,1,0
12.16,-0.31,0,0
10.67,-4.64,0,0
9.77,15.13,0,0
10.83,-1.59,0,0
-4.35,9.48,1,0
-2.29,12.94,0,0
11.68,-4.97,0,0
-1.54,9.95,0,0
-5.12,-1.68,0,0
13.53,-3.34,1,0
-5.75,4.06,1,0
11.97,-3.1,0,0
-2.31,-0.02,0,0
10.9,13.91,0,0
8.66,-2.91,0,0
10.52,-0.9,1,0
1.32,3.25,0,0
-3.9,-0.37,0,0
10.94,-2.38,0,0
13.35,-1.9,1,0
-2.15,0.18,0,0
10.7,14.44,0,0
14.05,12.52,1,0
8.94,12.55,0,0
9.11,-3.31,0,0
-2.86,4.07,1,0
9.54,12.48,0,0
12.91,13.57,1,0
11.1,12.06,1,0
13.02,11.67,1,0
-1.87,9.52,0,0
-5.26,1.8,1,0
9.36,-2.67,0,0
-2.7,8.43,1,0
11.62,10.28,1,0
-2.21,-0.8,0,0
-3.23,9.46,1,0
11.44,-1.75,0,0
14.18,14.15,1,0
10.3,-0.9,0,0
13.15,-0.08,1,0
10.64,-1.73,0,0
11.42,11.04,1,0
-2.67,1.47,1,0
10.2,-0.03,1,0
-4.0,-0.8,0,0
10.94,-2.15,0,0
11.73,-0.14,1,0
-7.17,3.23,1,0
10.27,-1.46,0,0
-3.88,-0.62,0,0
-3.81,4.12,1,0
10.5,12.58,0,0
11.35,-0.99,0,0
-2.83,0.16,0,0
-1.83,9.42,1,0
-0.96,0.53,1,0
14.12,-4.84,1,0
14.36,-2.84,1,0
-3.56,10.5,0,0
9.37,13.4,0,0
-3.36,0.38,0,0
10.78,-1.69,0,0
-6.38,3.92,1,0
15.42,9.8,1,0
11.35,-1.57,1,0
12.48,-3.31,1,0
12.1,-0.78,0,0
14.29,-0.21,1,0
8.98,13.56,0,0
10.55,-1.59,0,0
11.57,11.33,1,0
12.31,-0.23,1,0
10.06,-3.44,0,0
-1.04,9.9,0,0
11.47,-2.01,0,0
-2.46,11.22,0,0
14.52,-0.1,1,0
-1.66,10.91,0,0
8.72,13.32,0,0
12.05,-0.74,0,0
11.92,13.59,0,0
-1.97,12.86,0,0
-4.05,-0.44,0,0
-1.58,9.36,1,0
-3.47,7.49,1,0
-2.12,1.88,1,0
11.23,-2.22,0,0
10.24,13.99,0,0
11.47,-0.4,1,0
10.45,13.43,0,0
12.68,-2.41,0,0
11.89,-1.55,0,0
12.98,-4.21,1,0
-1.66,10.19,0,0
-1.82,9.68,1,0
11.13,13.4,0,0
-3.1,8.61,1,0
10.98,-2.29,0,0
10.61,14.38,0,0
-2.88,0.53,0,0
-2.24,0.07,0,0
12.25,-4.19,1,0
10.2,-3.84,0,0
12.89,14.29,1,0
-2.16,-0.43,0,0
10.24,-2.24,0,0
11.21,-0.67,0,0
16.23,0.39,1,0
-5.07,0.99,1,0
9.33,13.19,0,0
11.53,-1.31,1,0
11.61,13.28,0,0
8.78,12.58,0,0
9.23,-2.65,0,0
13.8,-1.78,1,0
9.94,15.89,0,0
10.25,13.43,0,0
12.96,-4.16,1,0
9.79,13.52,0,0
-2.01,10.3,0,0
-2.72,-1.85,0,0
9.32,-2.52,0,0
13.46,-1.48,1,0
9.53,11.91,0,0
8.39,12.77,0,0
13.24,-2.15,1,0
-1.04,9.47,1,0
5.5,3.92,0,0
11.49,-4.36,0,0
12.93,-0.95,1,0
10.27,13.82,0,0
11.01,-3.73,0,0
10.74,-1.7,0,0
9.75,14.19,0,0
12.2,-2.36,0,0
13.58,-0.52,1,0
-4.45,0.83,1,0
-5.21,10.45,0,0
8.53,-1.97,0,0
10.3,-2.02,0,0
8.82,-2.69,0,0
-1.51,0.64,1,0
10.84,11.87,0,0
12.55,10.83,1,0
11.65,9.95,1,0
12.7,-1.01,1,0
11.93,-2.29,1,0
-5.96,0.18,1,0
13.41,-1.9,1,0
10.08,12.66,0,0
-3.04,0.54,0,0
13.96,-3.18,1,0
10.57,-1.53,0,0
12.31,13.09,1,0
11.75,14.17,0,0
9.23,-2.53,0,0
12.14,-2.85,1,0
11.6,-2.2,0,0
11.88,-0.93,0,0
9.7,-2.18,0,0
13.63,10.64,1,0
12.08,10.61,1,0
9.27,-4.22,0,0
13.24,-2.05,1,0
-2.55,7.73,1,0
-2.34,-0.83,0,0
12.15,-2.47,1,0
9.83,12.02,0,0
7.34,-2.37,0,0
10.85,13.5,0,0
7.61,2.57,0,1
-3.51,0.88,1,0
11.37,-2.25,1,0
-3.29,5.08,1,0
7.55,-2.03,0,0
-2.2,-0.88,0,0
9.88,-2.39,0,0
5.1,3.05,0,0
9.49,12.52,0,0
9.22,10.99,0,0
-3.03,-4.05,0,1
9.24,10.68,1,0
14.21,0.7,1,0
-3.2,7.19,1,0
10.47,-1.82,0,0
8.26,14.03,0,0
-0.45,8.17,1,0
11.56,-3.02,0,0
15.51,-0.36,1,0
-5.2,1.71,1,0
11.11,-3.84,0,0
9.86,-2.33,0,0
-3.97,1.47,1,0
11.87,-0.91,0,0
12.58,-1.94,0,0
10.46,10.44,1,0
12.22,-1.24,1,0
12.65,-2.18,0,0
10.94,-1.48,0,0
11.03,12.96,0,0
-4.56,8.48,0,0
11.67,12.26,0,0
-3.9,-1.11,0,0
10.57,11.75,0,0
-3.04,9.82,1,0
9.35,11.6,0,0
12.66,10.23,1,0
11.14,13.27,0,0
11.79,-2.78,0,0
-2.9,11.45,0,0
11.23,-3.12,0,0
-1.43,7.13,1,0
11.85,11.69,1,0
12.25,-3.58,0,0
-2.35,1.86,1,0
-2.97,10.88,0,0
12.38,-0.82,1,0
-3.97,10.06,0,0
8.54,-2.63,0,0
12.76,-2.61,1,0
13.02,10.82,1,0
-2.46,2.03,1,0
-3.74,0.38,1,0
12.0,14.49,0,0
9.23,-2.98,0,0
12.97,-3.25,1,0
7.39,-3.47,0,0
10.25,14.46,0,0
-4.49,1.41,0,0
-3.84,0.35,0,0
-3.35,8.25,1,0
-4.42,1.78,1,0
-3.0,-0.54,0,0
11.68,-1.91,0,0
10.01,-4.77,0,0
-2.34,0.9,1,0
-5.12,5.02,1,0
12.55,-2.75,0,0
-2.69,6.92,1,0
9.3,-2.29,0,0
12.25,-1.42,1,0
9.17,-2.84,0,0
11.8,14.9,0,0
-2.12,-0.76,0,0
12.78,-0.98,1,0
11.7,12.61,0,0
-3.14,2.33,1,0
-3.26,1.53,1,0
9.87,-0.33,0,0
11.44,-3.67,0,0
9.98,-1.76,0,0
-3.82,1.66,1,0
9.41,-1.85,0,0
-3.05,-3.79,0,1
-4.5,2.36,1,0
8.64,13.88,0,0
-3.83,1.01,1,0
-2.21,7.29,1,0
9.65,-3.2,0,0
12.92,-0.64,1,0
9.09,-1.98,0,0
13.23,9.72,1,0
11.34,13.75,0,0
-1.39,9.5,0,0
13.64,11.6,1,0
-3.22,10.17,0,0
-2.78,0.35,0,0
7.21,5.88,0,0
12.11,13.74,1,0
-4.26,2.29,1,0
9.57,10.5,0,0
9.66,-2.28,0,0
-1.25,9.94,0,0
-0.93,6.7,1,0
-1.93,8.46,1,0
10.92,0.37,0,0
10.66,-1.89,0,0
13.01,-0.07,1,0
9.94,15.66,0,0
12.24,-1.01,0,0
11.4,-3.38,0,0
11.32,-0.78,1,0
10.16,-1.38,0,0
12.35,-1.45,0,0
-2.58,-1.04,0,0
12.7,-2.62,0,0
9.72,-2.87,0,0
12.68,-1.36,1,0
11.12,12.68,0,0
14.65,-1.53,1,0
8.91,13.24,0,0
11.43,-2.78,0,0
-4.29,3.53,1,0
10.32,-1.0,1,0
4.89,4.37,0,0
-3.72,10.62,0,0
-2.61,0.75,0,0
11.2,13.29,0,0
-2.37,-0.72,0,0
14.59,0.31,1,0
10.18,-2.8,0,0
10.9,11.85,1,0
10.9,11.93,0,0
7.29,12.4,0,0
11.21,10.05,1,0
11.6,-2.89,0,0
12.72,-1.79,1,0
-2.38,0.28,0,0
-4.35,3.8,1,0
13.04,-0.27,1,0
12.71,12.22,1,0
12.98,13.92,1,0
10.38,-2.06,0,0
10.87,13.31,0,0
-1.75,9.56,0,0
9.92,-0.93,0,0
13.9,-2.85,1,0
9.5,-1.76,0,0
8.82,13.14,0,0
12.73,-4.87,1,0
11.63,13.26,0,0
13.12,13.62,0,0
16.22,-0.06,1,0
9.44,12.91,0,0
13.01,-2.03,1,0
13.68,-3.29,1,0
11.73,-1.64,1,0
10.28,-1.07,0,0
-2.35,10.77,0,0
10.49,-1.66,0,0
-0.32,-1.74,1,0
-2.22,-0.85,0,0
11.83,-0.67,1,0
9.68,15.23,0,0
14.61,10.08,1,0
-4.9,9.46,0,0
10.96,-1.93,0,0
14.08,8.58,1,0
-3.98,-0.58,0,0
11.86,-2.52,0,0
10.94,14.25,0,0
10.44,-1.68,0,0
11.07,11.9,0,0
10.79,13.81,0,0
-5.52,1.39,1,0
12.94,10.55,1,0
10.8,13.93,0,0
11.99,13.07,1,0
10.46,-3.01,0,0
-2.56,1.83,1,0
14.16,12.92,1,0
10.66,-3.15,0,0
-4.4,-1.09,0,0
-2.63,1.14,1,0
13.21,-2.52,1,0
9.66,-2.54,0,0
11.65,-3.43,0,0
13.67,-0.55,1,0
9.77,13.61,0,0
12.1,-3.82,0,0
14.6,-2.52,1,0
-2.22,9.95,0,0
10.33,-1.6,0,0
15.68,-1.26,1,0
7.92,-3.17,0,0
-4.86,1.78,1,0
12.09,-4.37,0,0
13.09,-2.66,0,0
12.31,10.93,1,0
-3.93,10.34,0,0
10.63,-2.52,0,0
13.31,12.07,1,0
10.65,-3.62,0,0
10.13,9.76,0,0
13.11,-0.56,1,0
-2.66,9.88,0,0
11.44,-3.47,0,0
10.09,12.59,0,0
12.35,13.19,1,0
-3.36,7.13,1,0
12.24,-1.52,0,0
10.38,13.52,0,0
14.67,-3.1,1,0
10.58,13.36,0,0
4.99,4.15,0,0
10.97,-2.57,0,0
10.85,-3.31,0,0
10.68,-2.15,0,0
12.03,10.99,1,0
10.17,-3.34,0,0
12.07,12.59,1,0
9.56,-2.91,0,0
2.06,4.08,0,0
-3.17,10.08,1,0
12.17,-2.46,1,0
-0.48,3.47,0,0
10.9,11.45,0,0
7.52,13.31,0,0
9.92,-1.65,0,0
11.6,-1.43,0,0
13.21,-2.63,0,0
9.45,9.28,0,0
-2.55,0.88,0,0
12.65,-0.76,1,0
9.0,-1.25,0,0
-2.96,0.87,0,0
10.88,-1.38,0,0
12.42,-0.85,0,0
-3.4,7.67,1,0
13.15,-2.38,1,0
-3.1,11.54,0,0
11.36,-4.07,0,0
-3.63,-1.84,0,0
11.51,10.42,1,0
11.96,-2.86,0,0
11.8,-2.58,0,0
11.55,-2.5,0,0
10.44,14.87,0,0
10.99,-1.64,0,0
-4.08,-0.74,0,0
11.45,-2.0,0,0
11.34,-2.42,0,0
-2.46,9.49,0,0
12.92,-3.04,1,0
12.18,-0.76,1,0
12.58,-2.42,0,0
-3.72,0.41,0,0
10.62,13.22,0,0
9.56,-4.9,0,0
11.21,11.09,1,0
7.1,12.32,0,0
12.43,-1.57,1,0
13.12,11.57,1,0
10.51,-1.37,0,0
5.18,4.39,0,0
10.14,12.76,0,0
10.81,13.52,0,0
-1.41,9.27,1,0
9.66,-4.61,0,0
11.01,-2.88,0,0
10.55,13.51,0,0
9.92,-3.37,0,0
-3.63,1.01,1,0
11.24,-1.51,0,0
12.44,13.51,0,0
-3.32,0.23,0,0
10.23,11.62,0,0
-0.97,8.66,1,0
-2.66,9.84,1,0
8.27,12.09,0,0
10.71,-2.08,0,0
11.93,11.81,0,0
9.29,12.72,0,0
-2.74,0.18,0,0
12.41,13.03,1,0
8.85,-3.29,0,0
-1.82,-1.12,0,0
13.69,-5.71,0,0
-3.04,2.15,1,0
11.16,-3.01,0,0
13.07,-2.64,1,0
-2.15,8.48,1,0
10.11,14.85,0,0
-3.85,4.55,1,0
-4.31,11.47,0,0
14.46,-1.96,1,0
6.51,6.67,0,0
10.14,-1.11,0,0
-3.06,2.28,1,0
-3.23,5.29,1,0
-0.81,8.34,1,0
12.64,-1.93,0,0
-3.6,0.97,1,0
12.28,11.47,0,0
9.94,14.13,0,0
-2.93,12.78,0,0
9.52,-1.6,0,0
-4.57,-2.94,0,0
15.87,9.72,1,0
9.98,-3.91,0,0
11.41,-3.06,0,0
9.4,-2.4,0,0
-1.6,8.95,1,0
-1.61,9.77,0,0
-4.46,-0.2,0,0
8.97,12.58,0,0
12.27,10.65,1,0
14.25,0.57,1,0
16.04,8.62,1,0
9.34,12.18,0,0
10.01,-3.44,0,0
-4.14,1.84,1,0
10.76,14.63,0,0
11.73,-0.42,0,0
13.2,-2.09,1,0
9.74,12.82,0,0
9.15,-2.15,0,0
10.49,-1.51,0,0
11.89,-3.21,0,0
-6.32,8.11,1,1
11.93,-1.45,0,0
11.89,-3.19,0,0
-3.82,-0.95,0,0
10.08,12.55,0,0
14.86,9.81,1,0
14.07,8.28,1,0
13.11,-1.54,1,0
9.77,13.74,0,0
10.87,-1.13,0,0
13.58,-0.33,1,0
10.47,-3.62,0,0
-3.13,10.85,0,0
12.3,11.69,1,0
10.23,12.5,0,0
11.95,10.97,1,0
11.53,-1.08,1,0
10.27,12.36,0,0
-2.96,9.31,1,0
13.1,-3.12,0,0
11.37,-1.44,1,0
10.84,-3.34,0,0
10.52,13.08,0,0
10.16,0.58,1,0
7.79,14.29,0,0
9.76,-2.49,0,0
10.16,14.06,0,0
11.5,-0.17,1,0
-1.83,9.35,0,0
10.56,14.95,0,0
8.54,12.57,0,0
11.91,-1.44,0,0
9.38,-3.21,0,0
13.72,-1.42,1,0
11.59,-2.7,0,0
8.86,12.76,0,0
10.41,-2.39,0,0
10.16,-3.8,0,0
10.32,-4.03,0,0
10.61,14.95,0,0
10.28,14.6,0,0
-3.06,11.61,0,0
12.35,11.7,1,0
8.31,-4.48,0,0
-3.97,0.11,0,0
-3.14,1.44,1,0
0.42,4.39,0,0
10.22,-2.0,0,0
11.7,12.81,0,0
12.7,-0.04,1,0
13.32,-3.0,1,0
12.06,12.08,0,0
15.91,-0.69,1,0
11.31,13.09,0,0
10.62,-2.95,0,0
-4.15,0.12,1,0
-1.31,7.35,1,0
10.62,-1.07,0,0
12.87,9.01,1,0
11.42,-3.58,0,0
15.02,7.92,1,0
9.85,12.92,0,0
12.82,-0.49,1,0
-2.88,-0.93,0,0
9.62,-4.58,0,0
-0.8,12.09,0,0
9.32,13.01,0,0
10.01,11.71,0,0
11.98,-3.13,0,0
11.02,-1.37,0,0
10.61,13.76,0,0
-1.51,1.23,1,0
-4.25,1.88,1,0
12.0,-2.98,1,0
-3.98,0.67,0,0
-2.13,9.68,0,0
11.65,-3.44,0,0
8.67,-2.8,0,0
9.62,-0.74,0,0
13.93,9.54,1,0
-3.98,1.59,1,0
12.76,-0.79,1,0
-4.35,4.01,1,0
9.97,-4.47,0,0
-1.82,9.22,1,0
-4.46,2.87,1,0
13.86,-2.67,1,0
7.39,13.97,0,0
12.61,-5.52,0,0
-3.73,0.35,1,0
13.05,10.89,1,0
-2.38,-0.71,0,0
11.45,13.67,0,0
8.28,-2.25,0,0
8.68,-2.4,0,0
11.55,12.16,1,0
9.13,13.74,0,0
-2.36,10.19,0,0
10.23,14.04,0,0
-4.87,-0.91,0,0
9.44,13.52,0,0
10.33,12.04,0,0
11.25,-1.45,0,0
11.34,-3.01,0,0
10.34,-0.14,1,0
10.66,-1.7,0,0
9.55,11.36,0,0
10.86,-1.39,0,0
10.34,11.52,0,0
-2.92,0.01,0,0
13.78,14.39,0,0
-1.42,0.45,0,0
9.08,11.94,0,0
12.93,-3.78,1,0
11.19,-2.22,0,0
10.17,14.58,0,0
4.76,6.01,0,0
11.47,11.99,0,0
7.51,14.82,0,0
9.02,13.22,0,0
-2.52,-0.4,0,0
11.3,-3.38,0,0
-1.73,10.68,0,0
11.7,13.06,0,0
-2.22,0.3,0,0
11.44,13.31,0,0
10.36,12.45,0,0
13.74,11.72,1,0
10.37,-1.56,0,0
10.55,-2.23,0,0
11.09,13.36,0,0
9.47,12.31,0,0
-3.75,4.14,1,0
11.93,-1.37,0,0
12.75,-1.9,0,0
-3.07,-0.37,0,0
12.8,1.57,1,0
-2.35,4.69,1,0
12.33,12.81,1,0
-2.49,7.99,1,0
9.6,13.78,0,0
12.64,-4.4,1,0
-1.96,7.61,1,0
11.88,-0.99,1,0
14.48,-0.38,1,0
-4.21,5.78,1,0
10.9,-1.06,0,0
8.08,-1.21,0,0
-3.74,10.05,1,0
11.85,-2.71,0,0
-4.39,0.07,0,0
8.47,12.99,0,0
14.08,-3.14,1,0
-6.46,-0.19,0,0
12.12,-2.77,1,0
-1.79,-0.26,0,0
-2.95,9.89,0,0
11.23,-4.93,0,0
11.44,12.22,0,0
11.1,-1.21,0,0
11.66,-3.19,0,0
9.81,11.63,0,0
12.43,-0.59,1,0
10.36,-3.65,0,0
-4.42,3.0,1,0
9.58,11.96,0,0
-1.39,10.95,0,0
14.22,12.06,1,0
13.9,10.62,1,0
12.8,0.03,1,0
-4.43,3.41,1,0
9.24,11.89,0,0
11.04,-3.53,0,0
-4.4,-0.14,0,0
10.92,-2.19,0,0
10.15,13.3,0,0
-2.36,8.45,1,0
11.52,-2.14,0,0
-3.8,2.87,1,0
10.3,11.02,1,0
8.8,14.3,0,0
14.32,-0.54,1,0
10.33,-1.93,0,0
9.39,12.59,0,0
10.34,15.76,0,0
-0.94,9.99,1,0
11.04,10.13,1,0
16.87,0.32,1,0
-2.09,-0.59,0,0
11.54,-1.45,0,0
10.12,11.93,0,0
10.38,-3.01,0,0
11.29,-2.14,0,0
11.35,-3.17,0,0
10.76,-1.52,0,0
12.58,10.75,1,0
-3.58,5.17,1,0
12.63,-2.35,1,0
8.95,-2.85,0,0
-3.09,2.02,1,0
-2.38,-0.41,0,0
8.37,-2.24,0,0
10.24,-2.14,0,0
12.65,10.24,1,0
10.44,10.11,1,0
-3.5,3.3,1,0
-2.5,2.83,1,0
10.48,-3.6,0,0
9.89,-2.94,0,0
-4.37,-0.55,0,0
10.09,13.59,0,0
9.58,14.65,0,0
12.76,-4.21,1,0
10.9,-2.24,0,0
10.98,9.9,1,0
-3.23,11.91,0,0
9.86,-0.76,0,0
-4.18,3.31,1,0
11.5,-1.92,0,0
8.99,12.39,0,0
9.52,-1.59,0,0
16.55,0.18,1,0
11.39,13.01,0,0
8.03,-0.71,0,0
10.7,-3.85,0,0
-5.02,-1.31,0,0
10.03,14.81,0,0
12.01,-1.52,0,0
14.24,0.2,1,0
8.53,11.54,0,0
10.43,-2.18,0,0
10.68,12.37,0,0
9.0,-1.91,0,0
15.89,-0.74,1,0
-2.05,-1.01,0,0
10.84,-2.14,0,0
15.61,8.79,1,0
-3.37,9.85,0,0
-3.63,-0.15,0,0
13.03,-0.86,0,0
9.32,13.18,0,0
-1.65,-1.47,0,0
-2.44,2.01,1,0
-3.46,10.8,0,0
10.15,12.74,0,0
9.37,-3.99,0,0
7.93,-2.12,0,0
-3.95,0.34,0,0
10.28,-4.02,0,0
11.94,11.83,1,0
13.44,9.63,1,0
9.07,-2.88,0,0
10.26,11.77,0,0
11.88,-1.61,1,0
-3.11,2.27,1,0
10.13,-2.27,0,0
9.93,-3.31,0,0
-5.43,1.85,1,0
13.59,-2.24,1,0
12.57,14.16,0,0
-3.45,1.87,1,0
14.39,8.89,1,0
12.37,-3.11,1,0
-4.91,0.62,1,0
10.67,-3.75,0,0
-2.67,-0.66,0,0
10.71,-2.35,0,0
1.97,4.13,0,0
11.91,13.01,1,0
-4.06,0.98,1,0
-4.4,2.06,1,0
8.78,-3.19,0,0
10.02,14.03,0,0
12.84,-1.86,1,0
10.34,12.44,0,0
-2.94,0.45,1,0
-1.78,-0.21,1,0
9.79,13.59,0,0
12.04,12.88,1,0
17.41,1.93,1,0
11.01,-2.81,0,0
-1.8,-1.05,0,0
-5.1,10.96,0,0
0.08,11.11,0,0
11.25,-3.29,0,0
10.07,10.85,1,0
12.04,13.83,1,0
-3.62,10.66,0,0
-2.21,8.78,1,0
-0.77,10.91,0,0
-3.52,1.83,1,0
13.4,15.65,0,0
7.42,-3.5,0,0
11.32,10.6,1,0
-3.3,-0.56,0,0
8.16,-1.89,0,0
10.33,12.84,0,0
12.53,-0.97,1,0
10.19,15.65,0,0
13.78,10.38,1,0
9.03,-2.82,0,0
11.67,13.16,0,0
11.77,11.86,1,0
-1.04,7.55,1,0
8.47,13.13,0,0
-5.24,0.76,1,0
-1.81,10.06,0,0
17.49,0.56,1,0
13.75,-1.45,1,0
12.18,-1.29,0,0
-3.7,2.97,1,0
9.51,-1.48,0,0
-2.47,7.59,1,0
12.06,-1.02,0,0
11.32,-2.01,0,0
-3.33,-2.01,0,0
13.75,-1.35,1,0
-1.5,9.78,0,0
-3.72,-2.43,0,0
9.01,12.73,0,0
-4.75,2.85,1,0
16.68,-0.75,1,0
-0.51,9.68,0,0
8.45,-2.57,0,0
11.06,-2.67,0,0
11.79,-2.66,0,0
10.85,-0.24,0,0
12.03,-2.9,0,0
10.51,15.41,0,0
10.63,-3.85,0,0
12.5,-0.86,1,0
-1.89,-1.6,0,0
8.61,13.29,0,0
11.34,14.39,0,0
-5.21,0.83,1,0
10.98,-3.46,0,0
8.97,-2.64,0,0
11.08,-0.54,0,0
13.77,11.85,1,0
12.27,-0.7,0,0
13.29,-1.85,1,0
10.06,12.72,0,0
-4.01,0.42,0,0
10.33,-1.92,0,0
13.47,-1.84,1,0
-3.97,1.26,1,0
9.99,13.33,0,0
11.15,-3.04,0,0
-5.36,7.63,1,0
12.79,12.2,1,0
9.44,-3.0,0,0
12.5,11.86,1,0
14.93,-2.13,1,0
11.26,-1.61,0,0
13.01,-0.93,1,0
-1.7,0.54,1,0
-3.4,2.04,1,0
10.9,13.84,0,0
11.15,-2.13,0,0
-2.53,0.13,0,0
9.97,12.01,0,0
-5.66,-0.09,1,0
13.08,-2.34,1,0
8.99,12.03,0,0
15.1,-1.23,1,0
-3.74,0.53,1,0
10.52,-0.78,0,0
13.85,11.48,1,0
-0.89,8.96,0,0
-1.4,10.53,1,0
-1.96,-0.02,0,0
10.54,-0.95,0,0
3.64,5.4,0,0
-6.8,3.12,1,0
-2.54,9.69,0,0
10.66,12.62,0,0
-3.68,9.1,1,0
12.07,-2.54,1,0
11.12,0.3,1,0
11.52,13.64,0,0
11.96,9.18,1,0
11.95,13.8,0,0
12.38,-3.53,1,0
11.87,13.42,0,0
-1.58,1.7,1,0
-2.33,-0.47,0,0
-2.14,8.98,1,0
-2.45,-0.65,0,0
8.92,-1.72,0,0
13.82,-2.33,1,0
11.03,-0.6,0,0
11.01,-1.35,0,0
10.28,-0.76,0,0
13.47,-1.06,1,0
14.71,-1.47,1,0
15.11,8.88,1,0
8.99,-3.98,0,0
-3.11,0.05,0,0
-3.82,10.75,0,0
13.04,-0.92,1,0
-1.98,-1.89,0,0
10.76,-2.2,0,0
-4.47,1.36,1,0
10.75,14.29,0,0
11.27,13.01,0,0
14.91,-0.36,1,0
11.02,-1.33,0,0
-4.24,-0.54,0,0
9.9,12.84,0,0
10.62,-1.68,0,0
-0.91,10.33,1,0
15.2,11.77,1,0
12.75,-2.48,1,0
10.11,-3.52,0,0
-4.1,1.37,0,0
-1.58,6.36,1,0
11.54,-1.28,0,0
9.82,11.22,0,0
13.58,-0.46,1,0
11.53,11.85,1,0
11.86,-1.63,0,0
9.7,-1.68,0,0
-4.94,2.95,1,0
11.4,-1.26,0,0
11.92,-2.98,0,0
10.02,15.35,0,0
12.51,11.15,1,0
11.96,-2.59,0,0
10.67,-1.53,0,0
-0.49,9.27,1,0
6.78,6.77,0,0
9.16,-2.87,0,0
11.27,14.67,0,0
-2.0,1.31,1,0
13.33,-1.2,1,0
11.76,-3.11,0,0
10.64,-3.18,0,0
13.16,-2.07,1,0
9.09,13.91,0,0
11.45,15.09,0,0
14.07,-1.62,1,0
11.47,-3.05,0,0
9.78,-2.34,0,0
12.11,13.3,1,0
10.27,14.95,0,0
-3.14,10.62,0,0
-3.74,8.79,0,0
11.41,-1.77,0,0
-4.23,0.52,0,0
-1.71,6.26,1,0
-4.54,-0.05,1,0
9.41,-1.75,0,0
13.18,10.28,1,0
-1.88,8.68,1,0
11.65,-0.65,1,0
12.36,-2.42,0,0
12.84,-1.38,0,0
10.08,11.43,0,0
9.85,11.35,0,0
13.57,-1.74,1,0
8.84,16.16,0,0
12.54,-1.4,1,0
9.38,12.48,0,0
12.16,-1.16,0,0
10.83,-4.19,0,0
13.76,14.09,1,0
10.44,14.48,0,0
13.16,-1.68,1,0
14.28,-2.77,1,0
-3.98,3.02,1,0
-3.68,2.98,1,0
11.16,-3.38,0,0
11.22,-3.43,0,0
8.95,-2.47,0,0
9.66,-3.08,0,0
12.66,9.21,1,0
-4.93,11.7,0,0
9.51,14.15,0,0
9.35,-3.31,0,0
10.88,-3.05,0,0
12.87,-2.51,1,0
7.99,12.07,0,0
14.25,0.36,1,0
10.2,10.92,1,0
11.2,-3.97,0,0
-2.56,9.1,1,0
9.81,14.01,0,0
12.38,-0.98,1,0
13.94,10.15,1,0
-2.87,11.02,0,0
10.13,-3.22,0,0
12.11,14.05,0,0
8.21,-2.98,0,0
-3.77,8.86,1,0
10.34,-3.27,0,0
10.89,-4.23,0,0
-3.87,0.3,0,0
14.51,-0.07,1,0
11.44,12.9,0,0
13.77,-0.55,1,0
11.26,-3.42,0,0
9.44,12.55,0,0
14.64,-1.24,1,0
-2.61,0.16,0,0
-4.7,0.92,1,0
11.24,10.79,1,0
-4.17,11.42,0,0
8.77,-3.97,0,0
9.7,-2.22,0,0
11.17,-1.38,0,0
12.73,-1.57,0,0
11.89,13.38,0,0
9.76,-1.44,0,0
-2.6,9.64,1,0
-2.73,1.47,1,0
11.4,12.71,0,0
10.76,-2.31,0,0
12.98,-2.75,1,0
13.03,15.91,0,0
11.81,-3.14,1,0
-3.08,9.64,0,0
-1.89,-1.38,0,0
8.49,-2.17,0,0
10.63,12.46,0,0
-3.36,-0.63,0,0
10.17,-1.56,0,0
10.02,-1.44,0,0
8.43,13.83,0,0
13.18,-0.83,1,0
-4.16,-0.6,0,0
-3.3,5.45,1,0
10.48,-2.62,0,0
-0.54,1.27,1,0
10.87,-1.11,0,0
-3.24,1.69,1,0
-1.51,10.34,0,0
9.28,15.48,0,0
-2.48,11.16,0,0
9.66,13.53,0,0
-5.11,2.13,1,0
8.95,-1.58,0,0
10.57,13.34,0,0
12.27,-2.24,0,0
10.02,-1.2,0,0
11.27,-0.52,1,0
11.9,-2.53,0,0
10.6,12.59,0,0
12.79,0.23,1,0
-1.93,10.54,0,0
-3.85,0.19,0,0
10.97,-2.75,0,0
-3.16,11.68,0,0
10.73,-0.45,0,0
9.01,11.19,0,0
13.21,-2.43,1,0
12.02,-3.02,0,0
13.35,11.41,1,0
10.99,-1.59,0,0
-2.69,11.54,0,0
11.89,-3.05,0,0
-2.68,7.14,1,0
8.27,-1.25,0,0
11.97,-1.66,0,0
11.37,-1.01,0,0
14.2,-0.4,1,0
11.23,-1.48,0,0
-1.26,10.32,0,0
-2.61,0.45,1,0
13.66,0.81,1,0
10.94,-0.88,1,0
-3.52,2.69,1,0
10.64,13.24,0,0
-4.18,-0.17,0,0
-2.41,5.36,1,0
-3.92,10.89,0,0
10.63,12.4,0,0
10.74,-3.44,0,0
10.89,-1.77,0,0
8.9,-1.26,0,0
9.17,-2.48,0,0
-3.33,2.53,1,0
13.9,-1.57,1,0
11.73,-0.85,1,0
9.45,13.82,0,0
9.22,-2.36,0,0
-2.4,-0.94,0,0
10.62,-2.47,0,0
-0.27,-2.0,0,0
-4.42,0.59,1,0
9.99,12.9,0,0
10.52,-1.19,0,0
-5.22,10.01,0,0
11.67,11.59,1,0
10.88,12.13,0,0
11.11,14.29,0,0
5.51,4.99,0,0
12.45,1.33,1,0
11.65,10.08,1,0
-2.02,12.39,0,0
-1.53,9.7,1,0
9.16,12.98,0,0
11.22,11.75,0,0
-4.85,0.74,1,0
10.07,11.99,0,0
-6.12,9.35,1,1
-3.89,-1.24,0,0
11.1,-3.77,0,0
10.18,13.5,0,0
11.27,-1.51,0,0
-2.02,0.69,0,0
12.6,-2.68,0,0
-2.09,1.09,1,0
7.87,13.86,0,0
11.08,12.56,0,0
11.0,11.69,0,0
10.51,-0.98,0,0
16.13,11.99,1,0
13.62,-1.53,1,0
-3.19,0.29,0,0
-2.26,1.82,1,0
-3.41,9.78,1,0
14.38,-0.08,1,0
10.65,-1.76,0,0
11.37,-5.0,0,0
3.66,2.67,0,0
11.15,-3.18,0,0
-1.08,0.0,0,0
9.06,12.82,0,0
9.68,11.46,1,0
9.59,10.62,1,0
9.89,14.13,0,0
9.6,12.76,0,0
-1.94,-0.98,0,0
11.15,-2.8,0,0
-3.12,0.46,0,0
-3.93,10.56,0,0
8.89,13.55,0,0
-2.48,-1.26,0,0
-3.9,1.36,1,0
8.75,-3.01,0,0
-3.94,10.75,0,0
9.75,-2.06,0,0
10.71,-3.25,0,0
10.3,-0.87,0,0
12.3,-0.9,0,0
10.37,10.3,1,0
10.05,-2.31,0,0
9.49,12.65,0,0
8.99,-2.98,0,0
1.76,4.26,0,0
11.08,16.05,0,0
10.76,13.16,0,0
8.59,-3.44,0,0
10.54,-2.35,0,0
11.41,-1.35,1,0
12.76,-2.27,0,0
9.33,-2.69,0,0
12.45,-1.61,1,0
-4.29,0.11,0,0
9.76,-1.45,0,0
-2.04,8.22,1,0
14.64,-1.12,1,0
-2.67,10.38,0,0
14.6,-0.98,1,0
9.23,13.31,0,0
-6.39,1.74,1,0
-3.5,0.95,1,0
10.8,-2.45,0,0
-2.75,0.05,0,0
-4.67,-1.3,0,0
-1.25,9.74,0,0
-2.87,9.85,0,0
-3.62,0.61,0,0
10.43,-2.26,0,0
9.93,-2.75,0,0
12.39,-3.37,1,0
-3.3,2.07,1,0
-4.23,4.11,1,0
10.66,-1.36,0,0
12.64,-0.42,1,0
11.01,-3.85,0,0
7.76,-3.01,0,0
12.67,12.03,1,0
13.22,-0.17,1,0
-1.39,0.3,0,0
-3.23,8.77,1,0
8.85,13.11,0,0
16.75,10.02,1,0
-4.4,1.98,1,0
11.49,-1.84,0,0
10.94,-3.91,0,0
9.82,11.22,0,0
8.41,14.27,0,0
-3.96,0.46,0,0
10.33,-3.65,0,0
10.08,16.21,0,0
10.76,-1.48,0,0
9.5,12.24,0,0
-1.0,9.4,1,0
-0.45,9.53,1,0
1.08,2.53,0,0
-2.51,0.29,1,0
9.32,-2.46,0,0
13.56,8.56,1,0
8.84,-3.35,0,0
10.01,13.85,0,0
10.31,13.14,0,0
-3.36,-1.1,0,0
-2.47,10.07,0,0
10.82,-0.32,0,0
10.44,14.45,0,0
9.98,-1.41,0,0
-4.14,0.72,1,0
9.47,-2.02,0,0
-3.21,11.66,0,0
13.7,-2.57,1,0
10.33,-4.11,0,0
12.29,-2.55,0,0
10.4,-2.01,0,0
12.94,-3.22,1,0
12.08,-2.92,1,0
-3.25,1.59,1,0
12.0,12.23,1,0
11.79,-1.66,0,0
-1.6,10.14,0,0
8.83,11.44,0,0
-5.21,-0.36,1,0
10.09,12.96,0,0
11.08,-2.46,0,0
-0.74,1.35,0,0
9.39,-2.49,0,0
-2.99,2.71,1,0
-2.61,-0.52,0,0
8.65,-2.34,0,0
-0.96,9.71,1,0
13.89,-1.63,1,0
-2.82,-0.18,0,0
8.73,-3.3,0,0
-2.64,-1.4,0,0
-2.47,0.42,0,0
10.6,-1.59,0,0
10.42,12.67,0,0
12.56,-2.03,0,0
11.52,-2.87,0,0
11.4,-2.94,0,0
-3.97,-0.68,0,0
10.49,12.25,0,0
10.18,-4.4,0,0
11.16,12.19,1,0
13.81,-0.09,1,0
-4.21,1.97,1,0
9.24,12.35,0,0
15.18,-1.58,1,0
10.99,-0.44,1,0
12.36,-0.27,0,0
10.44,-3.56,0,0
12.35,-4.11,0,0
-3.44,7.0,1,0
11.8,-3.51,0,0
-4.21,0.84,1,0
-3.8,-0.28,0,0
16.19,-0.39,1,0
12.37,-1.23,1,0
9.5,-2.93,0,0
-3.88,0.64,1,0
-3.43,10.25,0,0
9.03,-2.37,0,0
11.28,12.54,1,0
13.1,-3.56,1,0
11.34,-3.01,0,0
12.52,-2.02,1,0
11.14,12.41,0,0
-4.2,0.32,1,0
-3.46,8.8,1,0
10.42,14.85,0,0
10.67,9.62,0,0
12.07,9.36,1,0
11.19,-0.93,1,0
-3.5,11.21,0,0
-4.58,0.77,0,0
11.55,13.67,0,0
9.31,-4.08,0,0
10.09,0.26,0,0
12.04,13.6,1,0
10.57,13.45,0,0
13.09,-0.18,1,0
12.77,-0.65,1,0
11.41,-3.04,0,0
13.6,-2.09,1,0
-1.83,8.52,1,0
2.98,2.48,0,1
10.59,-4.73,0,0
11.24,14.49,0,0
-3.39,11.01,0,0
12.48,8.82,1,0
12.83,-1.28,1,0
11.3,-3.28,0,0
-2.54,1.89,1,0
-2.13,-1.22,0,0
-2.83,9.33,1,0
6.93,13.42,0,0
-2.02,-0.27,0,0
10.75,13.96,0,0
10.06,-1.25,0,0
12.39,-2.25,0,0
-3.5,2.64,1,0
10.74,-1.76,0,0
13.02,12.91,1,0
8.8,13.31,0,0
10.38,-2.35,0,0
11.14,-3.03,0,0
10.56,-1.87,0,0
9.43,12.04,0,0
9.71,-3.01,0,0
10.94,-4.6,0,0
8.48,13.0,0,0
11.57,-2.03,0,0
9.85,12.78,0,0
10.04,-1.77,0,0
-2.38,-0.88,0,0
-2.44,3.61,1,0
11.09,-1.92,0,0
7.49,14.14,0,0
16.42,9.11,1,0
10.86,-2.98,0,0
-3.18,-0.02,0,0
-4.07,0.0,0,0
10.61,-3.52,0,0
11.63,12.28,1,0
12.78,-4.13,1,0
14.89,-2.53,1,0
8.18,-2.27,0,0
-1.53,8.48,1,0
-2.34,0.24,1,0
13.68,0.01,1,0
16.04,-1.54,1,0
10.62,10.28,1,0
9.13,-2.48,0,0
14.69,-0.65,1,0
14.4,0.01,1,0
10.87,-2.24,0,0
14.98,0.64,1,0
11.46,13.76,0,0
10.76,12.49,0,0
-2.71,1.26,1,0
-2.33,-0.42,0,0
12.73,-4.41,1,0
-2.89,-1.07,0,0
10.83,0.02,0,0
12.32,-3.84,0,0
-1.6,9.81,0,0
7.42,-3.51,0,0
11.59,11.64,1,0
10.38,13.99,0,0
8.0,13.86,0,0
9.59,-1.58,0,0
10.69,1.16,1,0
-2.64,-1.09,0,0
13.59,-1.68,1,0
-2.98,-0.36,0,0
9.95,14.19,0,0
-1.25,9.12,1,0
11.58,-0.49,1,0
-5.32,0.86,1,0
11.4,13.27,0,0
-2.1,7.82,1,0
12.69,-1.75,1,0
10.83,-2.37,0,0
16.38,-0.63,1,0
14.46,-1.97,1,0
-0.32,7.25,1,0
10.58,-0.82,0,0
-2.86,9.69,1,0
10.5,12.45,0,0
11.89,-3.01,0,0
10.8,11.26,0,0
11.43,12.78,0,0
10.28,-3.95,0,0
-2.45,11.48,0,0
10.74,-3.68,0,0
8.15,13.44,0,0
11.52,11.47,1,0
-1.58,10.08,0,0
-2.44,0.17,0,0
-4.34,10.17,0,0
13.38,-2.18,1,0
14.26,-0.42,1,0
-4.27,0.06,1,0
12.64,0.08,1,0
9.83,11.08,0,0
-2.29,-0.09,0,0
13.0,-4.86,1,0
-1.44,10.98,0,0
13.88,12.85,1,0
-4.22,9.17,1,0
8.85,12.53,0,0
-3.11,10.16,0,0
-2.29,8.14,1,0
1.34,4.86,0,0
14.04,0.35,1,0
11.12,14.52,0,0
11.95,-2.88,0,0
9.08,14.15,0,0
11.01,-2.42,1,0
10.51,15.03,0,0
12.17,15.33,0,0
9.82,13.27,0,0
16.46,8.39,1,0
-3.68,9.91,1,0
11.32,13.18,0,0
-3.64,11.33,0,0
8.52,14.08,0,0
-0.89,10.0,1,0
10.26,-0.49,0,0
-1.67,8.58,1,0
-3.0,-1.78,0,0
-0.48,9.89,1,0
-2.73,-1.08,0,0
-2.59,11.54,0,0
11.94,11.31,1,0
-4.05,-0.09,0,0
13.72,11.18,1,0
11.27,-1.45,0,0
-1.84,-1.48,0,0
-3.6,-0.42,0,0
6.14,4.53,0,0
14.68,-1.96,1,0
12.36,-1.04,1,0
11.41,-1.41,0,0
10.92,13.54,0,0
-4.39,-0.02,0,0
9.74,12.05,0,0
9.23,13.41,0,0
11.3,-2.37,0,0
12.39,-0.57,1,0
12.43,-2.83,1,0
9.87,11.63,0,0
9.45,14.74,0,0
-2.24,-2.05,0,0
-0.78,9.51,0,0
1.73,5.07,0,0
12.41,-1.34,0,0
10.05,14.23,0,0
7.96,-1.63,0,0
-1.82,9.97,0,0
-4.08,2.65,1,0
9.87,13.21,0,0
13.85,-0.55,1,0
12.52,-2.94,0,0
-3.26,10.11,1,0
12.6,-2.07,1,0
10.88,14.96,0,0
9.67,-1.81,0,0
-1.02,10.99,0,0
10.1,14.22,0,0
10.53,11.68,0,0
9.91,-0.3,0,0
11.26,-3.48,0,0
8.69,10.53,0,0
8.82,-3.75,0,0
-3.45,10.76,0,0
-3.16,11.52,0,0
-5.03,8.48,1,0
10.78,-1.88,0,0
12.13,-3.02,1,0
-4.96,3.43,1,0
9.52,-2.66,0,0
10.33,-3.2,0,0
12.77,-0.07,1,0
13.53,-1.86,1,0
11.38,-2.23,0,0
5.55,7.02,0,0
-1.24,0.59,0,0
-3.01,1.73,1,0
12.28,0.53,1,0
-1.77,11.36,0,0
-1.98,8.35,1,0
-3.57,2.53,1,0
9.08,-1.96,0,0
12.88,-0.48,1,0
9.81,-2.05,0,0
-2.52,13.01,1,0
10.06,-2.5,0,0
10.76,-2.36,0,0
9.89,12.79,0,0
-0.55,9.43,0,0
11.26,-1.97,0,0
12.46,-1.84,1,0
8.72,14.02,0,0
9.18,-2.98,0,0
-2.48,0.42,1,0
12.49,10.74,1,0
12.39,11.54,1,0
10.85,-2.36,0,0
-4.26,-0.11,0,0
11.67,11.08,0,0
7.81,-0.37,0,0
11.45,12.68,0,0
8.17,-2.25,0,0
4.13,3.07,0,0
11.56,-0.02,1,0
11.4,11.48,1,0
9.69,12.82,0,0
11.04,-2.52,0,0
8.56,-1.57,0,0
-5.32,0.46,1,0
11.96,-0.92,0,0
9.77,10.71,0,0
-2.56,0.0,0,0
14.56,12.21,1,0
-2.82,8.11,1,0
9.91,11.48,1,0
8.5,13.06,0,0
12.03,-0.89,0,0
9.91,-2.31,0,0
10.8,-1.5,0,0
-4.65,1.78,1,0
13.52,2.89,1,0
-0.13,8.98,1,0
-4.16,1.82,1,0
12.48,-3.13,0,0
9.91,9.61,0,0
-2.33,11.03,0,0
-1.06,11.46,0,0
11.44,13.31,0,0
12.54,10.79,1,0
-1.26,10.56,1,0
-3.0,1.5,1,0
9.79,-2.13,0,0
7.85,-2.63,0,0
12.32,-1.22,0,0
11.02,-2.33,0,0
10.45,-4.26,0,0
10.58,-2.61,0,0
11.97,11.31,1,0
-4.13,0.43,1,0
10.17,-3.82,0,0
-3.56,10.01,0,0
12.01,13.46,1,0
14.65,-0.81,1,0
-4.09,12.69,0,0
12.35,-0.58,1,0
9.33,11.46,0,0
-5.94,1.7,1,0
9.45,-2.36,0,0
10.01,13.98,0,0
10.62,-2.89,0,0
11.86,-1.24,0,0
-3.18,-1.65,0,0
-3.94,11.47,0,0
12.36,-0.76,1,0
-3.17,2.82,1,0
-0.62,9.07,1,0
-2.19,0.04,0,0
10.5,15.66,0,0
10.09,-2.88,0,0
13.37,-2.84,1,0
-2.06,7.74,1,0
-0.34,10.2,0,0
-2.49,1.05,1,0
12.08,13.37,1,0
8.77,0.45,0,0
11.5,12.59,1,0
13.44,12.97,1,0
-4.06,11.93,0,0
-4.86,11.71,0,0
9.34,12.49,0,0
12.6,-2.68,0,0
10.83,14.11,0,0
-3.87,0.08,0,0
9.67,-2.58,0,0
10.32,14.69,0,0
9.73,15.44,0,0
10.27,12.01,0,0
-4.04,1.01,0,0
-2.0,-0.84,0,0
-4.43,-0.19,0,0
-4.76,0.14,0,0
12.83,-0.85,1,0
9.83,13.4,0,0
9.82,-3.93,0,0
10.33,11.29,0,0
11.69,-1.08,0,0
11.73,13.3,0,0
10.31,14.34,0,0
10.98,14.53,0,0
11.35,10.88,1,0
12.3,-0.49,1,0
-3.03,3.37,1,0
-0.01,3.51,0,0
-2.55,9.5,0,0
11.43,12.44,0,0
10.88,9.09,1,0
7.27,-3.63,0,0
12.61,-0.88,1,0
0.07,9.87,0,0
12.05,-0.35,1,0
9.4,-4.31,0,0
14.56,10.03,1,0
9.08,-2.65,0,0
11.64,-4.38,0,0
9.58,13.24,0,0
-2.49,-1.84,0,0
-2.77,10.03,0,0
-2.01,0.09,0,0
9.64,-2.25,0,0
11.43,-2.13,0,0
10.58,11.8,0,0
-3.3,10.8,0,0
-4.5,3.98,1,0
16.13,-0.61,1,0
10.5,-1.85,0,0
-2.84,9.13,0,0
9.74,-0.57,0,0
8.04,-0.5,0,0
12.16,-2.59,0,0
11.97,13.69,1,0
10.13,-4.08,0,0
12.36,-2.89,1,0
10.38,-1.79,0,0
9.88,-1.61,0,0
14.22,10.46,1,0
-3.13,-1.37,0,0
9.95,14.23,0,0
11.52,-0.7,0,0
11.35,-0.0,1,0
12.54,-1.23,1,0
5.58,3.65,0,0
10.83,1.21,1,0
-3.26,-1.13,0,0
-5.09,3.13,1,0
9.82,-2.8,0,0
11.32,-3.62,0,0
10.49,-1.72,0,0
10.45,13.67,0,0
-3.89,-0.75,0,0
12.13,-2.65,0,0
14.56,9.34,1,0
10.07,-4.74,0,0
-4.05,0.58,0,0
10.97,-0.87,1,0
13.13,8.34,1,0
8.22,13.4,0,0
9.54,12.02,0,0
10.81,11.41,0,0
11.03,-1.26,0,0
-4.48,0.46,1,0
12.39,-2.52,0,0
10.4,10.9,0,0
10.9,-3.19,0,0
11.29,-1.02,1,0
10.08,-2.65,0,0
9.75,13.11,0,0
8.94,-2.04,0,0
8.9,-2.13,0,0
9.67,-2.3,0,0
-3.07,1.96,0,0
7.36,14.74,0,0
12.3,14.03,1,0
10.11,14.19,0,0
11.03,13.12,0,0
10.8,-1.09,0,0
11.07,12.77,0,0
8.43,-1.79,0,0
-3.18,2.45,1,0
-3.49,8.25,1,0
10.54,13.8,0,0
10.98,-3.73,0,0
8.64,-3.61,0,0
14.24,-1.99,1,0
10.73,-1.78,0,0
10.31,-3.66,0,0
8.34,-1.81,0,0
10.03,-4.33,0,0
12.7,-2.74,1,0
10.81,-1.02,0,0
11.48,14.07,0,0
11.77,-1.76,0,0
-1.43,9.03,1,0
12.35,-0.68,1,0
-3.36,-1.09,0,0
11.59,-3.11,0,0
12.32,-0.44,0,0
10.05,-0.96,0,0
10.09,-1.46,0,0
-2.98,0.07,0,0
13.09,-4.12,1,0
10.73,-3.7,0,0
9.38,12.45,0,0
8.95,-3.2,0,0
-4.89,3.02,1,0
11.77,10.5,1,0
-4.67,0.98,1,0
9.51,10.5,0,0
8.87,-2.39,0,0
11.32,13.01,0,0
13.67,0.06,1,0
11.43,13.51,0,0
9.18,14.16,0,0
-4.03,9.53,0,0
-2.83,0.11,0,0
11.75,-1.29,0,0
11.29,13.12,0,0
11.63,12.48,0,0
10.68,-2.2,0,0
9.94,12.67,0,0
13.11,11.64,1,0
-2.95,0.36,0,0
12.58,-3.49,1,0
10.92,10.61,1,0
14.78,-0.01,1,0
9.32,11.29,0,0
8.86,13.84,0,0
-1.98,1.87,1,0
10.76,-1.51,0,0
-3.01,11.13,0,0
13.01,13.82,0,0
10.21,-3.44,0,0
-3.56,7.1,1,0
-1.41,10.17,0,0
-3.54,10.07,0,0
12.59,-1.29,0,0
7.63,-1.15,0,0
-4.61,-0.01,1,0
8.05,14.45,0,0
-2.41,-0.47,0,0
11.29,-1.57,0,0
0.62,6.29,0,0
12.63,-0.64,1,0
9.14,13.02,0,0
8.51,-2.06,0,0
-3.5,2.72,1,0
11.37,12.64,0,0
12.22,9.35,1,0
-6.2,0.26,1,0
8.84,3.79,0,1
11.86,-0.54,0,0
11.02,-3.35,0,0
15.88,-1.12,1,0
9.13,9.91,0,0
9.59,-4.37,0,0
11.24,9.87,1,0
11.38,-2.16,0,0
-3.68,4.49,1,0
9.24,-2.92,0,0
-4.28,1.91,1,0
9.69,13.29,0,0
-2.88,4.96,1,0
11.7,10.54,1,0
10.12,12.15,0,0
10.03,11.85,0,0
12.42,-0.26,1,0
10.63,13.13,0,0
5.67,6.73,0,0
14.6,10.96,1,0
9.71,11.44,0,0
-3.85,-0.06,0,0
8.85,14.5,0,0
-5.07,1.65,1,0
10.31,-3.31,0,0
11.81,-1.52,0,0
12.41,13.35,1,0
13.7,8.79,1,0
-3.95,11.71,1,0
10.97,12.19,0,0
9.58,11.47,0,0
13.08,-4.12,1,0
-3.66,6.55,1,0
11.23,14.66,0,0
8.82,-4.86,0,0
-3.78,1.99,1,0
14.54,0.63,1,0
11.4,12.11,0,0
-3.66,0.79,0,0
-1.4,9.76,1,0
-3.05,10.58,0,0
13.05,-1.14,1,0
10.02,-1.52,0,0
12.93,11.12,1,0
-3.16,-1.08,0,0
13.17,1.8,1,0
11.31,1.01,1,0
-2.68,10.64,0,0
-1.76,8.65,1,0
9.19,13.31,0,0
-2.98,9.08,1,0
8.53,12.45,0,0
15.59,1.18,1,0
-3.54,2.51,1,0
-2.42,11.82,0,0
12.78,-2.39,1,0
15.25,-0.77,1,0
-3.85,10.79,0,0
10.37,-0.95,0,0
-4.59,-0.5,1,0
11.78,11.39,1,0
12.16,-0.7,0,0
-4.4,2.03,1,0
11.38,-1.73,0,0
9.48,-1.97,0,0
11.9,11.72,0,0
10.96,-1.55,0,0
7.76,14.6,0,0
11.02,-1.94,0,0
13.31,-1.76,1,0
11.27,11.38,0,0
-4.36,2.19,1,0
12.28,-1.4,0,0
11.79,-4.74,0,0
-2.12,11.47,0,0
-3.15,-0.67,0,0
9.65,-3.1,0,0
9.11,13.06,0,0
10.08,14.23,0,0
12.96,13.44,1,0
10.51,-1.8,0,0
-3.98,8.76,1,0
10.76,-0.34,0,0
11.44,13.11,1,0
12.77,12.71,1,0
11.45,13.08,1,0
7.26,-2.84,0,0
10.91,-4.59,0,0
10.7,12.2,0,0
-1.83,10.07,0,0
11.29,13.13,0,0
-4.33,1.79,1,0
11.12,11.33,0,0
9.77,-1.86,0,0
-3.21,0.73,0,0
14.88,0.18,1,0
12.86,-2.43,1,0
11.22,-2.91,0,0
-3.42,10.5,0,0
13.08,-3.04,1,0
-4.4,2.33,1,0
-4.1,-1.23,0,0
8.45,-2.39,0,0
10.82,-1.37,0,0
-2.43,0.31,0,0
10.41,12.68,0,0
-2.52,2.86,1,0
12.67,-1.81,1,0
-4.17,0.57,1,0
10.01,12.79,0,0
10.69,-1.37,0,0
10.04,13.48,0,0
10.55,13.04,0,0
13.09,0.25,1,0
-2.87,10.52,0,0
11.08,-2.22,0,0
11.46,-3.38,0,0
13.3,-2.13,1,0
10.08,-1.34,0,0
9.09,-2.19,0,0
-4.18,3.03,1,0
-2.4,2.2,1,0
10.11,-2.1,0,0
9.36,-2.93,0,0
14.03,-0.43,1,0
9.45,13.2,0,0
11.45,10.55,0,0
15.03,-0.47,1,0
-2.32,0.09,0,0
8.75,-2.69,0,0
11.04,-2.04,0,0
11.25,-1.84,0,0
10.94,-1.21,0,0
-4.14,1.87,1,0
-3.19,10.16,0,0
11.92,-3.19,0,0
-4.17,0.13,0,0
-2.2,-0.69,0,0
10.63,-1.56,0,0
10.47,13.75,0,0
8.37,13.86,0,0
-4.24,-1.14,0,0
-3.01,0.73,0,0
11.04,-1.11,0,0
9.55,-2.95,0,0
-3.49,-1.09,0,0
11.24,-3.21,0,0
-2.9,10.9,0,0
10.26,-0.4,1,0
14.74,-0.32,1,0
11.82,-3.48,0,0
10.04,-1.29,0,0
10.05,-3.64,0,0
9.48,-2.85,0,0
11.76,-2.72,0,0
11.34,12.2,0,0
-2.85,11.19,0,0
11.05,14.21,0,0
12.44,-1.27,0,0
10.91,14.4,0,0
-2.83,-0.18,0,0
9.3,-2.2,0,0
13.15,-2.26,1,0
10.87,-3.17,0,0
8.22,12.39,0,0
11.44,-3.03,0,0
-2.71,-0.34,0,0
11.12,13.57,0,0
-1.09,8.73,0,0
10.46,14.76,0,0
-4.59,4.24,1,0
8.56,-1.84,0,0
13.0,-2.18,1,0
11.44,13.07,0,0
10.69,-2.16,0,0
-1.54,9.21,1,0
13.33,-1.26,1,0
13.93,0.52,1,0
-2.12,2.81,1,0
9.55,12.45,0,0
-1.73,10.54,0,0
12.85,0.97,1,0
10.9,8.8,1,0
-3.87,-0.49,0,0
10.42,12.88,0,0
12.14,15.59,0,0
-4.39,12.26,0,0
11.04,13.78,0,0
14.31,6.1,1,1
-3.45,4.48,1,0
-1.34,7.6,1,0
-3.11,1.76,1,0
10.8,13.26,0,0
12.21,0.23,1,0
-4.0,8.19,1,0
9.74,13.81,0,0
11.83,-3.62,0,0
10.88,-0.14,1,0
15.17,2.35,1,0
13.52,13.12,1,0
10.82,0.92,1,0
11.18,10.0,0,0
14.39,-1.44,1,0
10.75,-3.39,0,0
11.59,-1.04,0,0
9.89,-1.3,0,0
12.56,9.65,1,0
-4.88,4.15,1,0
7.21,13.45,0,0
13.1,-1.95,1,0
11.72,-1.78,0,0
10.21,-1.85,0,0
11.27,13.01,0,0
10.83,-3.45,0,0
13.13,12.48,1,0
-4.17,3.1,1,0
10.48,-4.03,0,0
11.36,-2.08,0,0
10.63,-2.57,0,0
-1.57,9.0,1,0
11.8,-0.96,0,0
10.93,-4.29,0,0
-3.45,-0.32,0,0
9.22,12.88,0,0
-3.99,10.13,0,0
10.83,-3.28,0,0
12.95,-1.68,1,0
10.55,10.12,1,0
11.1,-2.53,0,0
9.94,11.83,0,0
16.63,-0.44,1,0
12.59,-1.64,0,0
12.28,-1.72,0,0
-3.36,1.94,1,0
12.74,-2.58,1,0
10.68,-1.64,0,0
-2.64,8.52,1,0
10.26,13.73,0,0
9.73,-3.12,0,0
-2.75,2.24,1,0
-1.42,8.62,1,0
13.24,-2.29,1,0
15.95,-0.86,1,0
-3.75,0.58,1,0
16.75,-0.6,1,0
11.85,-2.04,0,0
12.49,10.76,1,0
1.44,11.6,0,1
9.34,12.28,0,0
16.9,-0.22,1,0
13.33,9.17,1,0
-1.6,10.36,0,0
13.94,7.79,1,0
10.56,-2.08,0,0
13.78,-0.95,1,0
9.38,12.85,0,0
12.14,-0.96,1,0
-2.99,9.12,1,0
-3.81,10.2,0,0
-3.5,2.05,1,0
-2.81,3.77,1,0
11.86,-2.54,0,0
13.4,-3.51,1,0
9.65,12.69,0,0
5.48,4.47,0,0
12.24,-2.32,1,0
-0.88,9.94,1,0
10.46,-4.27,0,0
-1.88,1.27,0,0
9.69,-1.07,0,0
9.67,-1.58,0,0
11.8,-1.52,0,0
12.64,-2.87,0,0
9.17,11.3,0,0
10.34,-2.26,0,0
10.17,12.85,0,0
9.37,-2.48,0,0
12.82,-1.95,0,0
13.99,-0.81,1,0
-3.89,1.42,1,0
11.8,-1.95,0,0
11.4,10.97,1,0
-3.09,9.77,0,0
10.67,15.24,0,0
11.4,-2.16,0,0
13.78,-2.5,1,0
-1.46,11.7,0,0
10.77,11.2,0,0
-4.25,11.09,0,0
-2.16,0.87,0,0
11.14,-2.02,0,0
-3.73,1.22,1,0
7.46,-2.74,0,0
-3.81,0.56,0,0
8.94,11.86,0,0
10.21,13.61,0,0
9.54,13.12,0,0
12.49,12.12,1,0
-2.29,1.78,1,0
10.19,11.78,0,0
9.32,-1.01,0,0
11.33,12.64,0,0
-2.18,7.81,1,0
11.57,-5.12,0,0
11.41,-0.96,1,0
-3.29,-0.03,1,0
12.56,-2.63,0,0
-4.66,-0.9,0,0
11.86,-3.07,0,0
10.1,12.09,0,0
-1.83,-1.01,0,0
9.76,-3.02,0,0
11.96,-0.6,1,0
-3.08,7.29,1,0
11.24,14.19,0,0
-4.39,0.45,1,0
10.26,-2.41,0,0
9.17,-2.59,0,0
10.5,-3.76,0,0
9.63,-3.32,0,0
9.38,12.73,0,0
11.01,12.6,0,0
11.51,0.48,1,0
12.85,14.36,0,0
-3.42,-0.73,0,0
-2.77,-0.9,0,0
-1.67,2.81,1,0
9.79,10.57,0,0
14.74,8.88,1,0
11.55,-2.53,0,0
8.43,-2.15,0,0
3.98,2.76,0,0
10.47,-4.24,0,0
10.6,-3.6,0,0
11.22,-3.41,0,0
-2.77,2.84,1,0
12.29,-3.29,0,0
-0.62,10.0,1,0
-4.27,3.36,1,0
13.75,-0.28,1,0
-2.88,3.77,1,0
-1.74,10.67,0,0
15.29,8.75,1,0
9.87,-3.05,0,0
10.28,10.3,1,0
15.13,-0.59,1,0
12.37,-0.29,1,0
-3.57,1.5,1,0
11.3,12.97,0,0
10.55,-1.71,0,0
-3.12,10.97,0,0
-4.46,2.2,1,0
-3.99,0.45,0,0
11.74,12.89,0,0
11.44,14.98,0,0
-3.88,9.89,1,0
10.54,11.59,0,0
12.76,12.36,1,0
11.12,-1.41,0,0
13.64,15.8,0,0
-2.88,9.73,1,0
9.68,-1.51,0,0
9.67,13.83,0,0
11.29,-0.8,0,0
12.6,-1.7,1,0
11.2,0.11,0,0
14.14,-1.55,1,0
12.7,0.04,1,0
7.37,13.13,0,0
10.53,-3.25,0,0
-2.0,10.88,0,0
14.57,11.1,1,0
13.42,-2.21,1,0
9.31,-3.19,0,0
14.05,0.48,1,0
11.42,9.15,1,0
9.81,10.97,0,0
9.87,-3.22,0,0
-1.68,3.27,1,0
11.11,-2.39,0,0
-3.58,3.04,1,0
12.0,-2.73,0,0
-3.33,1.13,1,0
12.66,-0.75,1,0
9.55,-2.37,0,0
10.42,-2.49,0,0
9.46,13.19,0,0
11.06,13.23,0,0
9.28,-2.29,0,0
-3.25,1.78,1,0
9.31,11.52,0,0
5.08,3.49,0,0
10.58,-1.21,0,0
8.5,12.07,0,0
11.31,-4.36,0,0
8.58,13.65,0,0
-2.64,9.15,1,0
12.29,-2.38,0,0
-5.33,10.39,0,0
9.17,-1.5,0,0
10.77,-3.42,0,0
13.62,-2.29,1,0
12.06,-1.62,1,0
12.17,-3.5,0,0
-0.67,9.56,0,0
-3.33,10.63,0,0
9.31,14.6,0,0
10.34,-1.82,0,0
9.64,13.02,0,0
-4.51,0.9,1,0
-3.32,-0.51,0,0
-1.97,0.7,0,0
9.45,-2.49,0,0
-4.19,0.44,0,0
9.69,12.61,0,0
9.19,12.65,0,0
15.02,0.42,1,0
11.41,10.66,1,0
-5.22,4.99,1,0
10.34,14.95,0,0
10.88,-1.73,0,0
13.49,-1.95,1,0
9.42,12.98,0,0
12.52,1.88,1,0
13.58,-3.93,1,0
13.29,-2.36,1,0
9.55,11.02,0,0
13.52,-5.47,1,0
11.94,-0.93,0,0
-2.82,11.18,0,0
11.46,0.12,0,0
9.14,-3.0,0,0
14.57,0.26,1,0
14.37,0.36,1,0
10.8,-1.1,0,0
-1.62,11.1,0,0
10.11,0.22,0,0
10.72,-3.59,0,0
-1.44,10.63,0,0
-4.11,-0.43,1,0
7.99,-3.22,0,0
-1.19,-0.7,0,0
10.48,-4.43,0,0
9.32,-2.36,0,0
12.35,-5.01,0,0
10.17,-3.86,0,0
-2.85,0.16,0,0
11.21,-2.97,0,0
-1.52,10.06,0,0
11.15,-3.88,0,0
13.08,-0.1,1,0
-1.03,9.62,1,0
-2.63,8.65,1,0
13.25,-3.03,1,0
-1.59,10.27,0,0
9.93,-1.24,0,0
16.56,-1.31,1,0
10.11,-1.72,0,0
-2.83,-1.95,0,0
10.96,14.61,0,0
12.47,-1.19,1,0
11.2,-1.23,0,0
-1.98,9.65,0,0
9.35,11.7,0,0
-5.23,-0.82,0,0
12.44,12.36,1,0
9.22,13.09,0,0
10.17,-3.73,0,0
12.25,8.71,1,0
8.94,12.74,0,0
8.22,12.94,0,0
10.18,-3.39,0,0
16.2,-0.45,1,0
-3.34,0.69,0,0
10.95,-3.61,0,0
9.99,-2.91,0,0
10.55,-2.48,0,0
10.83,11.36,0,0
9.77,12.31,0,0
9.77,12.58,0,0
-1.1,10.47,0,0
12.27,-1.01,0,0
-1.38,11.11,0,0
11.87,-3.19,0,0
12.78,-2.75,1,0
10.73,11.35,1,0
11.21,-2.5,0,0
8.9,12.68,0,0
-3.37,-1.24,0,0
-2.18,-0.05,1,0
-3.72,-1.36,0,0
-2.35,-0.92,0,0
-3.14,7.24,1,0
11.95,-3.24,0,0
-3.88,1.35,1,0
10.73,11.22,0,0
-2.61,10.84,0,0
12.39,-1.92,1,0
11.5,-1.15,0,0
13.56,-3.37,1,0
-3.19,2.11,1,0
10.95,13.43,0,0
-3.35,-1.08,0,0
10.32,13.47,0,0
8.9,13.35,0,0
9.29,11.3,0,0
12.38,14.32,0,0
15.61,0.57,1,0
10.68,0.77,1,0
14.38,-1.7,1,0
-0.04,5.28,1,0
13.18,0.96,0,0
12.24,-1.67,0,0
9.71,-2.05,0,0
-6.42,0.69,1,0
10.38,-2.41,0,0
-2.35,1.22,1,0
-1.08,9.82,1,0
11.67,-2.7,0,0
-3.03,8.96,0,0
13.05,1.63,1,0
9.4,-2.87,0,0
-2.1,-0.81,0,0
11.84,-2.68,0,0
9.92,12.14,0,0
12.34,-1.47,1,0
11.85,12.0,1,0
10.5,12.67,0,0
9.49,13.49,0,0
-3.35,-1.2,0,0
10.19,-3.63,0,0
11.24,13.48,0,0
8.88,12.83,0,0
12.02,-3.75,0,0
12.29,-3.08,1,0
12.21,-1.01,1,0
4.52,4.09,0,0
13.44,-1.2,1,0
11.32,13.2,0,0
11.97,-2.61,0,0
10.72,11.75,0,0
9.91,13.93,0,0
-4.36,0.23,0,0
3.13,4.37,0,0
10.92,-2.03,0,0
-2.94,1.92,1,0
1.78,3.03,0,0
-2.84,6.12,1,0
9.28,13.05,0,0
9.73,-1.24,0,0
9.58,-3.99,0,0
12.33,9.84,1,0
7.93,-2.52,0,0
9.45,13.21,0,0
10.36,13.8,0,0
13.55,-0.44,1,0
10.49,13.63,0,0
9.64,11.73,0,0
10.19,14.41,0,0
12.9,-0.72,1,0
-4.19,1.03,0,0
9.68,13.11,0,0
-3.74,0.24,0,0
11.7,-4.49,0,0
-4.1,-0.6,1,0
11.29,-1.68,0,0
-3.89,5.58,1,0
13.41,-1.01,1,0
12.93,-0.46,1,0
-3.53,11.22,0,0
10.62,-1.37,0,0
14.6,10.34,1,0
9.02,-2.86,0,0
14.28,12.24,1,0
10.48,-3.66,0,0
7.94,12.98,0,0
9.1,11.93,0,0
-3.15,9.76,0,0
13.29,-1.82,1,0
11.25,-1.0,1,0
9.64,13.37,0,0
9.52,11.4,0,0
15.3,-0.1,1,0
10.51,-1.66,0,0
13.88,2.79,1,0
-2.63,1.28,1,0
-1.88,3.59,1,0
18.59,-0.8,1,1
9.47,10.97,0,0
14.7,-0.95,1,0
10.32,-3.6,0,0
10.37,15.82,0,0
11.94,-5.02,0,0
-2.47,10.0,0,0
9.12,13.14,0,0
10.22,-1.99,0,0
12.45,-0.62,0,0
11.92,-2.78,0,0
12.0,-2.64,0,0
9.35,-2.23,0,0
8.24,-3.01,0,0
13.3,-0.33,1,0
9.92,-2.07,0,0
10.32,-1.49,0,0
13.93,-0.1,1,0
-4.78,4.46,1,0
9.65,12.45,0,0
10.46,-0.76,1,0
13.3,-0.42,1,0
10.92,-2.38,0,0
12.04,-0.77,0,0
-3.91,9.58,0,0
12.16,-1.68,0,0
8.05,14.07,0,0
-2.57,2.39,1,0
-2.4,10.81,0,0
10.37,-2.16,0,0
14.1,-0.47,1,0
-3.55,9.26,1,0
12.81,11.53,1,0
8.41,-2.85,0,0
9.22,13.45,0,0
9.23,13.97,0,0
10.65,-0.63,0,0
-3.66,2.07,1,0
8.87,12.44,0,0
10.81,-1.53,0,0
10.55,11.02,1,0
12.6,-1.41,1,0
9.32,-2.04,0,0
8.4,14.13,0,0
11.06,-4.0,0,0
-4.05,1.15,1,0
12.76,-2.28,1,0
10.88,-2.24,0,0
7.54,13.87,0,0
-3.33,-0.85,0,0
9.37,12.93,0,0
9.22,13.37,0,0
11.89,-2.67,0,0
8.69,-1.83,0,0
11.71,13.76,0,0
9.78,-2.05,0,0
9.78,13.24,0,0
10.64,-4.05,0,0
11.58,14.1,0,0
10.08,13.15,0,0
12.39,-1.02,1,0
-3.4,10.86,0,0
10.58,13.4,0,0
9.89,-3.76,0,0
-2.58,-0.85,0,0
11.25,-4.11,0,0
9.09,-2.43,0,0
-1.54,10.26,0,0
-3.65,11.21,0,0
-3.89,10.17,0,0
9.6,13.73,0,0
13.6,-0.65,1,0
14.05,-2.42,1,0
12.11,-1.48,0,0
-0.36,10.54,0,0
9.01,-2.48,0,0
13.51,-0.65,1,0
11.51,13.95,0,0
12.74,10.09,1,0
8.9,-2.22,0,0
-4.4,-0.88,0,0
11.02,13.26,0,0
14.3,-0.02,1,0
10.01,13.1,0,0
13.12,-4.71,0,0
1.41,5.51,0,0
9.46,12.37,0,0
10.12,-2.61,0,0
10.89,-1.07,0,0
9.35,-2.51,0,0
12.47,-2.04,1,0
-2.78,0.25,0,0
-4.4,-1.13,0,0
14.35,-1.64,1,0
8.81,10.66,1,0
-4.68,-0.29,0,0
12.82,-2.37,0,0
-4.19,2.04,1,0
-4.0,1.33,1,0
9.78,-1.75,0,0
11.26,-2.76,0,0
11.59,15.29,0,0
-5.66,-0.68,0,0
10.27,10.71,0,0
-2.14,11.29,0,0
-3.53,-1.69,0,0
9.94,9.16,0,0
9.35,13.7,0,0
-2.54,1.38,0,0
-4.32,10.77,0,0
12.96,12.06,1,0
12.32,13.13,1,0
9.23,-2.58,0,0
11.01,-1.65,0,0
12.34,-1.18,0,0
9.9,12.91,0,0
10.74,10.89,0,0
16.05,-0.62,1,0
10.68,10.8,1,0
-3.73,9.64,1,0
11.22,-1.65,0,0
13.03,-2.21,1,0
-2.51,0.73,1,0
-2.0,10.01,1,0
8.69,-2.03,0,0
9.72,-2.7,0,0
11.01,-4.77,0,0
11.0,14.36,0,0
14.71,-2.16,1,0
13.27,-3.48,1,0
-2.4,-1.15,0,0
12.63,8.9,1,0
9.23,-1.97,0,0
13.46,-3.66,1,0
12.84,-2.9,1,0
-4.99,-0.13,1,0
12.42,-1.48,0,0
11.74,-2.86,0,0
9.88,-0.74,0,0
10.71,-0.81,0,0
8.95,-2.37,0,0
10.32,-1.27,0,0
11.3,-2.21,0,0
14.53,-1.4,1,0
-2.39,10.34,0,0
8.97,12.58,0,0
12.04,12.58,1,0
12.08,-1.22,1,0
10.7,13.87,0,0
13.36,-3.05,1,0
10.11,14.14,0,0
-3.14,8.37,1,0
-2.51,1.22,1,0
10.45,-1.87,0,0
10.13,11.73,0,0
9.76,12.15,0,0
14.21,1.33,1,0
-2.65,9.5,0,0
-3.13,9.85,1,0
-1.55,9.16,1,0
9.06,-1.87,0,0
9.46,-0.51,0,0
-6.58,10.02,1,1
13.06,-0.55,1,0
10.93,11.94,1,0
15.31,-1.31,1,0
12.24,-3.24,1,0
10.15,-2.57,0,0
-4.3,-0.26,1,0
12.75,12.06,1,0
10.55,12.18,0,0
12.91,-5.38,0,0
11.27,-3.64,0,0
12.52,-0.6,0,0
-1.03,9.43,1,0
14.03,-3.4,1,0
10.08,15.71,0,0
9.85,11.58,0,0
10.19,12.69,0,0
11.03,-1.5,0,0
11.82,-0.77,1,0
8.6,15.12,0,0
12.2,-0.75,1,0
9.97,13.65,0,0
8.26,14.74,0,0
12.51,-0.5,1,0
11.52,-0.96,1,0
9.33,-4.55,0,0
6.54,-1.82,0,0
-4.92,8.17,1,0
13.77,-2.88,1,0
14.69,-0.55,1,0
10.94,10.8,0,0
8.48,14.01,0,0
13.37,-2.45,1,0
10.37,13.06,0,0
12.54,-2.88,0,0
10.3,15.02,0,0
9.38,13.26,0,0
11.99,13.74,0,0
10.28,-1.82,0,0
13.1,10.37,1,0
-4.03,-0.54,0,0
13.09,-0.64,1,0
-2.95,0.66,0,0
9.89,-4.37,0,0
10.67,-0.95,1,0
-3.12,1.03,1,0
12.74,-2.19,1,0
8.37,-2.2,0,0
-4.08,-0.35,0,0
13.66,-3.4,1,0
13.62,-3.17,1,0
9.57,-1.8,0,0
8.86,-3.57,0,0
-4.9,-1.24,0,0
-1.96,9.32,1,0
12.55,-1.36,0,0
12.49,-0.58,0,0
10.77,-1.58,0,0
14.84,0.23,1,0
-4.37,-1.38,0,0
10.17,-4.54,0,0
10.91,-3.14,0,0
-2.33,11.09,0,0
9.89,11.99,0,0
-0.66,10.53,1,0
9.01,12.31,0,0
-1.49,-0.03,0,0
-4.54,-1.83,0,0
7.8,12.53,0,0
12.16,9.94,1,0
11.0,-3.09,0,0
12.06,-0.53,1,0
-1.78,0.7,0,0
-3.33,-0.41,1,0
17.06,9.83,1,0
11.27,-0.7,0,0
12.2,15.26,0,0
8.71,-3.05,0,0
-1.15,-1.84,0,0
11.95,-1.21,1,0
9.34,-2.38,0,0
-3.75,10.7,0,0
-3.79,0.66,0,0
10.62,9.4,0,0
-1.79,10.81,0,0
-3.98,-0.27,0,0
16.17,10.86,1,0
-3.6,4.8,1,0
10.5,-3.79,0,0
-3.13,-0.77,0,0
10.69,-3.72,0,0
12.5,-3.05,0,0
10.02,11.79,0,0
9.62,-3.95,0,0
-4.43,0.5,1,0
9.21,-0.73,0,0
13.69,15.81,0,0
-3.85,0.21,0,0
10.21,14.03,0,0
-3.17,11.34,0,0
13.89,-1.88,1,0
10.73,-2.15,0,0
14.11,-2.95,1,0
11.51,-2.03,0,0
10.37,12.29,0,0
15.22,0.56,1,0
13.1,-2.46,1,0
-1.22,9.32,1,0
9.3,-4.18,0,0
12.66,-3.75,1,0
-2.28,4.57,1,0
7.63,-2.01,0,0
13.6,-1.78,1,0
-3.95,1.08,1,0
-2.19,10.21,0,0
11.13,11.84,1,0
14.23,-1.21,1,0
10.32,-3.48,0,0
11.7,-1.93,0,0
16.01,8.65,1,0
-2.21,-0.35,0,0
-4.29,5.37,1,0
13.01,-2.0,1,0
16.83,-0.12,1,0
-4.34,-0.69,0,0
16.7,-1.56,1,0
10.46,14.31,0,0
-1.08,7.76,1,0
5.43,4.39,0,0
10.73,13.67,0,0
11.23,13.05,0,0
11.81,-2.57,0,0
13.4,-0.46,1,0
10.45,-3.32,0,0
11.29,-1.9,0,0
-2.99,9.11,1,0
12.05,-2.14,0,0
12.41,12.4,1,0
-2.56,-0.55,0,0
11.17,-2.02,0,0
15.01,-0.72,1,0
-3.46,10.75,0,0
13.86,-2.33,1,0
13.61,13.82,1,0
-2.18,-0.45,0,0
11.4,-3.58,0,0
10.58,-1.94,0,0
10.33,-3.73,0,0
-4.11,1.16,1,0
11.52,-3.63,0,0
9.2,-2.26,0,0
-2.17,0.36,0,0
11.14,-1.43,0,0
7.8,-1.01,0,0
14.67,-2.36,1,0
10.62,13.53,0,0
10.23,-2.02,0,0
-3.98,2.2,1,0
13.36,-2.33,1,0
12.95,-2.15,1,0
12.57,10.07,1,0
12.92,13.2,1,0
10.0,12.6,0,0
-0.04,11.26,0,0
8.43,11.71,0,0
12.0,9.73,1,0
-6.95,0.16,0,1
12.3,-2.5,1,0
-2.13,8.71,1,0
15.23,12.19,1,0
9.15,11.52,0,0
9.45,11.96,0,0
9.34,-2.34,0,0
11.55,-0.93,0,0
11.22,-1.6,0,0
11.91,12.6,0,0
9.29,12.66,0,0
14.43,-2.21,1,0
12.03,11.56,1,0
-3.53,9.46,0,0
10.63,-1.89,0,0
-3.98,0.27,0,0
-3.52,11.25,0,0
-2.27,10.05,0,0
13.13,-2.21,1,0
9.96,13.27,0,0
11.12,14.21,0,0
11.23,-2.89,0,0
9.56,-3.06,0,0
11.36,13.68,0,0
10.72,11.79,0,0
9.56,0.15,1,0
9.15,-1.85,0,0
15.01,-0.84,1,0
9.46,-2.66,0,0
9.78,-2.01,0,0
11.15,-4.35,0,0
11.23,13.75,0,0
6.0,4.08,0,0
-1.32,2.8,1,0
8.24,12.56,0,0
11.89,-2.4,0,0
-4.21,0.53,1,0
11.82,12.23,0,0
13.47,0.48,1,0
-2.63,-0.76,0,0
-4.04,-0.38,0,0
13.04,-1.11,1,0
12.13,-4.02,1,0
10.47,10.89,1,0
-2.93,11.66,0,0
12.72,-0.94,1,0
-2.73,1.08,1,0
-1.54,-0.17,1,0
10.11,-1.42,0,0
14.98,10.41,1,0
12.06,11.39,1,0
13.19,-0.63,1,0
10.97,-3.08,0,0
-2.24,10.23,0,0
12.0,-3.03,1,0
-2.86,12.32,0,0
11.14,12.86,0,0
12.01,12.25,1,0
13.24,-2.58,1,0
8.62,13.49,0,0
11.47,-2.59,0,0
-2.33,-1.27,0,0
11.39,-2.43,0,0
10.57,14.34,0,0
-1.67,8.91,1,0
13.4,-0.61,1,0
10.08,-2.36,0,0
-2.46,-0.31,0,0
10.66,-1.54,0,0
11.07,14.87,0,0
-4.74,0.04,1,0
-4.69,2.14,1,0
8.62,-3.15,0,0
16.89,0.62,1,0
10.85,-1.26,0,0
14.42,0.03,1,0
12.0,-2.75,0,0
-2.88,3.01,1,0
12.44,-1.49,1,0
-2.28,5.71,1,0
11.8,-0.52,1,0
12.19,-1.94,0,0
-1.1,0.24,0,0
11.66,-0.93,1,0
9.22,-2.62,0,0
9.78,11.74,0,0
9.93,12.23,0,0
-2.34,0.7,1,0
12.54,13.48,1,0
11.95,-0.99,1,0
10.2,13.77,0,0
-1.18,11.21,0,0
-3.71,0.76,1,0
-2.72,3.18,1,0
8.17,15.83,0,0
12.43,-0.73,1,0
-0.81,11.95,0,0
10.93,-0.15,0,0
11.25,-3.98,0,0
-2.7,-0.69,0,0
-1.91,0.61,1,0
12.63,10.03,1,0
9.59,-2.04,0,0
12.76,-1.57,1,0
11.9,-4.32,0,0
12.76,-2.28,0,0
14.9,-2.22,1,0
11.25,10.81,1,0
9.61,11.75,0,0
11.49,-4.35,1,0
11.98,-2.72,0,0
11.16,12.13,0,0
-2.99,0.46,0,0
-3.81,1.56,1,0
-3.54,0.76,1,0
11.3,-2.59,0,0
-4.26,8.95,1,0
11.97,-3.18,1,0
12.57,-2.88,1,0
-4.24,1.4,1,0
-4.51,-1.08,0,0
10.55,-1.36,0,0
-2.41,8.35,0,0
13.02,-0.19,1,0
10.77,14.55,0,0
13.49,-1.97,1,0
-2.97,3.23,1,0
11.2,-2.97,0,0
13.54,-0.03,1,0
6.58,5.87,0,0
9.97,12.79,0,0
11.09,-1.33,0,0
13.4,12.64,1,0
11.16,-1.66,0,0
10.23,15.39,0,0
-1.24,7.54,1,0
10.51,11.85,0,0
13.39,11.77,1,0
14.21,-2.79,1,0
12.15,-3.63,0,0
10.5,-1.88,0,0
-4.47,-0.27,0,0
10.39,-1.9,0,0
11.56,13.03,0,0
-3.56,1.84,1,0
-1.26,12.24,0,0
8.5,13.48,0,0
10.02,11.96,0,0
-1.16,1.05,0,0
9.16,-2.15,0,0
11.34,-2.85,0,0
9.41,-2.35,0,0
10.13,13.21,0,0
9.04,12.29,0,0
13.64,-2.02,1,0
9.16,-1.82,0,0
-3.63,-1.52,0,0
-2.81,11.56,0,0
10.33,-6.82,0,1
11.19,-2.51,0,0
12.0,-2.21,0,0
-1.89,8.67,1,0
12.81,0.19,1,0
-4.98,12.19,0,0
14.58,-0.33,1,0
12.55,13.34,1,0
14.56,-1.96,1,0
-3.42,-1.32,0,0
9.2,-2.47,0,0
11.32,-2.37,0,0
-0.57,9.19,1,0
11.83,-1.82,0,0
-2.08,10.17,0,0
13.45,-2.13,1,0
-2.38,10.16,0,0
-0.7,10.66,0,0
-4.15,1.4,1,0
13.44,-0.97,1,0
10.37,-0.89,0,0
15.54,13.52,1,0
10.88,0.15,1,0
11.13,-3.06,0,0
11.62,-5.09,0,0
-3.72,1.85,1,0
8.85,12.73,0,0
13.1,11.85,1,0
10.23,14.92,0,0
14.93,0.39,1,0
-2.54,11.54,0,0
13.27,7.89,1,0
11.79,-0.73,1,0
9.32,-2.03,0,0
-2.73,-0.14,0,0
13.55,-1.82,1,0
15.57,-0.89,1,0
-4.65,3.02,1,0
-3.99,0.39,1,0
-3.07,9.57,0,0
12.75,-2.48,0,0
-2.59,-1.85,0,0
11.47,-5.03,0,0
14.05,-1.32,1,0
11.97,13.76,1,0
10.0,14.68,0,0
12.18,-1.84,1,0
10.5,14.3,0,0
-3.74,11.47,0,0
5.62,5.65,0,0
12.53,-1.4,1,0
10.95,-1.63,0,0
9.53,-2.8,0,0
13.83,-1.85,1,0
-2.59,10.45,0,0
9.08,-3.07,0,0
15.31,-0.66,1,0
12.91,-1.43,1,0
10.62,13.02,0,0
10.61,11.76,0,0
-2.77,-1.38,0,0
12.78,-2.06,0,0
13.19,13.27,1,0
13.04,-1.5,1,0
12.38,13.05,1,0
10.43,13.93,0,0
12.98,-2.46,1,0
-0.9,0.32,0,0
11.78,7.43,1,0
-4.16,-0.31,0,0
9.21,11.04,0,0
9.92,-2.19,0,0
13.02,-0.27,1,0
-5.84,2.31,1,0
12.9,-5.04,1,0
10.69,12.29,0,0
10.9,-0.97,0,0
12.14,-3.03,0,0
10.03,-3.53,0,0
12.76,-2.18,1,0
13.38,-2.22,1,0
14.0,12.07,1,0
-3.9,-0.42,0,0
-2.37,-1.26,0,0
-2.51,0.33,0,0
8.96,-2.19,0,0
15.23,1.46,1,0
10.23,-2.65,0,0
-3.71,1.22,1,0
-2.4,-0.15,0,0
-4.16,0.08,0,0
9.66,-4.45,0,0
12.42,-1.6,1,0
8.17,14.43,0,0
-1.95,4.23,1,0
10.36,13.41,0,0
-3.48,8.7,1,0
-3.64,9.71,1,0
9.28,-2.79,0,0
-4.21,-0.29,0,0
10.67,11.63,1,0
11.82,-3.56,0,0
11.87,12.82,0,0
9.15,-2.21,0,0
12.16,-1.55,0,0
-2.4,11.0,0,0
10.63,-1.65,0,0
9.89,12.36,0,0
9.62,-2.32,0,0
12.37,12.23,1,0
12.84,0.17,1,0
10.01,15.05,0,0
12.26,-5.04,0,0
-3.23,10.75,0,0
8.61,-1.38,0,0
16.14,10.77,1,0
-1.9,7.99,1,0
-4.28,10.43,0,0
13.55,-4.17,1,0
10.74,13.92,0,0
9.67,12.7,0,0
9.14,-3.01,0,0
9.3,-3.1,0,0
10.41,13.22,0,0
11.68,-1.19,0,0
-2.74,2.07,1,0
-2.82,0.3,1,0
8.89,9.28,0,0
-3.38,10.9,0,0
-2.54,7.31,1,0
12.68,-2.34,1,0
-1.7,-1.2,0,0
11.96,-2.1,1,0
9.31,-2.43,0,0
-3.76,10.72,0,0
-2.67,9.45,1,0
11.13,8.91,0,0
-1.43,10.97,0,0
-1.85,-1.34,0,0
9.96,-1.93,0,0
11.53,10.97,1,0
12.19,-3.17,1,0
-4.24,-0.82,0,0
8.3,13.83,0,0
8.26,12.29,0,0
9.01,13.46,0,0
10.72,-3.42,0,0
12.89,-4.45,1,0
-1.06,8.23,1,0
10.8,14.02,0,0
9.05,13.59,0,0
9.35,-2.9,0,0
12.32,-0.99,1,0
13.84,-1.26,1,0
6.59,12.37,0,0
8.54,12.52,0,0
15.33,0.54,1,0
11.96,11.97,1,0
13.65,-2.79,1,0
11.34,0.39,1,0
11.83,-2.7,0,0
13.16,12.84,1,0
9.08,-2.53,0,0
11.04,-1.05,0,0
11.42,-1.13,0,0
-1.39,7.95,1,0
11.13,-1.02,1,0
11.56,-2.71,0,0
12.28,13.21,1,0
-2.5,-1.08,0,0
9.65,-3.63,0,0
-5.3,-1.3,0,0
13.01,12.89,1,0
13.67,0.47,1,0
12.49,-1.6,1,0
-4.67,3.96,1,0
-1.94,6.86,1,0
11.9,15.09,0,0
-5.13,-0.62,1,0
8.53,-2.39,0,0
9.76,13.24,0,0
11.99,-2.97,1,0
9.36,-2.45,0,0
-2.82,10.55,0,0
11.58,11.04,0,0
8.41,-0.84,0,0
-2.48,-0.03,0,0
15.22,0.54,1,0
-2.0,-1.68,0,0
-2.95,11.32,0,0
15.86,-0.81,1,0
10.86,-1.86,0,0
9.19,-3.59,0,0
-2.98,0.16,0,0
9.71,-2.73,0,0
10.64,-1.93,0,0
12.73,-2.4,0,0
13.1,10.03,1,0
10.64,-1.39,0,0
9.1,-2.8,0,0
-4.03,0.67,1,0
8.21,13.21,0,0
9.96,-3.76,0,0
9.69,-1.12,0,0
9.51,12.9,0,0
15.41,0.64,1,0
11.24,-5.36,0,0
-5.89,1.16,1,0
11.15,-2.2,0,0
9.52,-1.28,0,0
-2.41,-1.16,0,0
12.34,-0.97,1,0
10.6,-6.21,0,0
14.14,-1.87,1,0
-1.53,10.37,0,0
12.18,-1.12,1,0
10.4,-3.31,0,0
6.01,4.79,0,0
8.32,-2.92,0,0
11.45,-1.51,0,0
9.66,12.56,0,0
10.74,-1.15,0,0
11.06,-1.39,0,0
10.87,10.07,1,0
-4.46,-0.19,0,0
11.64,-1.51,0,0
-1.93,10.84,0,0
8.6,12.73,0,0
11.97,15.34,0,0
11.81,-2.98,0,0
0.13,9.8,0,0
11.66,-2.99,0,0
11.96,-1.39,0,0
-3.26,1.0,1,0
9.83,12.42,0,0
10.71,-1.95,0,0
8.78,13.96,0,0
-2.6,-2.47,0,0
12.67,-3.39,1,0
11.34,-3.49,0,0
10.14,-2.9,0,0
11.81,13.36,0,0
-2.26,10.22,0,0
-1.2,1.11,0,0
9.02,-3.0,0,0
10.2,-3.84,0,0
13.08,14.84,1,0
12.18,-1.8,1,0
15.05,10.52,1,0
9.69,11.26,0,0
12.47,-2.97,0,0
-5.2,1.91,1,0
9.15,-3.0,0,0
-3.01,11.04,0,0
12.25,11.41,1,0
-4.39,10.75,0,0
14.4,11.1,1,0
10.62,13.47,0,0
8.72,13.02,0,0
9.8,13.11,0,0
10.22,-1.37,0,0
-3.46,-2.05,0,0
12.11,-1.54,0,0
-2.74,0.42,0,0
-4.07,10.93,0,0
-5.33,7.06,1,0
-5.94,1.46,1,0
9.8,-3.89,0,0
9.18,13.2,0,0
12.84,-0.02,1,0
14.9,0.25,1,0
8.11,-3.48,0,0
9.84,14.6,0,0
11.88,-4.67,0,0
-2.66,0.21,1,0
14.1,8.5,1,0
-3.11,1.15,1,0
9.88,-2.51,0,0
12.34,-1.61,0,0
13.68,-0.02,1,0
-4.65,1.96,1,0
14.96,-1.94,1,0
12.54,13.28,1,0
10.06,13.01,0,0
13.06,-1.07,1,0
10.58,-1.79,0,0
10.95,-2.14,0,0
13.99,-2.53,1,0
-4.22,11.65,0,0
11.66,-2.71,0,0
-4.39,3.33,1,0
-2.79,3.3,1,0
12.18,9.68,1,0
-2.2,-0.05,0,0
13.2,-2.92,1,0
13.38,13.56,1,0
-4.82,1.75,1,0
11.23,13.7,1,0
-0.26,10.28,0,0
13.85,0.55,1,0
12.64,-0.55,1,0
9.54,-2.75,0,0
9.15,13.18,0,0
-2.75,-0.13,1,0
11.08,-3.78,0,0
9.47,-2.13,0,0
-3.01,9.28,1,0
12.45,-0.38,1,0
15.66,-0.1,1,0
11.67,-1.75,0,0
10.7,-1.39,0,0
5.81,3.83,0,0
13.93,-1.38,1,0
-3.31,1.9,1,0
10.97,15.06,0,0
-4.48,4.02,1,0
14.03,1.62,1,0
12.03,11.73,0,0
15.17,9.12,1,0
-1.46,10.29,0,0
11.71,-3.34,0,0
12.23,-1.91,0,0
-4.83,0.61,1,0
11.78,-1.9,0,0
-2.23,9.47,1,0
-2.56,0.69,1,0
14.85,0.61,1,0
-1.77,10.39,0,0
10.76,14.99,0,0
14.76,-1.63,1,0
12.91,15.36,0,0
11.68,12.92,0,0
-2.13,8.91,1,0
10.45,-4.47,0,0
12.09,-1.48,0,0
9.35,-2.89,0,0
13.12,1.97,1,0
11.77,14.86,0,0
10.1,12.77,0,0
14.41,-1.27,1,0
-2.72,10.27,0,0
7.43,12.01,0,0
14.32,-1.06,1,0
-2.84,-0.58,0,0
14.05,-0.72,1,0
12.35,-1.22,1,0
10.19,12.22,0,0
14.65,-1.91,1,0
13.63,-1.97,1,0
11.63,-3.24,0,0
-3.35,-1.53,0,0
11.59,-1.08,0,0
11.26,9.32,1,0
12.67,-2.16,0,0
11.55,-4.51,0,0
14.56,0.53,1,0
9.16,12.42,0,0
10.22,-1.2,0,0
9.85,12.06,0,0
14.75,-0.77,1,0
-2.32,3.39,1,0
-4.48,0.13,0,0
13.45,-1.74,1,0
-4.88,-0.63,1,0
12.4,-2.86,0,0
11.34,-1.79,0,0
12.42,9.68,1,0
-3.71,10.63,0,0
15.08,-1.22,1,0
11.0,-2.28,0,0
11.02,0.82,1,0
11.66,-2.99,0,0
12.64,-1.96,0,0
9.86,12.89,0,0
8.93,-3.02,0,0
10.01,-1.77,0,0
9.77,12.09,0,0
13.48,-0.96,1,0
-4.12,0.14,0,0
16.39,10.86,1,0
11.16,-1.72,0,0
9.72,10.89,0,0
12.24,-0.97,1,0
1.81,3.83,0,0
-4.0,4.28,1,0
-1.26,-0.77,0,0
12.21,-3.47,1,0
12.32,10.66,1,0
-3.06,-0.34,0,0
-2.58,0.61,0,0
13.8,9.71,1,0
-2.08,-0.57,0,0
8.96,11.17,0,0
-4.12,-0.31,0,0
10.39,-4.03,0,0
9.15,-2.21,0,0
11.62,-1.02,1,0
-2.78,9.85,0,0
-3.1,7.99,1,0
12.23,12.73,1,0
11.08,-0.99,0,0
-4.02,4.35,1,0
10.86,12.33,0,0
-2.99,10.04,1,0
-4.49,1.22,1,0
12.56,-3.52,1,0
12.95,9.34,1,0
-5.54,2.06,1,0
-2.77,-1.37,0,0
11.67,-0.83,1,0
13.61,-2.19,1,0
-3.43,4.98,1,0
11.24,14.41,0,0
13.85,0.32,1,0
10.47,-3.67,0,0
10.45,-1.87,0,0
-1.62,11.29,0,0
9.78,12.06,0,0
8.97,-2.38,0,0
-4.62,1.23,1,0
10.95,-3.45,0,0
-5.52,2.05,1,0
14.67,-2.06,1,0
11.88,12.0,1,0
10.38,-1.49,0,0
-5.95,-0.3,0,0
11.02,12.57,1,0
-3.13,9.65,1,0
-3.76,0.58,0,0
-2.71,8.1,1,0
9.95,-2.79,0,0
-1.7,-0.3,0,0
10.33,14.29,0,0
-4.69,3.13,1,0
-4.67,4.24,1,0
-1.46,9.02,1,0
11.19,-1.38,0,0
-2.49,7.1,1,0
0.91,4.68,0,0
-4.1,5.51,1,0
10.29,-3.64,0,0
9.93,-2.77,0,0
-2.65,0.21,0,0
13.29,10.54,1,0
15.11,-1.43,1,0
-2.01,10.93,0,0
-3.81,12.29,0,0
15.44,-2.35,1,0
13.56,0.44,1,0
-3.66,7.23,1,0
-4.59,11.36,0,0
11.36,-1.86,0,0
11.34,-2.23,1,0
11.03,13.73,0,0
10.66,12.44,0,0
-4.93,1.72,1,0
9.67,-2.5,0,0
13.31,-0.53,1,0
10.07,14.72,0,0
13.35,15.24,1,0
-2.52,0.08,0,0
-4.21,0.76,1,0
9.64,11.56,0,0
9.61,-3.12,0,0
14.33,-0.3,1,0
-2.36,-0.49,0,0
10.28,12.28,0,0
5.15,3.41,0,0
9.01,12.98,0,0
10.67,-1.63,0,0
10.41,11.19,0,0
-4.59,0.98,1,0
13.52,-1.96,1,0
10.36,-3.7,0,0
-2.36,-1.17,0,0
-1.85,9.27,0,0
-4.45,1.05,1,0
-4.24,3.92,1,0
12.93,-1.84,1,0
16.44,0.74,1,0
10.26,-0.62,0,0
14.0,-1.94,1,0
-3.63,-0.07,1,0
-1.79,9.36,1,0
13.22,11.53,1,0
9.36,-2.27,0,0
10.28,-2.25,0,0
-2.58,3.54,1,0
11.21,-2.12,0,0
9.65,14.76,0,0
11.58,11.27,1,0
13.16,-3.73,1,0
10.69,11.5,1,0
10.3,-1.95,0,0
11.86,-1.69,0,0
-3.68,-0.34,0,0
11.4,-1.54,0,0
-4.26,4.52,1,0
10.97,-3.14,0,0
9.86,12.92,0,0
11.26,13.12,0,0
10.92,13.46,0,0
10.07,0.71,1,0
9.52,-3.26,0,0
11.4,-2.17,0,0
11.89,-4.84,0,0
11.18,-2.55,0,0
9.92,11.41,0,0
13.36,0.12,1,0
15.27,-1.26,1,0
-2.75,2.51,1,0
11.34,12.42,0,0
-1.61,8.5,1,0
-4.74,3.39,1,0
9.09,11.54,0,0
11.68,13.38,0,0
10.04,-0.93,0,0
-1.74,11.06,0,0
13.52,-2.96,1,0
-1.46,2.7,1,0
12.57,-0.0,0,0
9.58,-2.3,0,0
9.7,-2.23,0,0
11.1,9.68,1,0
-1.72,10.6,0,0
14.66,12.91,1,0
-3.19,11.16,0,0
9.99,-3.79,0,0
8.52,13.82,0,0
11.45,-1.73,0,0
10.78,14.23,0,0
-2.04,0.67,0,0
11.74,-3.18,0,0
10.16,-1.67,0,0
8.63,13.59,0,0
12.43,-0.44,1,0
8.9,14.91,0,0
14.5,14.61,1,0
14.58,10.94,1,0
13.85,-1.08,0,0
-5.59,4.97,1,0
14.26,1.32,1,0
-1.32,7.29,1,0
11.96,-2.4,0,0
12.56,0.41,1,0
8.81,-3.71,0,0
14.98,0.34,1,0
-1.68,1.14,0,0
12.66,-2.25,0,0
13.21,-2.03,1,0
10.3,-3.61,0,0
11.56,-3.21,0,0
10.52,13.59,0,0
-4.33,9.92,0,0
11.22,-1.07,0,0
10.09,-1.23,0,0
9.51,13.08,0,0
-4.03,10.5,1,0
11.06,-2.34,0,0
-1.29,10.31,1,0
13.13,11.72,1,0
-4.09,-0.83,0,0
13.44,-4.14,1,0
5.31,4.0,0,0
16.4,0.79,1,0
9.15,-1.91,0,0
13.96,-1.79,1,0
-1.7,10.47,0,0
9.0,-3.33,0,0
10.81,10.18,1,0
11.42,-1.84,0,0
12.52,13.9,1,0
14.14,-3.22,1,0
10.05,15.2,0,0
12.38,-0.43,1,0
-3.93,-0.66,0,0
9.62,-4.27,0,0
10.75,-3.89,0,0
9.05,12.5,0,0
-3.2,7.9,1,0
9.72,-1.53,0,0
11.42,12.7,0,0
14.35,10.05,1,0
8.92,12.95,0,0
8.74,12.66,0,0
11.81,-2.95,0,0
10.74,14.06,0,0
-2.86,1.34,0,0
9.85,-1.33,0,0
-3.73,2.96,1,0
9.16,-2.7,0,0
-4.27,-0.85,0,0
12.64,-2.21,0,0
11.46,-2.73,0,0
-2.94,0.44,0,0
10.83,-3.02,0,0
-2.15,0.85,0,0
12.03,-2.64,0,0
-3.74,-0.15,0,0
13.68,10.58,1,0
13.18,-1.19,1,0
14.69,13.71,1,0
13.66,0.05,1,0
-1.16,9.65,1,0
-1.47,9.24,1,0
9.77,13.63,0,0
12.78,13.3,1,0
9.31,-2.28,0,0
8.13,12.54,0,0
10.84,-2.34,0,0
7.67,15.37,0,0
-4.14,4.68,1,0
12.63,-0.82,1,0
-1.58,9.92,0,0
12.17,-3.04,1,0
8.06,14.73,0,0
12.58,9.55,1,0
12.47,-2.68,1,0
9.8,-1.6,0,0
11.89,-1.64,0,0
12.28,12.82,1,0
10.99,-1.09,0,0
10.68,14.27,0,0
-1.52,-0.2,0,0
7.99,-2.41,0,0
10.62,12.1,0,0
12.06,-2.8,1,0
13.72,-3.5,1,0
-1.95,9.46,0,0
16.09,-0.74,1,0
-1.97,10.19,0,0
13.68,-1.97,1,0
11.59,12.57,0,0
8.49,-1.06,0,0
10.64,-3.98,0,0
8.81,12.56,0,0
-2.93,11.32,0,0
-2.26,1.1,1,0
12.0,10.98,1,0
-4.15,0.51,1,0
11.12,14.01,0,0
-4.07,11.96,0,0
-4.79,3.27,1,0
10.23,11.37,0,0
10.26,-3.08,0,0
-3.14,-1.4,0,0
-2.26,1.24,1,0
14.34,-0.71,1,0
9.04,12.9,0,0
11.08,-2.51,0,0
10.78,-3.32,0,0
9.13,12.86,0,0
12.94,10.39,1,0
12.24,14.71,0,0
-4.47,1.01,1,0
13.29,-2.02,1,0
-3.45,2.25,1,0
14.42,0.74,0,0
10.95,12.81,0,0
12.2,-1.14,0,0
14.05,-0.43,1,0
8.56,14.46,0,0
12.84,-2.07,1,0
9.12,-2.01,0,0
10.72,-3.42,0,0
7.04,5.48,0,0
8.71,-1.23,0,0
10.9,-3.75,0,0
-5.48,0.97,1,0
1.89,5.32,0,0
10.61,13.72,0,0
12.54,12.76,1,0
11.18,14.1,0,0
-1.57,9.37,1,0
11.74,-3.23,0,0
-1.72,1.58,1,0
-3.71,-1.56,0,0
9.91,-1.16,0,0
6.18,5.01,0,0
10.36,12.15,0,0
-3.93,1.47,0,0
11.38,-1.23,1,0
14.03,-0.18,1,0
16.0,12.05,1,0
8.8,13.1,0,0
10.11,12.04,0,0
11.16,-1.98,0,0
14.21,-0.26,1,0
14.97,-1.18,1,0
16.02,-2.62,1,0
-4.23,10.78,1,0
12.49,-0.52,1,0
-4.15,1.12,1,0
-4.14,-0.5,0,0
12.68,1.04,1,0
9.33,15.69,0,0
8.85,13.65,0,0
-1.03,9.21,1,0
-2.72,3.58,1,0
-4.71,0.58,1,0
11.62,-2.01,0,0
-4.89,2.7,1,0
-2.81,-1.62,0,0
10.33,-1.74,0,0
13.78,-1.61,1,0
6.12,4.95,0,0
12.84,12.13,0,0
10.43,13.26,0,0
10.19,13.97,0,0
-2.9,3.01,1,0
8.65,13.77,0,0
13.44,-2.46,1,0
-2.53,-1.66,0,0
9.66,12.64,0,0
9.83,-2.34,0,0
11.02,-3.57,0,0
9.28,-3.3,0,0
-3.01,9.14,1,0
-4.73,3.04,1,0
9.47,12.7,0,0
13.87,-1.78,1,0
9.53,-2.5,0,0
7.75,-5.53,0,1
9.47,-4.05,0,0
13.5,-1.29,1,0
11.01,12.89,0,0
-5.31,-0.22,1,0
11.5,12.53,0,0
10.28,13.93,0,0
10.91,12.15,1,0
13.67,-0.34,1,0
-2.62,1.07,0,0
-3.23,11.72,0,0
10.07,-2.89,0,0
-1.36,-2.4,0,0
13.13,0.92,1,0
-3.4,8.27,1,0
11.42,-1.51,1,0
13.29,11.97,1,0
-4.25,9.26,1,0
-2.49,10.73,0,0
-3.72,10.17,0,0
15.2,-0.85,1,0
-4.04,0.64,1,0
12.51,-3.26,1,0
10.42,13.34,0,0
11.06,12.9,0,0
11.58,-0.92,1,0
11.55,14.35,0,0
10.55,-3.42,0,0
10.83,13.31,0,0
10.32,-3.29,0,0
-2.24,6.9,1,0
10.28,13.77,0,0
11.07,-1.65,0,0
-2.1,9.08,1,0
-2.56,1.04,1,0
-2.22,8.18,1,0
-2.71,2.82,1,0
-3.77,8.18,1,0
11.8,-3.55,0,0
9.55,10.99,0,0
10.04,12.89,0,0
-2.53,0.2,0,0
10.9,-2.28,0,0
11.44,-3.34,0,0
8.7,14.16,0,0
9.7,12.09,0,0
12.28,-0.71,1,0
11.32,11.06,1,0
8.57,-4.49,0,0
-1.65,7.86,1,0
12.9,-3.19,1,0
13.74,-0.35,1,0
11.39,10.11,1,0
11.3,12.45,0,0
12.46,-2.94,0,0
-3.57,11.69,0,0
12.45,-2.94,1,0
-3.27,0.31,0,0
-1.61,7.75,1,0
-2.77,2.17,1,0
17.05,3.73,1,1
10.87,-3.18,0,0
12.59,-0.55,0,0
9.95,11.45,0,0
-2.28,-1.75,0,0
-4.09,0.47,0,0
14.9,10.81,1,0
8.42,-3.69,0,0
10.08,12.9,0,0
-3.73,0.28,0,0
-3.95,0.24,0,0
-3.79,0.39,0,0
9.63,-1.24,0,0
10.17,-2.67,0,0
10.46,13.27,0,0
11.01,-2.22,0,0
11.09,-4.59,0,0
-1.8,8.51,1,0
11.43,14.93,1,0
14.01,1.85,1,0
-2.37,6.82,1,0
12.34,12.79,1,0
10.05,12.38,0,0
-2.43,10.26,0,0
11.36,12.95,0,0
12.12,10.09,1,0
10.11,14.0,0,0
12.73,-2.57,1,0
9.84,-2.8,0,0
11.53,-0.35,1,0
-5.1,1.19,1,0
11.21,-1.4,0,0
-0.73,-2.36,0,0
14.6,-3.0,1,0
2.35,5.59,0,0
-3.55,9.94,0,0
6.15,14.32,0,0
12.36,-2.4,1,0
12.07,-1.18,0,0
10.71,15.26,0,0
-4.15,3.13,1,0
-4.53,0.1,0,0
15.64,-1.63,1,0
11.31,-2.13,0,0
8.46,-3.12,0,0
-4.25,-0.57,0,0
10.1,-2.04,0,0
11.53,13.47,0,0
9.73,-1.9,0,0
9.68,12.59,0,0
10.48,15.48,0,0
10.61,14.22,0,0
0.08,9.04,0,0
10.42,13.37,0,0
11.08,11.42,0,0
10.54,10.55,0,0
11.26,11.52,0,0
11.89,-2.94,0,0
9.41,-2.16,0,0
-2.04,0.87,0,0
11.92,-0.8,1,0
0.06,10.42,0,0
10.93,-0.69,0,0
-1.22,-2.58,0,0
16.43,12.43,1,0
10.54,-2.56,0,0
-3.07,10.72,0,0
12.02,-2.85,0,0
-2.96,10.53,0,0
10.47,11.6,0,0
10.67,-3.96,0,0
10.76,13.07,0,0
14.71,-1.3,1,0
-3.48,1.82,1,0
10.31,-4.12,0,0
11.56,10.54,1,0
12.56,-2.36,1,0
10.67,11.88,0,0
10.86,12.66,0,0
-1.84,6.23,1,0
13.78,15.53,0,0
-4.28,10.6,0,0
12.06,-0.87,1,0
-3.11,3.58,1,0
15.91,1.13,1,0
12.14,0.83,1,0
10.01,12.15,0,0
11.09,-1.87,0,0
12.51,-2.06,0,0
9.31,12.41,0,0
-3.55,8.19,1,0
12.76,-1.0,1,0
9.27,-1.02,0,0
-4.16,1.39,1,0
11.3,-2.05,0,0
8.82,12.56,0,0
10.41,12.02,0,0
13.34,-0.9,1,0
-3.93,1.49,1,0
10.29,-3.3,0,0
13.84,-1.52,1,0
-3.33,10.61,0,0
-2.52,12.53,0,0
10.05,14.21,0,0
-0.01,9.54,0,0
14.26,-1.27,1,0
8.74,12.68,0,0
8.72,12.4,0,0
7.59,-2.77,0,0
11.75,-0.71,1,0
11.83,-0.35,1,0
-0.55,11.26,0,0
10.43,11.54,0,0
13.14,-0.62,1,0
8.9,-2.32,0,0
8.37,-3.29,0,0
10.6,0.0,1,0
-4.03,0.1,0,0
11.12,13.62,0,0
9.23,-3.23,0,0
11.69,11.98,1,0
8.29,0.16,0,0
9.66,12.26,0,0
16.1,-0.17,1,0
9.55,15.15,0,0
-3.78,10.75,0,0
0.72,10.19,1,0
-2.4,1.37,1,0
10.1,-3.02,0,0
12.02,-2.4,0,0
14.16,11.38,1,0
10.9,10.39,0,0
-2.73,0.11,0,0
12.91,-1.11,1,0
11.17,13.08,0,0
14.2,0.82,1,0
9.75,-2.01,0,0
10.09,-3.37,0,0
7.59,-1.91,0,0
-3.67,7.54,1,0
11.55,-3.39,0,0
-2.38,-0.51,0,0
10.78,13.8,0,0
11.74,12.59,0,0
12.4,-4.02,1,0
12.34,-1.39,0,0
10.0,10.81,0,0
15.18,-1.47,1,0
-1.98,-2.5,0,0
12.94,-0.15,1,0
10.39,13.66,0,0
10.98,11.84,1,0
12.14,-2.32,0,0
9.84,0.63,0,0
10.68,12.58,0,0
11.03,-2.08,0,0
9.95,-1.87,0,0
10.47,13.6,0,0
11.03,12.92,0,0
13.72,12.61,1,0
-2.18,0.22,1,0
11.38,-4.77,0,0
8.82,-2.02,0,0
10.45,-1.4,0,0
10.63,13.98,0,0
11.34,-2.47,0,0
-1.52,9.66,0,0
-1.29,7.45,1,0
11.86,-2.54,0,0
11.05,9.42,1,0
-1.95,8.19,1,0
-1.88,9.62,0,0
-3.7,1.37,1,0
10.14,-2.62,0,0
11.35,13.34,0,0
9.92,14.54,0,0
-1.1,8.88,1,0
-2.54,-0.54,0,0
-4.86,-0.0,1,0
-3.92,0.57,1,0
-4.54,5.66,1,0
11.71,-3.21,0,0
-4.96,1.16,1,0
11.45,0.38,1,0
12.33,12.59,1,0
9.34,12.81,0,0
9.94,13.58,0,0
9.24,-2.52,0,0
10.91,-1.11,0,0
-4.65,1.11,1,0
-2.87,9.79,0,0
11.4,-3.28,0,0
10.02,11.39,0,0
10.42,-2.29,0,0
9.66,-1.89,0,0
13.22,15.07,1,0
11.03,10.36,1,0
8.83,12.39,0,0
-2.11,10.84,0,0
11.5,-3.08,0,0
11.72,7.5,1,0
14.98,-2.66,1,0
9.0,-2.21,0,0
13.6,-1.91,1,0
-0.71,-0.19,0,0
-3.53,9.99,1,0
-1.26,10.2,0,0
-3.85,-0.41,0,0
-2.93,0.07,0,0
7.91,14.27,0,0
-1.76,3.53,1,0
-3.9,9.75,0,0
10.82,11.65,0,0
9.84,-4.04,0,0
10.65,-1.62,0,0
10.39,-2.02,0,0
12.42,-2.09,0,0
-1.15,11.01,1,0
10.58,-1.44,0,0
-1.67,9.75,1,0
8.22,10.55,0,0
8.02,12.47,0,0
12.11,0.28,1,0
10.62,-1.68,0,0
9.26,-2.42,0,0
13.96,-0.04,1,0
11.13,-2.08,0,0
12.76,0.38,0,0
-3.12,0.71,1,0
8.7,12.7,0,0
12.32,-2.34,0,0
-3.87,0.27,1,0
-4.25,0.5,1,0
11.0,12.15,1,0
13.14,12.33,1,0
9.23,12.67,0,0
-2.33,0.15,0,0
-2.67,0.6,1,0
10.85,-2.82,0,0
11.08,-3.57,0,0
15.86,-0.83,1,0
9.04,14.63,0,0
10.52,11.02,1,0
-2.41,0.1,0,0
10.08,14.53,0,0
10.42,-3.97,0,0
11.31,-1.51,0,0
9.2,12.52,0,0
12.17,-2.45,1,0
-2.2,-1.74,0,0
12.73,14.16,1,0
12.79,-2.94,1,0
9.66,-3.12,0,0
-1.78,10.61,0,0
10.05,12.91,0,0
12.01,-3.01,1,0
8.75,12.1,0,0
11.87,-3.78,0,0
10.43,11.68,1,0
-1.66,9.09,1,0
14.9,1.54,1,0
9.94,11.96,0,0
11.12,-2.86,0,0
-0.7,8.86,0,0
9.44,-2.45,0,0
10.85,11.55,0,0
10.95,-1.07,0,0
10.35,-1.03,0,0
-3.33,10.12,1,0
11.04,-4.21,0,0
9.75,10.72,0,0
-0.47,11.7,0,0
11.29,12.99,0,0
-4.08,3.38,1,0
-3.54,8.97,1,0
11.66,-2.77,0,0
15.38,13.31,1,0
15.12,13.57,1,0
-2.76,10.31,0,0
11.62,-1.95,0,0
7.95,-5.25,0,0
-1.82,-1.2,0,0
9.45,12.53,0,0
13.74,-1.82,1,0
-3.45,8.86,1,0
9.53,12.69,0,0
10.69,-3.41,0,0
-4.1,0.36,0,0
11.73,-0.87,1,0
-2.15,10.79,0,0
13.12,-2.48,1,0
-2.88,-0.7,0,0
12.01,-2.87,0,0
9.68,12.76,0,0
12.08,14.32,0,0
13.61,11.32,1,0
11.2,13.19,0,0
10.47,11.79,0,0
-4.27,3.12,1,0
9.38,-2.96,0,0
10.41,10.94,0,0
-2.2,0.05,0,0
8.75,12.97,0,0
8.76,-3.2,0,0
13.06,12.71,1,0
9.26,13.01,0,0
9.14,11.96,0,0
11.85,13.87,0,0
-3.98,-0.32,0,0
-3.77,1.83,1,0
10.83,-1.5,0,0
-3.75,10.43,0,0
11.6,-2.93,0,0
-4.23,1.69,1,0
13.86,-2.72,1,0
-6.0,4.81,1,0
11.63,16.25,0,0
12.44,-2.85,0,0
10.26,11.98,0,0
11.06,11.88,1,0
11.46,12.4,0,0
8.84,12.8,0,0
9.51,12.76,0,0
-5.01,-0.8,0,0
12.85,-2.16,1,0
12.7,-4.82,1,0
9.12,12.73,0,0
10.62,12.44,0,0
-5.1,1.55,1,0
10.56,13.42,0,0
11.99,12.35,0,0
10.1,11.12,0,0
11.55,-1.26,0,0
9.59,13.09,0,0
10.34,-1.95,0,0
-4.07,0.55,0,0
-4.25,-0.88,0,0
10.66,14.24,0,0
12.39,-2.72,1,0
12.73,-3.43,1,0
10.21,-2.76,0,0
-3.7,0.93,1,0
12.37,-0.79,1,0
14.37,10.87,1,0
8.88,-2.71,0,0
13.21,0.86,1,0
10.54,13.18,0,0
11.33,13.43,0,0
-4.14,-0.05,0,0
12.56,0.2,1,0
12.18,9.02,1,0
12.28,-1.12,1,0
12.48,11.73,1,0
-3.14,11.23,1,0
-2.23,-0.64,0,0
13.34,-4.82,0,0
-3.29,10.59,0,0
9.98,13.95,0,0
9.36,-1.73,0,0
13.92,-3.5,1,0
10.23,14.09,0,0
12.82,-2.21,1,0
-3.78,2.24,1,0
12.55,11.75,1,0
10.98,-1.52,0,0
-3.78,0.09,0,0
9.64,12.52,0,0
11.28,15.25,0,0
-4.13,0.33,1,0
-3.63,1.35,1,0
-5.62,11.53,0,0
-3.94,6.11,1,0
-4.96,1.84,1,0
12.4,-1.48,1,0
10.19,15.3,0,0
-3.66,9.63,0,0
8.57,-0.24,0,0
-3.85,1.82,1,0
11.35,14.01,0,0
9.81,-2.25,0,0
-3.47,-0.44,0,0
8.94,-1.75,0,0
14.73,9.66,1,0
11.54,12.96,0,0
10.56,11.71,0,0
-1.11,10.43,0,0
-4.53,0.73,1,0
9.37,12.93,0,0
10.62,-1.7,0,0
13.72,-0.38,1,0
9.49,14.41,0,0
-2.26,2.62,1,0
11.4,-1.84,0,0
-4.2,10.34,0,0
-3.14,2.14,1,0
14.89,11.12,1,0
-3.54,10.55,0,0
16.7,0.41,1,0
-5.56,-0.03,1,0
10.86,13.72,0,0
-1.11,10.24,1,0
11.08,-0.38,1,0
11.95,-1.2,0,0
11.98,12.13,1,0
9.62,11.69,0,0
-0.76,10.86,0,0
10.81,0.12,1,0
-2.36,1.64,1,0
-2.15,1.22,0,0
8.75,-2.63,0,0
8.27,13.6,0,0
11.83,-1.23,0,0
-4.38,-0.05,1,0
9.17,12.03,0,0
11.02,12.95,0,0
11.91,13.78,0,0
11.49,13.67,0,0
9.63,14.92,0,0
13.27,12.69,1,0
11.53,-2.88,0,0
9.6,13.56,0,0
-3.5,2.29,1,0
4.5,2.39,0,0
13.11,-1.12,0,0
-4.1,-0.3,0,0
11.36,-1.82,0,0
9.0,-3.82,0,0
11.29,-1.71,0,0
9.94,-2.71,0,0
11.83,-0.31,1,0
8.95,14.69,0,0
12.54,-1.09,1,0
-1.15,2.77,1,0
12.23,-2.76,0,0
11.01,-2.81,0,0
16.39,1.13,1,0
11.61,14.39,0,0
8.96,-2.97,0,0
12.42,15.29,0,0
12.3,0.69,1,0
10.0,-1.31,0,0
-1.58,9.75,0,0
10.57,13.66,0,0
5.23,3.77,0,0
10.67,-2.42,0,0
13.21,11.58,1,0
-0.46,8.2,1,0
9.79,-1.15,1,0
8.87,-3.59,0,0
-2.13,9.51,1,0
11.88,-1.2,0,0
9.9,12.85,0,0
9.37,-3.41,0,0
9.88,13.03,0,0
12.78,13.87,0,0
12.0,-3.26,0,0
11.43,-3.36,0,0
13.25,-2.33,1,0
9.85,14.26,0,0
11.84,-0.51,1,0
8.98,12.37,0,0
12.56,16.89,0,1
-4.51,4.65,1,0
9.67,-1.61,0,0
-3.5,4.06,1,0
11.08,12.15,0,0
8.77,13.66,0,0
16.1,10.57,1,0
7.8,14.43,0,0
10.12,-1.33,0,0
11.06,-1.77,1,0
-4.04,9.09,1,0
9.37,-2.19,0,0
15.92,9.24,1,0
10.61,13.42,0,0
10.13,-2.57,0,0
9.22,-1.87,0,0
10.46,-1.38,0,0
-4.95,0.7,1,0
10.75,14.02,0,0
12.18,9.68,1,0
13.48,-2.24,1,0
11.64,-4.02,0,0
9.76,12.27,0,0
10.81,12.03,0,0
11.58,-3.0,0,0
-1.96,0.88,1,0
-2.55,1.58,1,0
11.28,-2.33,0,0
11.06,-0.9,0,0
10.26,-2.57,0,0
-3.86,11.29,0,0
13.3,1.03,1,0
9.11,12.5,0,0
9.22,11.34,0,0
9.82,-2.93,0,0
-3.29,11.18,0,0
11.46,-1.25,0,0
7.48,12.73,0,0
11.24,12.04,0,0
15.54,10.35,1,0
10.98,-2.26,0,0
12.16,-2.44,0,0
10.88,13.98,0,0
-1.3,8.65,1,0
-2.44,3.27,1,0
-2.48,-0.91,0,0
10.94,-1.66,0,0
-3.57,9.08,1,0
10.89,-1.15,0,0
10.74,12.35,0,0
-1.62,10.03,0,0
-2.22,11.78,0,0
8.7,11.18,0,0
10.47,-2.52,0,0
13.13,-1.93,1,0
11.03,-3.36,0,0
9.54,-2.7,0,0
-4.5,-0.56,0,0
8.36,-1.08,0,0
16.04,12.47,1,0
9.62,12.46,0,0
-2.34,0.95,1,0
9.93,12.89,0,0
12.82,-0.72,1,0
12.03,-1.03,0,0
11.47,-2.53,0,0
10.84,1.39,1,0
-4.06,1.84,1,0
11.71,-0.79,0,0
12.06,-1.57,0,0
10.64,14.29,0,0
10.79,11.7,0,0
11.88,-2.63,0,0
10.51,11.6,0,0
-3.6,0.41,0,0
10.46,-1.69,0,0
9.37,-3.06,0,0
-2.2,-0.23,0,0
-4.06,-1.56,0,0
12.97,-1.53,1,0
0.26,10.44,0,0
14.56,-0.53,1,0
14.0,14.16,1,0
0.25,11.96,0,0
-3.94,1.5,1,0
6.16,4.04,0,0
-6.15,1.58,1,0
-1.84,11.0,0,0
8.49,12.41,0,0
-2.74,0.9,1,0
-3.19,0.68,0,0
10.84,-4.02,0,0
11.92,-3.16,0,0
13.6,-0.98,1,0
9.83,15.53,0,0
11.74,10.95,1,0
-1.55,9.59,1,0
13.49,-2.22,1,0
13.36,13.63,1,0
16.2,-1.19,1,0
11.99,-0.84,0,0
10.81,13.96,0,0
11.13,-3.53,0,0
11.05,14.25,0,0
-2.44,-0.85,0,0
-3.13,11.53,0,0
-4.09,4.74,1,0
17.13,-0.15,1,0
10.55,14.17,0,0
11.58,14.59,0,0
-4.65,1.13,1,0
-2.43,2.62,1,0
12.94,-2.04,1,0
-4.2,1.32,1,0
11.89,-3.14,1,0
11.78,-1.85,0,0
10.01,-1.36,0,0
11.71,11.58,1,0
13.82,12.0,1,0
11.53,-2.43,0,0
11.45,-1.39,0,0
12.45,-2.54,0,0
-3.46,-2.28,0,0
11.82,-3.23,0,0
11.59,-0.98,1,0
12.61,-0.27,1,0
8.74,-4.07,0,0
12.43,11.51,1,0
12.94,-0.12,1,0
11.89,-1.18,0,0
11.62,12.17,0,0
7.81,12.75,0,0
13.07,-2.55,1,0
-2.61,9.72,1,0
-2.58,7.25,1,0
12.26,11.98,1,0
15.47,8.68,0,0
9.02,-2.67,0,0
10.82,15.25,0,0
13.59,-1.86,1,0
11.52,-1.79,0,0
-4.28,9.45,0,0
-4.33,2.03,1,0
10.24,-3.37,0,0
12.32,-3.25,1,0
-2.18,9.35,0,0
9.49,12.04,0,0
-4.21,-1.15,0,0
-3.68,0.98,1,0
11.28,13.33,0,0
9.05,13.92,0,0
11.33,11.24,1,0
8.7,14.39,0,0
13.67,9.87,1,0
8.26,-3.05,0,0
10.34,-0.8,1,0
14.49,-1.19,1,0
11.43,-1.67,0,0
12.55,-1.16,1,0
-2.07,3.97,1,0
-3.11,3.16,1,0
8.97,-1.5,0,0
9.65,14.74,0,0
9.88,-2.28,0,0
0.09,8.29,0,0
8.9,-2.87,0,0
15.9,-1.04,1,0
13.0,-0.57,1,0
-2.17,11.4,0,0
8.84,13.36,0,0
12.14,11.85,1,0
9.67,-4.68,0,0
9.32,-2.5,0,0
11.07,14.43,0,0
11.23,-0.81,1,0
-3.82,0.25,0,0
9.04,12.24,0,0
10.67,11.98,0,0
11.35,13.94,0,0
-4.01,-0.04,0,0
-3.98,1.2,1,0
13.63,8.89,1,0
9.73,11.13,0,0
9.5,-3.17,0,0
14.05,-0.68,1,0
-3.74,11.28,0,0
8.88,-2.56,0,0
-5.24,4.04,1,0
-5.01,9.76,0,0
-4.09,0.38,0,0
-2.01,-1.0,0,0
12.04,-2.73,1,0
11.49,11.39,1,0
10.22,-3.7,0,0
11.83,13.83,1,0
10.02,-3.22,0,0
-3.41,10.34,0,0
-2.99,-0.38,0,0
14.45,-1.8,1,0
11.31,-1.58,0,0
12.55,-2.24,0,0
13.59,-2.91,1,0
9.69,14.91,0,0
-3.9,-0.59,0,0
11.46,12.88,0,0
12.46,-1.66,1,0
8.38,13.17,0,0
-3.75,-0.21,0,0
8.86,13.68,0,0
10.0,12.12,0,0
10.03,-2.98,0,0
13.93,11.35,1,0
9.35,11.31,0,0
13.57,-2.01,1,0
9.65,-3.61,0,0
11.86,-1.98,0,0
8.86,12.53,0,0
-4.44,0.29,0,0
16.52,3.59,1,1
9.61,14.64,0,0
14.38,10.76,1,0
9.69,11.84,0,0
-1.62,9.27,1,0
-2.44,-0.74,0,0
11.65,-3.07,0,0
-2.42,-0.17,0,0
9.59,13.06,0,0
16.37,2.34,1,0
9.66,13.78,0,0
12.15,12.54,1,0
12.94,-2.1,1,0
-0.84,11.96,0,0
-1.27,6.85,1,0
8.44,13.66,0,0
-3.58,2.64,1,0
-3.71,-0.96,0,0
-2.27,0.12,0,0
9.67,-2.81,0,0
-4.52,0.45,1,0
-4.76,1.0,1,0
-4.52,1.66,1,0
-0.94,10.04,0,0
11.04,-1.2,0,0
12.01,13.79,0,0
4.14,6.24,0,0
7.53,-3.68,0,0
9.96,-2.0,0,0
-1.82,1.67,1,0
-3.52,11.78,0,0
-3.64,1.12,1,0
11.13,10.37,1,0
11.1,-3.33,0,0
9.22,11.43,0,0
11.6,12.68,0,0
10.62,13.64,0,0
11.1,-4.2,0,0
14.53,-3.98,1,0
-3.71,11.15,0,0
13.38,11.24,1,0
-1.68,1.63,0,0
10.3,-1.65,0,0
-4.08,0.83,1,0
10.03,11.11,0,0
-4.18,0.55,1,0
13.28,-2.17,1,0
-5.69,7.37,1,0
12.1,9.31,1,0
11.53,12.18,1,0
8.8,-3.53,0,0
9.93,11.97,0,0
-3.59,-1.53,0,0
-1.94,0.19,1,0
9.59,-2.44,0,0
13.96,10.81,1,0
11.41,13.18,0,0
-2.79,6.14,1,0
11.95,-3.11,0,0
-3.87,0.35,0,0
9.59,-2.34,0,0
9.43,12.81,0,0
-1.59,0.92,1,0
-3.18,10.72,0,0
13.14,-1.9,1,0
10.5,-2.16,0,0
12.52,-4.35,0,0
10.7,-4.01,0,0
11.32,13.06,0,0
9.96,-3.08,0,0
-1.99,11.19,0,0
11.73,-4.63,0,0
12.34,-2.89,0,0
10.64,-2.48,0,0
9.69,11.76,0,0
11.39,12.69,0,0
13.39,-1.78,1,0
9.75,14.17,0,0
-2.27,-0.3,0,0
9.74,-2.45,0,0
16.22,10.45,1,0
11.3,-2.83,0,0
13.62,8.09,1,0
13.53,1.54,1,0
10.52,13.99,0,0
10.46,13.02,0,0
9.93,-2.41,0,0
12.83,-2.53,0,0
9.2,12.52,0,0
-3.97,-0.67,0,0
10.13,-3.35,0,0
-4.47,0.34,1,0
-4.05,-0.36,0,0
9.63,-2.17,0,0
6.26,6.39,0,0
-1.32,1.46,0,0
14.86,-1.5,1,0
9.17,13.31,0,0
10.44,-2.15,0,0
9.54,-3.04,0,0
13.22,-0.84,1,0
12.49,-2.76,0,0
11.9,12.84,1,0
9.22,13.47,0,0
-4.12,4.67,1,0
15.82,9.57,1,0
-5.52,1.22,1,0
13.53,0.29,1,0
14.15,-0.87,1,0
10.55,-1.73,0,0
-3.58,3.59,1,0
13.04,-1.83,1,0
9.99,-4.69,0,0
-0.58,8.67,1,0
11.5,10.52,1,0
13.08,-2.58,1,0
-0.27,6.59,1,0
11.19,11.99,1,0
14.09,-1.54,1,0
11.69,-0.68,1,0
0.7,0.81,0,0
9.45,-3.64,0,0
12.53,-3.18,1,0
-2.47,1.47,1,0
8.53,-2.99,0,0
-2.06,6.92,1,0
11.4,-3.86,0,0
-2.7,10.29,0,0
9.17,-2.88,0,0
9.26,-2.24,0,0
10.14,0.32,1,0
-3.11,11.1,0,0
-3.59,0.27,0,0
10.63,-0.01,1,0
12.06,0.14,1,0
15.17,-1.46,1,0
11.15,-1.35,0,0
7.44,-3.51,0,0
1.48,3.63,0,0
14.09,12.42,1,0
12.62,-0.71,0,0
10.77,-2.1,0,0
-4.41,5.73,1,0
11.63,-2.3,1,0
15.35,-3.69,1,1
8.56,12.56,0,0
10.21,0.18,0,0
13.83,0.2,1,0
-2.27,-0.6,0,0
10.71,11.18,1,0
12.59,9.17,1,0
12.79,-1.19,1,0
12.23,-0.98,0,0
9.51,-1.8,0,0
9.65,-3.91,0,0
14.0,-0.5,1,0
10.46,14.99,0,0
10.74,-3.43,0,0
11.17,-1.55,0,0
-3.07,-1.85,0,0
12.77,-2.43,1,0
11.32,12.76,0,0
-3.81,2.65,1,0
12.43,11.5,1,0
-4.55,-0.98,0,0
-4.61,1.13,1,0
-2.05,10.7,0,0
8.64,-1.48,0,0
11.84,9.84,1,0
11.37,12.09,1,0
10.81,-3.06,0,0
18.9,9.88,1,1
-2.06,-0.38,0,0
-4.01,9.21,1,0
-3.99,-0.2,0,0
8.69,-2.6,0,0
9.54,-1.67,0,0
11.7,12.9,0,0
12.07,12.12,1,0
-4.08,10.47,1,0
13.27,-0.66,1,0
11.1,13.43,0,0
11.08,-1.85,0,0
-3.07,0.82,0,0
12.13,10.21,1,0
-1.87,-1.02,0,0
-2.86,2.71,0,0
11.86,-1.44,0,0
-4.58,0.98,1,0
11.42,-0.77,0,0
-1.63,0.38,1,0
13.31,-1.99,1,0
-4.41,8.1,1,0
12.12,-1.36,1,0
13.05,11.6,1,0
-3.42,-0.53,0,0
-1.27,10.88,0,0
10.97,10.57,1,0
11.9,12.96,1,0
10.7,-2.04,0,0
-0.8,-2.01,0,0
9.7,-2.1,0,0
14.71,11.99,1,0
13.59,-0.13,1,0
10.76,-3.31,0,0
-5.22,0.14,1,0
-3.38,1.89,1,0
10.48,14.17,0,0
-1.98,7.24,1,0
10.54,12.65,0,0
10.25,11.69,0,0
11.53,13.21,0,0
-1.35,9.36,1,0
-4.78,-0.41,0,0
-4.53,-0.15,1,0
-2.6,2.47,1,0
13.64,-3.96,1,0
10.47,-3.66,0,0
8.47,-2.62,0,0
11.65,-2.55,0,0
11.43,10.89,1,0
10.47,12.48,0,0
-1.62,10.28,0,0
11.61,-3.67,1,0
-5.61,7.96,1,0
-4.42,0.54,0,0
-4.79,2.67,1,0
-2.38,2.62,1,0
13.49,-1.8,1,0
11.46,-3.13,0,0
14.7,-2.03,1,0
9.6,15.26,0,0
11.32,-2.15,0,0
-3.72,0.43,0,0
-6.2,-0.38,1,0
-0.5,10.74,1,0
-4.64,4.78,1,0
9.95,-2.98,0,0
10.0,11.95,0,0
12.49,-0.79,1,0
9.86,-2.19,0,0
-4.7,2.85,1,0
11.43,0.12,1,0
14.4,7.56,1,0
8.09,-1.55,0,0
11.02,-2.04,0,0
8.85,12.76,0,0
9.95,11.4,0,0
-2.26,-0.88,0,0
8.76,13.09,0,0
15.7,8.44,1,0
-4.68,-1.17,0,0
-3.09,0.08,1,0
12.02,-1.22,0,0
-3.77,-0.28,0,0
-4.55,-1.19,0,0
11.09,-1.51,0,0
10.62,13.56,0,0
-3.1,-0.61,0,0
-2.26,-1.11,0,0
-3.27,1.4,1,0
13.31,-3.67,1,0
8.75,13.03,0,0
5.95,14.47,0,0
11.26,-0.72,0,0
10.62,14.59,0,0
-3.67,10.52,0,0
-4.67,-0.96,0,0
8.12,12.31,0,0
-3.52,7.03,1,0
11.03,-1.26,0,0
11.93,10.89,1,0
-2.32,9.45,0,0
10.24,-1.54,0,0
10.24,10.44,1,0
9.71,13.83,0,0
11.68,14.74,0,0
12.27,-3.21,1,0
9.35,13.87,0,0
-1.62,10.48,0,0
16.82,9.75,1,0
-4.04,10.86,0,0
10.88,-2.97,0,0
10.67,-3.69,0,0
11.09,-2.11,0,0
-1.61,10.86,0,0
-4.59,0.04,1,0
10.28,-4.35,0,0
14.74,-0.27,1,0
10.41,14.01,0,0
-1.24,10.77,0,0
9.23,12.14,0,0
-4.33,1.44,1,0
14.14,-1.87,1,0
-4.21,-0.68,0,0
12.19,-2.62,1,0
-2.46,8.18,1,0
-3.92,1.62,1,0
10.96,-1.4,0,0
13.11,-3.33,1,0
9.22,-2.48,0,0
-0.32,8.49,1,0
13.62,13.46,1,0
11.21,13.64,0,0
10.9,-1.89,0,0
11.1,-2.19,0,0
-2.9,7.58,1,0
11.6,14.23,0,0
-3.46,11.48,0,0
9.17,-1.47,0,0
12.6,10.42,1,0
-5.12,0.24,1,0
-6.2,-6.92,0,1
-3.98,2.69,1,0
12.93,-3.15,1,0
14.04,0.02,1,0
-3.77,7.95,1,0
-2.4,8.09,1,0
12.75,-3.4,0,0
-2.66,-0.35,0,0
12.04,12.98,1,0
13.78,-1.16,0,0
11.57,-3.04,0,0
7.21,15.79,0,0
10.12,11.93,0,0
10.84,-2.6,0,0
-3.57,2.31,1,0
-3.0,4.4,1,0
10.13,12.25,0,0
12.39,12.36,1,0
9.16,-2.43,0,0
10.35,12.92,0,0
10.48,-2.58,0,0
15.85,1.23,1,0
-4.32,1.92,1,0
12.06,-3.39,0,0
-2.89,1.37,1,0
10.12,13.9,0,0
11.51,-2.92,0,0
-2.26,8.96,1,0
-3.3,2.86,1,0
-4.42,-0.52,0,0
-1.43,10.93,1,0
10.33,13.64,0,0
10.51,13.75,0,0
-2.37,2.29,1,0
9.5,14.7,0,0
11.26,-3.24,0,0
11.28,11.94,0,0
-2.67,7.89,1,0
-2.48,1.66,1,0
10.45,-3.74,0,0
10.7,12.07,0,0
-2.09,-0.97,0,0
6.84,-2.51,0,0
9.84,12.94,0,0
-3.55,0.53,0,0
10.5,-2.39,0,0
10.24,11.1,0,0
10.12,-1.8,0,0
-3.84,-0.81,0,0
12.93,10.58,1,0
9.41,-2.72,0,0
6.28,4.15,0,0
15.29,0.6,1,0
-3.67,2.11,1,0
13.75,-2.53,1,0
-2.95,-0.09,0,0
-4.74,1.68,1,0
1.68,3.85,0,0
-1.65,9.29,1,0
-0.48,4.7,1,0
-3.27,10.47,0,0
-0.78,8.94,1,0
-1.68,6.61,1,0
9.79,-1.71,0,0
10.15,11.77,0,0
-2.21,10.02,0,0
12.79,-0.14,1,0
-4.94,-0.36,1,0
-3.35,8.98,1,0
10.71,-3.25,0,0
9.99,-2.37,0,0
10.64,-1.53,0,0
2.64,5.14,0,0
12.29,-2.4,0,0
10.92,14.09,0,0
13.62,-1.78,1,0
13.69,12.53,1,0
-3.35,11.72,0,0
9.15,-1.59,0,0
11.09,-3.27,0,0
-4.38,2.82,1,0
14.45,11.85,1,0
11.79,-3.22,0,0
12.4,-1.33,1,0
-3.01,10.4,0,0
8.98,-2.22,0,0
10.18,-1.93,0,0
15.84,2.04,1,0
9.35,11.54,0,0
11.94,-2.57,1,0
16.25,-0.44,1,0
10.58,-1.33,0,0
12.46,-1.31,0,0
-4.68,10.48,0,0
14.27,-0.94,1,0
-1.78,8.59,1,0
-3.16,9.36,0,0
10.54,10.78,0,0
11.05,-3.02,0,0
-3.3,11.57,0,0
16.25,10.21,1,0
14.12,-0.92,1,0
-1.44,10.81,0,0
11.4,-0.06,0,0
-4.33,1.96,1,0
-3.2,8.14,1,0
-4.74,2.06,1,0
8.99,-3.07,0,0
-1.39,10.44,0,0
12.56,-0.23,1,0
10.38,14.01,0,0
8.15,-2.52,0,0
-4.25,-0.62,1,0
-3.35,0.0,0,0
7.62,-2.72,0,0
10.81,-1.77,0,0
12.69,-2.32,0,0
-5.02,4.63,1,0
13.27,-1.49,1,0
11.25,-4.5,0,0
12.2,-2.86,1,0
-3.38,9.13,1,0
9.55,12.79,0,0
9.03,-2.92,0,0
12.3,-2.63,1,0
10.18,-3.95,0,0
11.24,8.56,1,0
13.13,11.65,1,0
9.1,-2.61,0,0
10.45,10.27,0,0
10.77,13.62,0,0
10.8,14.08,0,0
-3.97,2.55,1,0
16.39,11.49,1,0
11.26,-0.73,1,0
-2.74,3.22,1,0
9.93,11.54,0,0
-5.93,-0.32,1,0
11.51,-3.13,0,0
13.28,10.75,1,0
10.28,-2.91,0,0
7.86,-3.71,0,0
9.85,-1.28,0,0
13.81,10.45,1,0
-1.92,8.69,1,0
14.27,12.61,1,0
11.63,-3.34,0,0
10.34,11.49,0,0
-4.49,0.08,1,0
0.41,5.33,0,0
-4.18,1.22,1,0
9.73,-1.6,0,0
12.3,12.27,1,0
10.31,12.86,0,0
13.82,0.48,1,0
-2.95,3.52,0,0
-0.98,10.2,0,0
11.97,12.31,0,0
11.82,-1.53,1,0
10.86,-3.12,0,0
14.76,12.55,1,0
9.54,14.29,0,0
9.38,-2.37,0,0
-2.56,10.09,0,0
9.79,-2.1,0,0
-1.88,11.34,0,0
9.41,-1.53,0,0
-4.68,3.13,1,0
9.42,12.17,0,0
12.78,14.6,1,0
-1.57,10.97,0,0
-1.69,8.99,1,0
8.84,12.07,0,0
10.25,13.82,0,0
10.26,12.43,0,0
-3.15,-0.63,0,0
12.64,12.51,1,0
-2.37,8.44,1,0
-2.89,4.86,1,0
12.5,-3.96,0,0
-2.4,10.07,0,0
11.02,14.16,0,0
14.94,14.42,1,0
11.19,-2.88,0,0
13.54,-0.04,1,0
9.73,12.57,0,0
9.72,-2.45,0,0
11.26,-4.96,1,0
9.73,15.8,0,0
-3.99,9.97,0,0
16.24,0.74,1,0
11.42,-1.14,1,0
-3.42,2.62,1,0
13.62,12.2,1,0
-5.03,-0.17,1,0
13.89,-2.97,1,0
-3.37,0.44,1,0
11.27,12.34,0,0
9.97,10.58,0,0
9.69,15.81,0,0
-2.23,-0.7,0,0
12.41,14.96,0,0
12.63,-2.12,0,0
13.42,-1.0,1,0
-1.39,10.86,0,0
9.94,-1.92,0,0
14.93,12.37,1,0
12.8,12.02,1,0
16.32,-1.42,1,0
-3.24,10.99,0,0
12.38,-2.37,0,0
1.02,2.32,0,0
-4.1,0.07,0,0
14.55,-1.6,1,0
9.49,-2.84,0,0
11.03,-2.24,0,0
13.14,-3.11,1,0
-3.82,9.13,1,0
12.06,14.98,0,0
-3.8,0.43,0,0
9.95,9.84,1,0
12.99,8.83,1,0
-1.77,9.92,0,0
-2.72,-0.23,0,0
-4.61,2.34,1,0
11.74,-0.88,0,0
-4.61,0.29,1,0
12.72,-3.96,1,0
-5.2,1.98,1,0
-2.91,6.05,1,0
13.27,-1.21,1,0
14.76,-0.49,0,0
-3.1,0.63,0,0
-4.74,0.75,1,0
10.45,-0.67,0,0
9.55,0.18,0,0
12.29,-1.19,1,0
11.0,-3.36,0,0
13.88,11.12,1,0
-3.22,1.26,1,0
17.05,0.74,1,0
-5.06,-0.58,0,0
13.03,-2.41,1,0
13.06,8.56,1,0
-4.15,0.47,0,0
12.42,-0.16,0,0
13.52,0.51,1,0
10.39,14.69,0,0
9.74,-1.39,0,0
11.16,11.59,1,0
-3.85,-0.33,0,0
11.8,12.95,1,0
-2.14,1.17,1,0
-4.22,-0.64,0,0
9.22,-1.77,0,0
10.48,-2.05,0,0
10.81,-2.12,0,0
10.45,11.52,0,0
1.96,5.66,0,0
10.89,-2.61,0,0
11.49,-0.57,1,0
-1.52,0.83,1,0
11.65,-3.67,0,0
11.22,-2.14,0,0
-4.41,0.86,1,0
12.17,-1.72,0,0
15.62,-1.72,1,0
11.53,-2.72,0,0
10.32,-2.58,0,0
12.23,-2.83,1,0
-2.32,0.49,0,0
8.9,-2.21,0,0
15.4,0.01,1,0
-4.49,0.32,0,0
10.83,-2.27,0,0
15.62,10.43,1,0
10.76,12.05,0,0
10.69,-3.32,0,0
-3.52,0.57,0,0
-4.04,-0.14,0,0
-1.81,9.22,1,0
11.4,13.41,0,0
-5.74,1.88,1,0
-0.62,11.25,0,0
-3.29,0.07,0,0
11.16,11.43,1,0
-1.38,8.14,1,0
-3.07,0.02,0,0
9.42,14.4,0,0
10.91,10.91,1,0
10.22,11.34,0,0
-1.84,2.61,1,0
-3.64,8.76,0,0
11.32,-1.04,0,0
14.3,-0.81,1,0
12.42,-1.26,0,0
9.57,-2.47,0,0
12.43,-2.44,0,0
-4.25,1.74,1,0
-4.33,10.67,0,0
-4.53,1.49,1,0
9.18,-2.88,0,0
11.49,-2.0,0,0
-1.51,10.67,0,0
9.3,-2.71,0,0
13.7,-2.11,1,0
11.25,-3.45,0,0
10.1,10.86,0,0
11.67,12.33,1,0
12.06,-3.46,0,0
10.53,11.29,0,0
10.2,11.89,0,0
9.84,12.59,0,0
11.56,14.31,0,0
-4.3,2.86,1,0
-4.42,-1.5,0,0
13.86,0.63,1,0
-2.11,9.57,0,0
-1.76,10.02,1,0
9.47,13.75,0,0
11.44,-3.02,0,0
10.56,-2.62,0,0
10.49,-1.91,0,0
16.51,-1.34,1,0
-3.12,11.95,0,0
10.64,13.54,0,0
-1.48,-2.82,0,0
12.02,-1.74,0,0
14.74,0.74,1,0
12.02,-3.1,0,0
11.11,-3.16,0,0
-3.83,-0.33,0,0
-2.57,10.33,0,0
-0.29,10.5,1,0
-2.74,0.23,0,0
13.6,-1.74,1,0
10.7,-1.54,0,0
15.89,1.03,1,0
-0.64,1.86,1,0
10.2,13.97,0,0
12.75,-1.46,1,0
12.04,-3.04,1,0
10.28,-2.63,0,0
-4.66,0.13,0,0
10.5,13.77,0,0
11.15,-2.73,0,0
11.17,-1.07,0,0
-2.09,3.4,1,0
12.14,-0.26,1,0
10.52,-1.56,0,0
11.79,0.4,1,0
13.24,10.54,1,0
-3.89,-0.37,0,0
9.69,12.58,0,0
12.91,-0.64,1,0
-4.35,1.08,1,0
10.49,14.09,0,0
9.11,15.12,0,0
9.79,-2.32,0,0
9.17,13.52,0,0
12.93,13.14,0,0
14.83,2.6,1,0
13.68,0.95,1,0
10.68,14.63,0,0
12.52,-2.32,1,0
11.12,13.48,0,0
13.57,-0.74,1,0
12.69,-1.19,1,0
5.4,4.09,0,0
17.22,10.7,1,0
10.84,-1.82,0,0
-0.53,-0.4,0,0
-3.68,8.39,0,0
8.17,13.34,0,0
12.39,0.24,1,0
11.7,13.12,0,0
11.45,-2.21,0,0
12.41,-5.58,1,0
11.49,-3.59,0,0
-3.5,0.13,0,0
9.2,12.27,0,0
9.22,13.09,0,0
-3.12,9.3,0,0
0.57,7.62,1,0
10.3,12.55,0,0
13.42,-2.52,1,0
11.85,12.61,0,0
13.99,11.71,1,0
11.83,11.63,1,0
11.38,-0.07,1,0
-2.16,9.52,0,0
-2.3,-0.53,0,0
8.96,15.33,0,0
12.03,-0.81,1,0
14.34,-1.69,1,0
12.01,-0.94,0,0
-1.55,9.64,0,0
14.63,-2.36,1,0
8.99,-1.72,0,0
8.64,13.91,0,0
11.23,11.01,1,0
10.13,-2.52,0,0
11.54,10.51,1,0
11.67,-2.62,0,0
13.95,-3.4,1,0
12.46,-2.55,0,0
13.03,0.09,1,0
5.72,4.12,0,0
-5.97,7.01,1,0
11.35,-2.97,0,0
10.29,11.32,1,0
14.76,-0.93,1,0
12.34,13.18,1,0
11.38,12.98,0,0
-1.33,9.65,1,0
9.41,-2.8,0,0
11.73,-3.4,0,0
8.27,12.89,0,0
9.55,-4.52,0,0
13.81,-1.32,1,0
11.8,15.62,0,0
11.24,-4.0,0,0
10.4,-2.86,0,0
-3.9,1.43,1,0
11.72,-4.63,0,0
11.56,14.06,0,0
11.08,13.28,0,0
-2.82,9.62,1,0
-2.9,0.43,0,0
9.91,12.1,0,0
12.67,12.44,1,0
9.96,-4.34,0,0
9.74,-4.13,0,0
-4.44,-0.4,1,0
13.76,11.37,1,0
14.3,-1.97,1,0
9.82,12.32,0,0
13.05,-4.08,1,0
-4.08,0.61,1,0
11.59,-1.48,0,0
-2.44,-0.38,0,0
12.22,-0.74,1,0
13.05,-2.02,1,0
8.0,-2.44,0,0
11.54,12.67,0,0
10.67,-3.85,0,0
13.93,14.15,1,0
12.9,-1.98,1,0
-1.77,-1.63,0,0
10.4,11.2,0,0
10.88,14.12,0,0
9.95,-1.86,0,0
10.9,-1.79,0,0
10.88,12.04,0,0
11.13,9.54,1,0
11.2,-1.68,0,0
-4.23,0.48,1,0
10.95,13.91,0,0
-3.81,3.72,1,0
12.13,9.04,1,0
-3.07,7.86,1,0
10.16,12.81,0,0
-4.16,0.81,1,0
10.05,-3.83,0,0
-3.73,10.56,0,0
10.01,14.47,0,0
12.79,-0.48,0,0
14.05,-2.2,1,0
-3.93,9.85,1,0
11.09,-1.45,0,0
11.29,13.55,0,0
-1.95,-0.62,0,0
-4.03,0.73,1,0
11.69,-3.25,0,0
9.75,-1.67,0,0
12.09,-3.33,1,0
-2.67,-0.46,0,0
12.72,-2.51,0,0
11.81,-3.33,0,0
8.73,-3.25,0,0
-0.71,9.2,1,0
13.66,-1.75,1,0
-2.9,11.18,0,0
6.46,3.72,0,0
11.82,-2.62,0,0
11.85,-2.74,0,0
11.23,-3.37,0,0
8.94,13.36,0,0
-3.9,-1.43,0,0
-4.38,1.07,1,0
11.68,12.2,1,0
10.49,-4.62,0,0
10.07,-4.06,0,0
-3.32,10.04,0,0
11.94,12.96,0,0
11.54,-3.35,0,0
12.36,-0.93,1,0
-2.45,-1.49,0,0
12.71,-0.57,0,0
-4.13,7.61,1,0
8.92,-2.56,0,0
10.86,-4.42,0,0
9.74,-1.81,0,0
7.4,-2.38,0,0
12.19,-1.43,1,0
10.47,14.43,0,0
-0.71,11.04,0,0
-5.25,4.18,1,0
9.48,13.43,0,0
12.04,-2.19,0,0
12.71,10.5,1,0
11.1,11.6,0,0
9.11,-1.06,0,0
9.42,11.65,0,0
-1.38,-0.58,0,0
8.78,14.41,0,0
9.6,13.66,0,0
11.0,-2.22,0,0
-3.07,5.85,1,0
-2.49,2.51,1,0
12.15,-1.95,1,0
-4.28,1.07,1,0
10.8,-4.91,0,0
14.82,-2.58,1,0
9.71,-2.98,0,0
-2.64,5.96,1,0
-1.63,5.45,1,0
15.47,1.15,1,0
11.43,-3.19,0,0
12.94,10.15,1,0
8.43,14.78,0,0
10.52,-2.17,0,0
8.65,13.73,0,0
12.91,13.22,1,0
-1.36,10.21,0,0
12.94,-2.35,1,0
8.73,11.1,0,0
14.73,-3.55,1,0
-3.01,-1.61,0,0
13.19,-2.73,1,0
13.03,-1.22,1,0
-4.28,11.01,0,0
9.8,13.24,0,0
16.21,-3.67,1,1
-5.55,8.72,1,0
10.85,10.62,1,0
9.81,15.38,0,0
-3.01,10.73,1,0
0.31,12.16,0,0
-2.69,8.0,1,0
11.4,-1.7,1,0
-1.73,-1.56,0,0
-2.85,0.1,0,0
9.4,-0.57,0,0
12.13,-1.24,0,0
-2.52,3.89,1,0
9.38,-1.14,0,0
10.16,-3.45,0,0
-2.52,-1.29,0,0
13.28,-2.58,1,0
13.32,0.56,1,0
11.83,-0.87,1,0
11.91,-4.84,0,0
-1.88,0.68,0,0
-3.95,7.48,1,0
12.82,0.37,1,0
-3.64,-0.44,0,0
12.38,11.17,1,0
13.14,-1.77,1,0
12.19,12.61,0,0
13.85,-1.62,1,0
-5.86,2.38,1,0
9.55,-2.69,0,0
9.36,-2.49,0,0
9.71,12.81,0,0
-2.41,-1.66,0,0
9.18,11.39,0,0
13.09,-2.04,1,0
-4.08,-0.5,0,0
10.82,9.75,0,0
13.2,-0.65,1,0
-3.8,10.4,0,0
10.04,-1.8,0,0
-3.68,2.01,1,0
12.32,-0.69,1,0
-2.6,-1.25,0,0
11.33,-1.5,0,0
11.0,-1.48,0,0
8.24,10.16,0,0
-3.48,5.07,1,0
10.34,-3.56,0,0
15.28,11.54,1,0
-2.04,-1.0,0,0
13.18,9.82,1,0
-2.93,10.48,0,0
15.09,13.96,1,0
9.38,12.84,0,0
-3.26,6.61,1,0
12.14,-3.11,0,0
9.52,16.23,0,0
11.19,-0.91,1,0
10.68,-1.61,0,0
10.23,9.19,1,0
-2.65,-0.24,0,0
8.6,13.72,0,0
-2.39,0.27,0,0
10.48,14.88,0,0
10.01,11.48,0,0
10.65,10.99,0,0
9.21,13.6,0,0
-4.08,0.51,0,0
12.29,-2.52,1,0
10.69,13.47,0,0
10.61,-2.21,0,0
14.69,-0.26,1,0
9.74,12.31,0,0
13.06,-2.45,1,0
-2.93,10.2,0,0
12.32,0.06,1,0
8.28,-3.34,0,0
10.27,13.7,0,0
-4.14,-0.23,0,0
11.29,-3.23,0,0
14.63,9.62,1,0
9.81,-2.14,0,0
-4.78,2.04,1,0
-3.13,10.92,0,0
10.72,13.63,0,0
5.3,3.9,0,0
11.56,-0.1,1,0
10.17,-2.89,0,0
10.26,15.04,0,0
10.32,-4.61,0,0
7.79,-1.37,0,0
11.37,12.61,0,0
-2.31,-1.19,0,0
12.21,-4.38,1,0
10.32,14.33,0,0
11.79,-3.56,0,0
-1.61,10.57,0,0
10.27,12.68,0,0
12.18,-0.17,1,0
11.25,13.9,0,0
12.91,-2.64,1,0
8.57,15.25,0,0
12.62,-2.62,0,0
12.06,-3.31,0,0
13.59,-0.13,1,0
16.62,9.87,1,0
-2.55,7.65,1,0
13.63,-1.73,1,0
10.57,-3.98,0,0
10.51,14.08,0,0
8.84,-3.32,0,0
14.47,11.42,1,0
-3.56,1.94,1,0
-3.04,-1.33,0,0
8.28,15.91,0,0
11.79,11.09,1,0
-0.89,10.37,0,0
-2.36,9.39,1,0
11.47,-0.89,0,0
10.02,11.32,0,0
-3.05,-0.58,0,0
11.99,-1.83,0,0
10.0,11.62,0,0
-4.01,9.41,1,0
-2.03,-2.73,0,0
-4.12,0.82,1,0
-1.83,10.4,0,0
14.1,13.46,1,0
10.51,-3.79,0,0
10.58,-0.92,0,0
10.88,-3.79,0,0
13.12,1.15,1,0
-1.75,10.01,0,0
12.2,12.33,1,0
-4.05,-0.36,0,0
11.64,13.38,1,0
10.41,11.34,0,0
-1.64,1.13,1,0
13.44,11.68,1,0
10.64,-1.18,0,0
11.94,-1.55,0,0
12.8,-0.77,0,0
11.6,0.21,0,0
9.31,-1.79,0,0
14.6,-1.78,1,0
7.78,13.84,0,0
-2.2,10.47,0,0
10.43,12.66,0,0
-2.64,0.61,0,0
-4.39,-0.15,1,0
-4.45,-0.02,1,0
12.78,-0.5,1,0
12.92,12.26,1,0
10.42,-3.45,0,0
10.26,-3.41,0,0
11.66,-1.59,1,0
5.56,7.11,0,0
-1.71,1.32,1,0
10.84,-1.71,0,0
10.98,-3.26,0,0
15.44,-1.23,1,0
12.36,-3.16,1,0
10.15,12.82,0,0
-3.31,8.95,0,0
11.52,-1.04,0,0
9.47,-3.12,0,0
11.14,10.64,0,0
11.87,-4.51,0,0
9.86,-1.89,0,0
-3.63,5.25,1,0
11.55,-2.37,0,0
-3.97,-0.12,1,0
10.07,-1.95,0,0
-2.8,-0.32,0,0
9.02,11.72,0,0
-3.98,1.27,1,0
13.28,14.68,1,0
-3.09,-0.27,0,0
11.08,13.23,0,0
-2.82,5.31,1,0
11.52,-3.18,0,0
17.7,10.55,1,0
9.44,12.88,0,0
-3.09,3.61,1,0
9.12,12.78,0,0
-0.55,2.93,1,0
11.54,11.07,1,0
13.06,-4.32,1,0
13.99,9.07,1,0
15.89,-1.48,1,0
10.97,-3.54,0,0
12.84,-1.54,0,0
12.23,-1.2,0,0
12.43,-2.54,0,0
11.85,-1.17,0,0
11.01,0.67,1,0
9.93,-4.54,0,0
-1.18,10.32,0,0
-2.01,9.95,0,0
10.34,14.47,0,0
-5.05,1.35,1,0
-4.52,-0.42,1,0
10.2,-1.79,0,0
-1.76,3.82,1,0
10.17,14.86,0,0
-3.11,0.19,0,0
10.39,11.96,0,0
12.64,-1.55,0,0
13.3,10.99,1,0
13.51,13.51,0,0
8.8,-0.87,0,0
-2.85,0.48,0,0
13.31,11.0,1,0
8.86,-1.67,0,0
-3.89,2.02,1,0
9.44,14.85,0,0
-5.07,1.71,1,0
12.14,-1.6,0,0
12.78,-2.29,0,0
10.32,-1.5,0,0
8.54,-2.85,0,0
9.56,14.84,0,0
-2.45,7.6,1,0
13.12,-0.75,1,0
-5.93,10.86,0,0
13.44,9.82,1,0
9.31,-3.46,0,0
-2.98,3.55,1,0
9.39,-1.77,0,0
-4.52,6.09,1,0
-4.6,0.26,0,0
-4.16,10.74,0,0
12.64,9.65,1,0
-5.27,8.16,1,0
11.81,-1.21,0,0
12.08,-3.41,0,0
-3.84,0.06,0,0
9.43,12.94,0,0
10.69,12.27,0,0
15.29,0.01,1,0
12.79,-2.51,1,0
10.69,-1.65,0,0
11.47,-3.14,0,0
9.29,13.59,0,0
13.45,13.15,1,0
10.79,-1.54,0,0
10.78,13.56,0,0
10.04,-2.7,0,0
12.09,-2.61,0,0
12.93,-4.18,1,0
-2.84,-0.67,0,0
9.35,-1.35,0,0
15.16,-0.28,1,0
14.83,-0.09,1,0
14.0,13.74,1,0
13.96,-0.52,1,0
15.44,-1.84,1,0
11.75,-2.94,0,0
11.4,-3.43,0,0
-3.74,5.32,1,0
12.16,-0.98,0,0
12.48,-3.19,1,0
-1.99,0.12,0,0
11.38,14.03,0,0
-3.01,0.68,0,0
10.08,12.78,0,0
-3.3,1.34,0,0
11.44,-1.34,0,0
-5.02,0.79,1,0
13.22,-2.41,1,0
-2.43,0.21,0,0
10.93,-1.59,0,0
11.87,-0.71,0,0
11.35,11.42,1,0
-4.8,0.99,1,0
11.07,12.02,1,0
-3.16,-1.36,0,0
11.5,-3.25,0,0
1.94,4.87,0,0
7.72,-1.61,0,0
8.98,13.37,0,0
-3.57,1.61,1,0
-3.02,6.17,1,0
-4.67,0.23,1,0
15.1,14.43,1,0
10.61,11.21,1,0
12.71,-2.57,0,0
-2.31,0.83,1,0
12.17,-0.34,1,0
-3.09,0.59,1,0
-1.05,12.69,0,0
-4.73,-0.39,1,0
-2.16,0.39,0,0
-3.54,10.72,0,0
11.59,13.59,0,0
10.26,15.62,0,0
8.75,13.57,0,0
9.64,12.43,0,0
10.89,13.7,0,0
-3.2,1.71,1,0
10.95,-1.96,0,0
11.86,-3.48,0,0
13.35,-0.56,1,0
-2.4,2.43,1,0
-1.67,10.16,0,0
10.2,-2.93,0,0
11.56,10.22,1,0
13.15,-3.1,1,0
11.51,-1.16,0,0
-2.56,2.13,1,0
-2.54,0.57,1,0
15.86,8.53,1,0
11.24,12.97,0,0
-2.58,6.84,1,0
10.18,13.48,0,0
12.67,-3.24,0,0
16.1,0.31,1,0
-1.6,-0.99,0,0
-4.7,0.25,0,0
9.13,-1.87,0,0
-4.72,0.44,1,0
10.55,-1.65,0,0
10.95,-1.31,0,0
-0.14,0.09,0,0
12.39,-2.22,0,0
11.56,-2.56,0,0
10.66,-2.89,0,0
9.18,-2.77,0,0
-2.38,2.51,1,0
13.12,-2.35,1,0
11.25,-2.72,0,0
12.18,11.89,1,0
13.8,10.19,1,0
11.2,13.01,0,0
8.34,14.03,0,0
10.77,-1.38,0,0
9.8,-3.01,0,0
-2.01,7.38,1,0
10.58,-1.63,0,0
10.23,-3.84,0,0
9.98,-3.81,0,0
10.61,-3.47,0,0
10.37,-0.34,0,0
11.01,-1.58,0,0
11.37,-1.1,1,0
11.33,12.64,0,0
-3.37,0.38,1,0
13.15,-2.22,1,0
10.52,11.38,1,0
-2.86,-0.6,0,0
10.12,-2.18,0,0
-3.26,11.92,0,0
8.94,-1.42,0,0
11.29,-2.08,0,0
9.76,-1.93,0,0
-5.48,4.12,1,0
-4.22,3.51,1,0
10.49,12.71,0,0
-2.05,0.09,0,0
14.73,-1.13,1,0
7.39,13.02,0,0
13.14,-3.01,1,0
-3.2,10.56,0,0
-3.89,-0.34,0,0
10.36,-2.0,0,0
5.23,4.49,0,0
-4.67,1.98,1,0
12.27,9.51,1,0
11.65,-1.24,0,0
13.68,13.17,1,0
-3.19,1.75,1,0
-5.69,1.67,1,0
11.07,-3.66,0,0
10.57,13.98,0,0
-4.08,7.73,1,0
11.12,-3.35,0,0
10.92,-3.77,0,0
11.17,-4.29,0,0
-2.49,9.96,1,0
-2.67,11.74,0,0
10.1,-1.27,0,0
10.15,-2.84,0,0
11.28,14.33,0,0
11.78,-2.54,0,0
11.79,12.31,1,0
9.83,-2.29,0,0
10.41,-3.65,0,0
-1.84,-0.42,0,0
11.74,-2.96,0,0
-2.35,-0.76,0,0
11.74,-1.38,0,0
-2.21,-0.46,0,0
9.81,-1.95,0,0
10.08,14.87,0,0
10.8,10.49,1,0
10.33,11.81,0,0
-4.25,1.14,1,0
12.15,1.57,1,0
8.7,12.2,0,0
9.88,-2.02,0,0
12.46,12.3,1,0
-1.85,9.67,0,0
11.71,12.43,1,0
11.04,-3.8,0,0
10.62,-1.32,0,0
10.19,-1.64,0,0
12.12,10.67,1,0
12.46,9.57,1,0
-0.99,9.78,0,0
2.56,3.75,0,0
-1.69,10.55,0,0
0.7,1.16,0,0
7.87,-3.0,0,0
11.39,-2.48,0,0
12.54,9.92,1,0
-4.6,-0.4,0,0
13.1,9.24,1,0
-4.39,4.48,1,0
14.01,-1.98,1,0
11.62,-3.17,0,0
-1.58,10.47,0,0
-4.4,1.31,1,0
10.12,11.58,0,0
12.14,-0.97,1,0
10.81,10.83,1,0
-1.58,-0.33,0,0
-2.05,8.15,1,0
11.48,-1.14,0,0
11.97,-3.14,1,0
-4.31,2.71,1,0
-2.39,1.44,0,0
13.8,-1.84,1,0
10.42,-3.44,0,0
-1.69,9.73,0,0
9.2,-2.81,0,0
10.12,13.14,0,0
14.25,-2.3,1,0
-2.26,0.87,0,0
8.33,11.8,0,0
-4.43,3.48,1,0
-4.09,11.09,0,0
-1.14,8.26,1,0
10.74,12.44,0,0
8.91,13.14,0,0
-2.97,10.97,0,0
11.17,-2.19,0,0
9.69,-3.78,0,0
10.31,10.74,0,0
9.84,-1.98,0,0
-4.56,0.9,1,0
-3.34,10.96,0,0
16.79,10.43,1,0
-4.17,1.46,1,0
11.61,-3.59,0,0
-4.43,1.79,1,0
10.28,-0.99,0,0
-1.94,10.29,0,0
13.7,12.16,1,0
10.76,13.92,0,0
-2.32,9.67,0,0
-3.02,8.13,1,0
11.3,-0.63,1,0
13.47,14.01,1,0
10.3,14.43,0,0
-2.94,10.18,1,0
12.95,-0.29,1,0
9.71,11.23,0,0
17.04,0.93,1,0
10.01,14.44,0,0
-3.84,2.8,1,0
16.7,3.61,1,1
11.28,-2.88,0,0
12.06,-0.07,1,0
-3.25,9.39,1,0
-2.96,2.25,1,0
-4.57,3.47,1,0
-2.84,9.77,0,0
12.73,-1.29,0,0
12.65,10.89,1,0
-1.76,10.32,0,0
10.92,-1.43,0,0
-2.89,0.61,0,0
-0.08,-0.41,0,0
13.74,10.79,1,0
11.35,-1.71,1,0
8.8,13.05,0,0
-4.72,2.89,1,0
9.99,14.62,0,0
-2.52,0.85,1,0
10.55,13.14,0,0
9.4,-2.59,0,0
14.07,-1.21,1,0
13.24,-0.74,1,0
10.32,-2.37,0,0
-3.39,-1.31,0,0
-4.65,3.39,1,0
-3.01,5.65,1,0
16.12,9.21,1,0
-2.91,0.59,0,0
-1.37,11.54,0,0
8.28,-3.54,0,0
-1.78,0.62,0,0
10.16,12.91,0,0
10.6,9.29,0,0
13.32,0.04,1,0
-1.77,8.54,1,0
-2.77,0.55,1,0
-2.57,0.09,0,0
11.06,-2.07,0,0
15.9,0.9,1,0
11.47,-1.14,0,0
-3.52,10.31,0,0
-3.46,0.01,0,0
9.27,12.69,0,0
11.44,13.86,0,0
10.88,12.66,0,0
-1.31,7.06,1,0
-4.23,-0.04,0,0
8.8,12.06,0,0
-0.47,0.58,0,0
8.96,-1.64,0,0
-3.63,9.74,0,0
10.73,-3.24,0,0
-4.2,0.11,1,0
12.28,-3.85,1,0
9.32,-1.24,0,0
9.73,-3.27,0,0
9.59,14.06,0,0
-1.38,3.28,1,0
13.94,-0.41,1,0
12.48,12.78,1,0
12.29,-0.9,0,0
10.62,12.4,0,0
-2.77,-0.29,0,0
6.22,4.24,0,0
10.56,-3.8,0,0
-1.76,10.42,0,0
-0.87,9.46,1,0
-1.68,1.91,1,0
-0.18,10.46,0,0
-3.63,9.08,1,0
11.99,10.59,1,0
-0.83,6.92,1,0
14.67,12.98,1,0
-1.79,9.18,1,0
-2.89,-2.32,0,0
9.05,-2.15,0,0
9.6,12.9,0,0
-3.71,2.69,1,0
9.58,11.85,0,0
1.35,10.25,1,1
-3.86,0.12,0,0
9.35,-1.45,0,0
8.93,11.17,0,0
10.46,-1.56,0,0
13.21,0.7,1,0
-3.1,-1.44,0,0
11.99,10.11,1,0
-3.82,0.58,0,0
11.47,-1.35,0,0
-2.83,-0.47,0,0
12.73,-1.07,0,0
11.83,-2.55,0,0
11.93,-1.56,0,0
11.37,-3.06,0,0
11.27,12.13,0,0
13.88,-4.2,1,0
-3.51,7.44,1,0
11.66,-3.2,0,0
-3.32,0.44,0,0
6.33,-3.13,0,0
11.18,-1.93,0,0
-3.21,-0.06,0,0
-3.23,0.14,1,0
11.58,11.64,1,0
10.98,-2.02,0,0
8.89,12.7,0,0
11.35,10.73,1,0
11.89,-2.8,0,0
-3.36,12.35,0,0
16.01,1.77,1,0
-2.93,0.04,0,0
11.55,-2.84,0,0
-2.66,10.1,1,0
11.2,-3.35,0,0
9.91,-2.4,0,0
12.08,10.84,1,0
-1.55,0.71,1,0
12.89,13.02,1,0
9.16,12.47,0,0
-3.96,1.38,1,0
12.0,-3.64,1,0
10.45,-4.1,0,0
10.11,-2.15,0,0
9.46,12.57,0,0
9.52,14.57,0,0
11.19,-3.39,0,0
5.21,3.67,0,0
9.92,11.66,0,0
13.25,13.13,1,0
11.12,-3.8,0,0
9.38,14.36,0,0
12.62,-0.84,1,0
11.54,-1.38,0,0
-1.02,1.94,1,0
11.47,-1.46,1,0
10.77,-0.83,0,0
11.75,12.28,1,0
-2.26,10.16,1,0
10.63,-0.18,1,0
-4.77,8.19,1,0
10.43,-1.29,0,0
13.47,-2.01,1,0
10.52,-2.0,0,0
-3.34,7.84,1,0
10.36,-2.11,0,0
10.34,14.68,0,0
9.97,-3.29,0,0
13.4,9.21,1,0
10.85,-2.39,0,0
8.31,14.16,0,0
-1.97,9.8,0,0
9.14,-2.83,0,0
12.35,-2.81,0,0
15.19,8.38,1,0
9.29,15.19,0,0
10.7,12.91,0,0
-1.29,-1.17,0,0
11.97,-1.74,0,0
11.55,11.34,1,0
-3.18,0.2,0,0
10.8,-4.26,0,0
8.59,12.81,0,0
-2.83,10.32,0,0
10.85,-2.31,0,0
8.86,-1.81,0,0
9.06,13.61,0,0
8.44,13.96,0,0
-5.18,2.06,1,0
-2.2,10.2,1,0
-4.84,1.83,1,0
13.08,-2.02,1,0
8.28,13.45,0,0
-3.2,0.26,1,0
-2.53,9.95,0,0
13.33,-0.91,1,0
10.91,-2.35,0,0
-1.82,8.44,1,0
14.81,-0.73,1,0
-1.98,7.66,1,0
9.82,14.42,0,0
11.93,-1.08,0,0
10.06,12.3,0,0
-4.09,-0.29,0,0
9.88,-0.5,0,0
-3.45,9.41,1,0
10.94,12.15,0,0
9.85,-0.02,1,0
12.5,-2.94,1,0
10.6,-3.32,0,0
10.02,-1.34,0,0
-4.02,-0.24,0,0
15.66,-1.84,1,0
-4.15,0.29,0,0
-2.48,6.86,1,0
-5.39,8.42,1,0
-4.86,-1.44,0,0
14.2,-2.19,1,0
-2.64,9.88,1,0
9.73,11.56,0,0
14.8,-1.85,1,0
11.14,13.43,0,0
11.15,-2.52,0,0
-2.28,-0.05,0,0
-2.33,11.67,0,0
2.31,-0.39,0,1
-5.16,5.63,1,0
-4.46,1.23,1,0
11.64,-1.74,0,0
10.95,14.02,0,0
11.55,-1.92,1,0
-4.66,10.79,0,0
11.82,-3.29,0,0
10.0,-3.08,0,0
9.09,-1.97,0,0
10.33,-0.89,1,0
-3.91,10.43,0,0
9.87,12.74,0,0
-4.28,-0.73,0,0
10.56,-1.41,0,0
12.46,-2.35,0,0
-1.49,11.08,0,0
-1.54,9.68,1,0
-2.45,-0.29,0,0
11.0,-2.72,0,0
9.68,12.48,0,0
10.5,13.51,0,0
-3.24,3.99,1,0
9.83,13.89,0,0
14.09,-1.36,1,0
10.22,-2.11,0,0
10.62,11.98,0,0
11.46,14.25,0,0
-4.23,7.67,1,0
-4.16,1.61,1,0
6.62,6.29,0,0
12.9,-3.31,1,0
-2.6,-0.83,0,0
-3.74,1.15,1,0
10.78,12.36,0,0
11.9,-1.71,0,0
11.69,-0.99,0,0
-2.47,1.39,1,0
-2.87,1.22,1,0
-3.35,1.15,1,0
-2.49,9.25,1,0
-2.18,-0.54,0,0
11.09,-1.57,0,0
14.01,-0.64,1,0
9.54,-2.1,0,0
10.97,12.28,0,0
9.32,13.02,0,0
12.52,-2.15,0,0
-2.85,12.46,0,0
14.1,-1.56,1,0
11.92,-4.58,1,0
-2.73,3.01,1,0
-0.6,-0.28,0,0
11.09,-1.16,0,0
-2.53,1.75,1,0
13.48,-1.72,1,0
-4.18,1.86,1,0
12.47,-1.86,0,0
10.21,10.91,1,0
11.74,-3.23,0,0
11.23,-0.73,1,0
10.67,-1.83,0,0
-3.08,1.25,1,0
10.89,-1.24,0,0
-1.14,2.91,1,0
-2.88,1.59,1,0
-5.76,4.99,1,0
8.85,13.27,0,0
10.95,-1.15,0,0
8.34,13.67,0,0
11.17,13.42,0,0
8.74,11.58,0,0
-3.79,0.31,0,0
13.04,-1.7,0,0
10.58,-1.58,0,0
15.77,-1.51,1,0
8.9,13.01,0,0
-2.57,1.13,0,0
11.76,-2.74,0,0
9.87,-3.73,0,0
11.23,-2.39,0,0
-2.61,-1.98,0,0
-2.02,10.45,1,0
14.18,-1.46,1,0
11.05,-1.4,0,0
13.43,-1.42,1,0
-2.11,-0.75,0,0
9.07,12.19,0,0
9.32,-2.39,0,0
9.24,-2.47,0,0
10.74,-1.73,0,0
-4.31,1.85,1,0
10.47,-3.22,0,0
11.37,-2.95,0,0
12.34,12.23,1,0
10.21,-3.44,0,0
10.27,13.47,0,0
9.84,12.16,0,0
-2.64,0.04,0,0
-2.68,0.76,0,0
16.73,11.7,1,0
11.5,12.58,0,0
11.22,-1.25,0,0
10.75,-3.29,0,0
11.97,-0.9,1,0
12.75,12.23,1,0
11.44,11.25,0,0
10.63,-1.93,0,0
9.58,-1.59,0,0
10.93,-1.62,0,0
11.02,-3.82,0,0
15.99,9.6,1,0
14.56,15.27,1,1
12.0,-2.65,0,0
10.91,-2.26,0,0
-4.36,2.5,1,0
-1.45,9.56,1,0
-4.9,1.05,1,0
12.07,4.36,1,1
9.75,15.39,0,0
10.63,14.34,0,0
-4.17,7.64,1,0
9.95,-2.88,0,0
13.82,-0.83,1,0
10.86,-0.76,0,0
15.75,-0.08,1,0
10.79,-0.95,0,0
-4.58,3.7,1,0
-2.0,-1.11,0,0
11.07,-1.32,0,0
10.16,-2.21,0,0
12.63,0.86,1,0
16.38,-0.45,1,0
-6.05,-0.28,1,0
10.29,11.72,0,0
-3.94,-0.26,0,0
-2.37,3.04,1,0
8.89,13.61,0,0
10.05,-2.86,0,0
-3.91,-0.97,0,0
12.38,10.76,1,0
15.79,-0.92,1,0
12.5,-2.47,1,0
10.19,-2.88,0,0
7.97,12.85,0,0
-2.66,11.0,0,0
12.2,-2.88,0,0
11.02,-2.3,0,0
12.97,-0.71,1,0
12.06,-3.55,0,0
-5.09,4.11,1,0
11.04,12.15,0,0
-2.18,7.31,1,0
9.68,12.22,0,0
-2.93,0.1,0,0
10.0,-2.77,0,0
14.67,-1.53,1,0
-4.02,0.46,0,0
10.5,11.12,0,0
10.78,-1.55,0,0
10.45,10.59,1,0
12.76,-1.94,1,0
15.12,0.31,1,0
-4.26,-0.93,0,0
-3.02,0.09,0,0
11.76,12.92,1,0
12.4,-0.62,1,0
9.78,-1.67,0,0
11.4,11.59,1,0
5.06,3.73,0,0
10.12,-2.72,0,0
11.5,-3.84,0,0
12.68,-0.6,0,0
-2.51,4.54,1,0
12.39,14.71,0,0
-2.58,0.69,0,0
8.66,-2.57,0,0
14.35,0.18,1,0
10.28,-2.59,0,0
12.39,-2.22,0,0
12.6,-2.52,0,0
9.38,-2.48,0,0
12.1,-1.19,0,0
-3.04,0.79,0,0
9.73,13.11,0,0
15.24,10.69,1,0
11.75,-4.31,1,0
-4.17,-0.11,0,0
13.34,9.39,1,0
-3.86,-0.69,0,0
-2.59,0.77,0,0
8.63,12.28,0,0
13.27,12.43,1,0
13.91,13.77,1,0
12.6,-2.6,0,0
-0.66,10.75,1,0
9.92,-2.65,0,0
11.37,-1.4,0,0
9.73,14.4,0,0
16.35,-1.72,1,0
16.91,0.39,1,0
-5.4,8.49,1,0
-4.03,0.35,0,0
10.87,-2.17,0,0
9.26,-2.95,0,0
-2.07,8.17,1,0
8.79,11.4,0,0
9.45,12.25,0,0
-3.59,3.52,1,0
-3.58,0.36,0,0
-3.88,0.91,1,0
10.44,11.83,0,0
9.5,11.94,0,0
-4.48,0.34,0,0
-1.98,10.06,0,0
13.15,12.0,1,0
9.97,-1.48,0,0
7.75,12.31,0,0
-4.81,8.8,1,0
10.4,11.39,0,0
9.54,-4.72,0,0
15.0,-0.25,1,0
12.63,-0.69,1,0
12.71,0.45,1,0
9.29,-1.91,0,0
11.94,-2.99,0,0
11.11,-0.86,1,0
11.34,-2.89,0,0
-2.33,0.88,0,0
-2.76,0.97,1,0
10.64,14.34,0,0
12.7,-1.3,0,0
6.91,14.6,0,0
9.75,-3.0,0,0
10.56,-2.46,0,0
12.25,-0.78,1,0
-4.27,9.59,1,0
9.55,13.93,0,0
6.84,-3.25,0,0
10.54,-1.82,0,0
9.44,13.7,0,0
10.73,-4.08,0,0
9.47,-1.89,0,0
9.72,10.9,0,0
-3.49,9.59,0,0
9.42,12.52,0,0
14.78,-0.59,1,0
10.57,12.98,0,0
11.26,-3.8,0,0
9.56,12.87,0,0
9.23,13.06,0,0
10.46,12.41,0,0
-4.54,-1.1,0,0
13.15,13.19,1,0
9.77,-3.69,0,0
10.26,14.17,0,0
13.45,-1.69,1,0
11.49,-2.95,0,0
-4.88,-0.79,1,0
7.07,14.99,0,0
11.12,13.15,0,0
-2.4,1.61,1,0
9.92,11.43,0,0
11.96,13.38,0,0
11.59,-1.79,0,0
10.84,13.41,0,0
12.65,-2.5,1,0
12.31,-2.68,0,0
10.91,-3.49,0,0
13.77,-1.9,1,0
14.21,-0.17,1,0
9.22,-2.38,0,0
13.47,-2.55,1,0
-0.81,9.9,1,0
11.6,14.46,0,0
-6.24,1.41,1,0
8.28,14.24,0,0
14.04,-0.98,1,0
12.15,-0.37,1,0
12.18,-2.82,1,0
12.99,10.8,1,0
14.22,-0.82,1,0
10.56,12.25,0,0
9.56,11.35,0,0
12.37,-3.44,1,0
10.33,-3.83,0,0
14.27,-2.22,1,0
-2.23,0.11,1,0
16.89,-0.35,1,0
8.63,14.61,0,0
9.69,13.7,0,0
-3.66,0.64,0,0
9.62,12.37,0,0
16.41,0.52,1,0
8.68,-3.04,0,0
9.64,-1.47,0,0
9.51,-5.11,0,0
-2.97,9.63,1,0
-0.94,6.62,1,0
9.75,13.18,0,0
-1.38,8.01,1,0
10.6,-1.88,0,0
11.23,-1.66,0,0
-3.15,2.13,1,0
11.68,-1.45,0,0
-4.17,-0.56,0,0
13.96,0.11,1,0
12.54,-2.6,0,0
11.36,-0.23,1,0
10.4,-0.83,0,0
13.14,-1.14,1,0
11.07,-3.48,0,0
8.18,-3.01,0,0
9.77,-4.47,0,0
-2.45,0.43,1,0
-0.89,7.06,1,0
13.34,11.0,1,0
10.29,-4.44,0,0
11.4,12.71,0,0
9.31,12.74,0,0
-2.97,-0.34,0,0
16.14,0.52,1,0
-3.13,2.57,1,0
10.88,-1.56,0,0
-3.01,9.37,0,0
-1.65,0.82,0,0
10.23,14.49,0,0
13.61,12.15,1,0
11.54,11.36,0,0
9.49,-3.01,0,0
1.45,4.03,0,0
-1.11,7.87,1,0
11.4,-3.22,0,0
11.8,-3.05,0,0
-1.83,9.46,1,0
12.41,-1.37,1,0
12.31,12.07,1,0
9.89,15.01,0,0
10.13,-3.79,0,0
11.46,12.76,0,0
9.45,12.43,0,0
11.72,0.16,1,0
11.18,-2.57,0,0
12.94,-1.05,1,0
12.56,-0.55,1,0
11.85,11.4,1,0
9.94,-2.81,0,0
14.47,-1.37,1,0
10.67,-0.38,1,0
11.01,-2.47,0,0
12.06,-1.77,0,0
10.49,-1.81,0,0
-2.74,2.98,1,0
10.23,14.4,0,0
11.71,-1.85,1,0
12.18,11.67,1,0
11.38,-1.9,0,0
12.38,-2.4,1,0
8.71,-3.22,0,0
10.5,-3.28,0,0
13.67,-1.74,1,0
-2.67,9.52,1,0
9.4,-3.41,0,0
15.02,-2.52,1,0
-2.12,3.01,1,0
-2.17,-0.01,0,0
9.08,-2.99,0,0
11.89,-0.76,1,0
-1.19,10.91,0,0
9.54,13.78,0,0
15.91,12.88,1,0
-3.32,9.9,0,0
9.16,-1.93,0,0
10.79,-2.03,0,0
-1.18,8.96,1,0
13.21,10.24,1,0
10.21,13.57,0,0
11.22,12.1,0,0
-2.44,11.67,0,0
9.27,-4.03,0,0
11.51,-3.32,0,0
8.99,14.18,0,0
-1.77,9.96,0,0
11.91,13.89,0,0
-3.72,6.69,1,0
10.51,14.31,0,0
8.72,-3.47,0,0
9.69,-2.45,0,0
10.47,14.34,0,0
11.76,11.52,1,0
9.14,12.21,0,0
9.47,12.53,0,0
11.63,14.42,0,0
12.83,0.3,0,0
10.04,15.09,0,0
12.76,-1.0,1,0
-4.2,0.09,0,0
7.24,13.04,0,0
-1.88,7.92,1,0
11.44,-1.93,0,0
10.29,-2.18,0,0
12.63,-3.7,1,0
9.76,11.08,0,0
11.12,12.97,0,0
12.56,11.93,1,0
12.27,-2.45,0,0
15.01,-1.78,1,0
9.72,-4.02,0,0
11.7,-1.28,0,0
13.52,-2.86,1,0
13.78,-1.68,1,0
8.68,-2.41,0,0
11.33,-2.78,0,0
12.95,9.56,1,0
11.52,12.79,0,0
12.87,-0.38,1,0
11.81,-2.81,0,0
11.88,2.2,1,0
-3.76,0.82,1,0
-1.99,9.13,1,0
11.06,10.85,1,0
-2.61,4.97,1,0
-2.38,-0.71,0,0
10.71,14.02,0,0
9.37,13.68,0,0
2.78,4.63,0,0
13.62,11.93,1,0
-3.73,10.48,0,0
9.52,14.91,0,0
13.42,-1.96,1,0
12.79,-0.52,1,0
11.12,-3.49,0,0
10.05,-1.54,0,0
4.5,5.15,0,0
14.63,-2.35,1,0
12.86,-1.47,1,0
11.23,0.14,1,0
9.66,-3.85,0,0
-2.46,1.03,0,0
9.66,-2.07,0,0
11.3,-1.02,1,0
-4.14,-0.69,0,0
14.18,14.0,1,0
-2.92,-0.56,0,0
9.96,13.01,0,0
13.72,-0.92,1,0
12.37,-0.51,1,0
9.34,-2.42,0,0
-5.03,0.8,1,0
10.03,-3.18,0,0
13.17,-0.54,1,0
12.28,11.67,1,0
-5.05,0.94,1,0
11.87,10.6,1,0
9.54,12.71,0,0
11.98,-2.97,0,0
10.66,16.13,0,0
11.0,13.66,0,0
-2.82,8.38,1,0
-4.12,1.78,1,0
13.55,-2.08,1,0
-0.3,10.28,0,0
11.22,11.2,1,0
-3.17,8.97,1,0
9.81,12.98,0,0
-3.49,-1.06,0,0
10.91,-3.86,0,0
11.57,-0.97,1,0
11.43,12.97,0,0
11.59,9.4,1,0
-3.53,1.76,1,0
12.17,14.79,0,0
10.84,12.65,0,0
10.62,14.72,0,0
9.24,12.22,0,0
-2.34,10.18,0,0
9.95,9.31,0,0
9.23,12.6,0,0
12.51,14.35,0,0
7.94,-3.67,0,0
-3.62,-0.38,0,0
-0.71,10.57,1,0
10.78,-2.87,1,0
11.86,-2.59,0,0
9.52,-2.54,0,0
-3.3,9.7,0,0
-2.29,7.69,1,0
-4.96,1.43,1,0
-1.97,10.1,0,0
13.14,-1.76,1,0
14.6,0.19,1,0
9.1,-3.2,0,0
10.46,-2.1,0,0
9.33,11.43,0,0
10.7,-1.8,0,0
11.28,-3.21,0,0
12.39,11.9,1,0
9.16,-3.19,0,0
-2.31,1.22,0,0
15.06,11.1,1,0
10.48,-3.7,0,0
11.59,-2.61,0,0
11.73,12.89,0,0
10.99,-0.97,1,0
5.03,2.25,0,0
12.27,-1.69,0,0
13.43,0.02,1,0
10.28,13.35,0,0
9.82,12.9,0,0
14.27,9.67,1,0
-2.66,2.27,1,0
15.94,10.31,1,0
10.82,-3.35,0,0
8.3,13.93,0,0
-3.83,0.36,0,0
12.39,-1.47,0,0
11.64,-3.17,0,0
-3.85,-0.45,0,0
-2.32,-0.75,0,0
9.21,12.67,0,0
7.86,-0.91,0,0
9.8,14.28,0,0
10.83,-2.83,0,0
-4.15,9.83,1,0
12.14,9.46,1,0
-4.3,2.28,1,0
-1.79,-0.92,0,0
10.02,13.52,0,0
11.67,-4.52,0,0
14.06,-1.7,1,0
13.6,-2.75,1,0
-2.01,9.97,0,0
-4.5,-0.66,0,0
-3.37,-0.16,0,0
-4.46,1.84,1,0
13.86,-0.36,1,0
10.37,15.13,0,0
8.43,13.14,0,0
-3.8,1.26,1,0
-3.08,-0.69,0,0
-3.78,0.28,0,0
13.09,10.89,1,0
10.71,-2.96,0,0
-5.39,-1.06,0,0
8.19,-2.29,0,0
8.88,12.57,0,0
10.96,8.91,1,0
-3.12,9.86,0,0
-3.81,-0.31,0,0
8.54,12.71,0,0
9.98,-2.84,0,0
-4.14,8.97,1,0
-1.03,11.91,0,0
14.3,-0.68,1,0
11.39,11.38,1,0
10.25,-1.85,0,0
11.35,7.3,1,1
13.14,9.49,1,0
-3.64,11.09,1,0
10.43,-3.57,0,0
10.1,-3.49,0,0
-3.9,5.61,1,0
15.35,-1.19,1,0
9.89,-1.04,0,0
14.29,-0.21,1,0
11.74,-3.33,1,0
13.39,-2.1,1,0
14.05,-1.42,1,0
-4.39,11.57,0,0
-4.58,-0.72,0,0
-4.16,0.7,1,0
9.3,-3.19,0,0
8.94,12.92,0,0
10.75,14.05,0,0
-2.33,-0.1,0,0
9.41,-2.97,0,0
11.85,12.98,1,0
9.75,-2.88,0,0
-3.45,8.2,0,0
11.91,-2.86,0,0
0.06,10.74,0,0
15.52,-0.15,1,0
11.15,-2.07,0,0
10.08,14.86,0,0
9.02,-3.02,0,0
-1.0,10.59,0,0
12.68,13.47,0,0
10.77,13.71,0,0
12.46,13.95,0,0
15.29,-2.09,1,0
11.7,12.0,1,0
14.2,12.37,1,0
11.07,13.48,0,0
-5.17,-0.97,0,0
13.23,1.2,1,0
-0.84,11.03,0,0
10.68,-3.24,0,0
-3.17,0.64,1,0
11.92,13.48,0,0
10.29,-3.87,0,0
10.72,-3.46,0,0
10.0,11.13,1,0
9.43,13.38,0,0
-1.79,10.48,0,0
10.42,13.02,0,0
-2.78,-2.28,0,0
12.03,11.79,1,0
12.62,11.23,1,0
13.48,-0.13,1,0
9.64,13.01,0,0
10.59,-2.42,0,0
11.38,-1.17,0,0
-2.14,-0.79,0,0
-2.86,-0.17,0,0
12.6,-3.45,1,0
11.14,-0.05,1,0
-3.62,-1.09,0,0
-1.91,10.07,0,0
-4.29,0.33,0,0
10.54,-1.83,0,0
-4.29,0.64,1,0
11.26,-2.86,0,0
9.63,11.8,0,0
9.07,-2.15,0,0
8.34,13.91,0,0
11.22,10.45,1,0
10.6,11.88,0,0
8.89,12.49,0,0
13.76,-2.01,1,0
10.37,9.92,1,0
10.72,12.45,0,0
9.67,10.93,0,0
-1.67,9.5,0,0
11.55,-1.95,0,0
11.07,-2.06,0,0
11.48,-3.1,0,0
9.84,10.73,0,0
9.09,13.17,0,0
-4.38,0.71,1,0
12.83,-0.43,0,0
5.61,5.68,0,0
-2.65,0.84,1,0
8.63,-3.08,0,0
-1.95,-1.31,0,0
10.24,11.22,0,0
-4.54,-1.12,0,0
9.15,12.8,0,0
-3.71,0.72,1,0
14.83,-0.45,1,0
-2.41,0.16,0,0
9.92,-2.82,0,0
11.51,-1.35,0,0
9.87,12.07,0,0
9.35,-2.83,0,0
12.06,-3.37,1,0
11.8,-2.6,0,0
12.68,10.54,1,0
12.43,11.01,1,0
10.91,-3.49,0,0
10.4,-2.54,0,0
13.5,-0.62,1,0
-2.43,0.29,0,0
9.98,-3.59,0,0
11.53,-1.35,0,0
10.47,13.46,0,0
12.83,15.14,0,0
8.21,10.97,0,0
11.38,0.25,1,0
-4.94,9.3,0,0
10.82,-2.3,0,0
8.35,-2.38,0,0
8.8,14.55,0,0
10.1,13.44,0,0
13.28,11.42,1,0
11.23,-5.72,0,0
11.24,-3.43,0,0
-5.15,-1.38,0,0
10.42,-1.6,0,0
10.55,14.47,0,0
-3.39,11.53,0,0
11.83,-2.97,0,0
11.85,-3.22,0,0
-2.36,10.26,0,0
10.7,10.99,0,0
11.48,-5.7,0,0
13.92,-1.52,1,0
-2.24,10.61,0,0
11.03,10.42,1,0
10.02,-3.66,0,0
12.75,-2.87,1,0
13.89,-3.08,1,0
10.82,11.42,1,0
9.49,11.39,0,0
10.29,12.01,0,0
11.82,11.02,1,0
14.19,11.64,1,0
11.42,-1.19,0,0
13.41,14.34,1,0
9.86,-2.66,0,0
10.82,12.62,0,0
10.48,-1.87,0,0
8.69,-1.72,0,0
12.17,11.85,1,0
-2.73,1.67,1,0
-3.02,0.2,0,0
14.78,13.09,1,0
-3.06,0.28,0,0
15.37,12.06,1,0
6.03,3.15,0,0
7.94,13.92,0,0
0.78,7.57,1,0
-4.27,3.02,1,0
11.93,0.28,1,0
12.83,-0.55,1,0
9.33,10.34,0,0
-1.99,9.99,1,0
-2.61,7.38,1,0
9.11,-2.69,0,0
-4.27,3.23,1,0
-1.38,11.1,0,0
9.68,12.3,0,0
11.17,-0.97,1,0
14.6,-1.67,1,0
8.97,-3.38,0,0
-2.24,-0.35,0,0
-4.44,-0.03,1,0
8.96,11.65,0,0
10.73,-1.72,0,0
11.29,-3.0,0,0
11.03,-1.52,0,0
10.2,11.68,0,0
9.86,11.93,0,0
16.01,9.26,1,0
-4.11,1.41,1,0
10.71,-1.87,0,0
10.72,-0.04,1,0
9.43,-1.85,0,0
-3.75,10.47,0,0
9.93,11.67,0,0
10.7,11.79,0,0
2.85,6.65,0,1
13.87,-2.24,1,0
13.03,-3.54,1,0
11.42,12.01,1,0
10.71,13.74,0,0
-4.22,11.92,0,0
11.16,-4.17,0,0
13.2,-1.22,1,0
13.56,8.97,1,0
13.35,-2.7,1,0
-6.46,3.94,1,0
-4.27,2.28,1,0
11.06,-1.5,0,0
-3.01,5.83,1,0
12.25,-3.47,0,0
16.38,10.02,1,0
10.19,-1.55,0,0
11.1,-3.23,0,0
15.26,-0.98,1,0
8.73,14.42,0,0
10.95,-1.35,0,0
12.13,0.42,1,0
-1.85,9.63,0,0
-2.32,9.47,0,0
9.18,13.95,0,0
8.87,12.03,0,0
10.73,13.32,0,0
5.99,4.52,0,0
9.22,13.23,0,0
12.03,13.39,0,0
-2.56,8.82,1,0
11.11,-0.99,1,0
10.51,12.46,0,0
10.39,14.24,0,0
12.86,11.73,1,0
-3.72,6.77,1,0
14.53,8.96,1,0
12.06,-1.25,0,0
-3.2,0.35,1,0
9.8,-2.25,0,0
12.9,-2.85,1,0
10.3,-5.02,0,0
13.61,14.03,1,0
-4.23,2.52,1,0
-0.27,8.99,1,0
10.72,-4.71,0,0
14.07,-0.56,1,0
9.13,-4.59,0,0
9.49,-2.46,0,0
10.22,-2.45,0,0
-3.47,7.51,1,0
-5.33,0.34,1,0
9.28,14.78,0,0
10.98,13.15,0,0
10.7,-4.05,0,0
12.63,-0.68,1,0
5.1,4.47,0,0
9.37,11.62,0,0
11.14,13.45,0,0
10.79,10.64,1,0
12.39,13.24,1,0
8.44,-2.26,0,0
12.11,10.8,1,0
11.2,-3.16,0,0
11.03,11.56,1,0
12.22,12.3,1,0
12.77,-2.14,1,0
-4.6,-1.8,0,0
9.39,-0.32,0,0
-2.59,-1.77,0,0
10.18,-1.61,0,0
-2.01,9.49,1,0
11.81,9.14,1,0
9.12,-3.1,0,0
-6.12,3.97,1,0
8.94,-2.67,0,0
-3.24,1.64,1,0
11.77,12.11,1,0
11.53,14.28,0,0
-3.85,-0.57,0,0
-2.55,1.22,0,0
11.86,-2.13,0,0
9.75,13.24,0,0
8.88,13.68,0,0
11.16,-3.45,0,0
-1.7,-1.45,0,0
-1.73,9.98,0,0
12.19,-0.66,0,0
13.08,11.22,1,0
-3.2,1.05,1,0
12.41,-0.11,1,0
-4.94,-0.39,0,0
10.21,12.2,0,0
-3.13,-0.21,0,0
11.64,-2.0,0,0
10.36,-1.09,0,0
16.6,0.58,1,0
10.01,-1.1,0,0
11.44,12.33,0,0
12.81,1.02,1,0
9.18,-2.83,0,0
9.26,-1.39,0,0
13.28,-3.72,1,0
13.09,11.69,1,0
-3.87,9.19,1,0
12.28,-0.98,0,0
12.86,-0.72,1,0
9.85,10.35,1,0
-3.28,-0.2,0,0
-3.6,10.13,0,0
12.46,-2.78,0,0
-1.7,0.96,1,0
12.03,-3.27,1,0
-4.09,0.36,0,0
-2.51,-0.04,0,0
-4.23,1.29,1,0
11.86,-2.64,0,0
10.63,9.63,0,0
11.93,10.73,1,0
-3.73,1.24,1,0
11.04,-1.36,0,0
13.92,-0.1,1,0
14.18,-2.81,1,0
12.33,-0.74,1,0
11.17,13.65,0,0
9.81,-2.39,0,0
11.82,12.06,0,0
11.81,-0.58,0,0
11.48,-1.39,1,0
10.28,11.88,0,0
-1.42,10.35,0,0
9.69,13.29,0,0
9.62,-1.94,0,0
-2.17,-1.09,0,0
1.66,4.44,0,0
11.7,9.31,1,0
12.97,11.95,1,0
10.74,11.79,0,0
10.19,14.32,0,0
4.82,4.01,0,0
11.57,-3.16,0,0
9.05,-2.36,0,0
12.69,11.25,1,0
-5.41,2.13,1,0
14.91,-1.2,1,0
13.55,11.5,1,0
-4.15,8.58,1,0
-4.14,-1.04,0,0
11.05,13.19,0,0
10.75,-2.39,0,0
-3.82,7.85,1,0
-0.57,11.23,0,0
13.28,10.72,1,0
10.8,-0.97,0,0
14.84,13.28,1,0
9.84,-2.25,0,0
16.39,8.05,1,0
11.73,13.22,0,0
-1.04,9.42,1,0
-4.35,2.06,1,0
8.55,14.3,0,0
-4.09,-1.08,0,0
11.54,12.93,1,0
-4.38,-1.47,0,0
-4.96,12.02,0,0
-3.17,10.83,0,0
10.54,11.11,0,0
9.51,-4.23,0,0
9.93,-0.93,0,0
14.77,12.04,1,0
11.84,-1.2,0,0
9.38,13.05,0,0
-0.73,7.74,1,0
-2.97,1.45,0,0
16.86,0.36,1,0
11.47,13.08,0,0
10.93,10.86,1,0
-4.94,-0.18,0,0
-4.06,1.44,1,0
-3.13,9.15,1,0
11.89,-2.72,0,0
11.97,14.17,0,0
10.54,13.27,0,0
11.53,-0.25,0,0
10.31,-1.43,0,0
10.58,14.49,0,0
11.55,-2.78,0,0
-0.93,10.25,0,0
14.13,12.13,1,0
12.63,-2.44,0,0
8.15,-1.85,0,0
11.57,13.26,0,0
-3.21,-0.2,0,0
13.98,-0.3,1,0
10.65,-1.86,0,0
11.63,-5.48,0,0
10.42,-4.68,0,0
-3.66,-0.08,0,0
-3.82,9.71,1,0
-3.28,1.29,1,0
10.64,10.75,0,0
-4.27,9.63,1,0
9.39,12.26,0,0
10.67,-2.74,0,0
-3.74,-0.75,0,0
11.42,-2.96,0,0
12.58,-1.71,1,0
13.44,13.52,1,0
10.31,11.54,0,0
9.21,-2.49,0,0
13.5,12.79,0,0
-2.62,0.41,0,0
10.99,-1.93,0,0
10.44,-1.8,0,0
10.15,12.0,0,0
11.5,13.44,0,0
-3.39,9.4,0,0
-3.09,0.96,1,0
11.18,-2.21,0,0
12.82,12.71,1,0
8.63,13.55,0,0
-2.52,10.96,0,0
12.09,-1.62,1,0
12.07,14.59,1,0
13.14,8.57,1,0
-4.25,8.37,0,0
-4.83,1.0,1,0
-2.83,10.33,0,0
-4.35,2.85,1,0
10.64,11.47,0,0
-2.6,9.28,1,0
-2.61,10.35,0,0
10.69,-1.26,0,0
-1.7,0.06,0,0
14.46,11.27,1,0
-1.99,0.34,1,0
12.56,-1.65,1,0
-4.09,-0.27,0,0
9.3,-2.38,0,0
-6.31,2.82,1,0
-2.52,6.7,1,0
-2.8,8.55,1,0
15.68,-0.35,1,0
10.97,-4.66,0,0
-2.46,0.14,0,0
-3.07,2.68,1,0
-3.96,-0.05,0,0
11.68,-0.53,1,0
9.2,-1.69,0,0
-5.19,1.81,1,0
12.09,-2.77,1,0
-1.84,0.36,1,0
-4.48,1.75,1,0
10.67,-1.83,0,0
12.33,-0.27,0,0
-3.72,0.35,0,0
14.82,-0.28,1,0
10.13,13.06,0,0
11.07,12.8,0,0
8.6,13.0,0,0
10.91,12.14,0,0
-1.78,0.82,0,0
-3.81,10.38,0,0
10.08,-3.21,0,0
-3.04,0.35,0,0
10.79,-1.57,0,0
9.92,-4.03,0,0
-2.4,5.0,1,0
-1.65,6.27,1,0
10.18,-1.76,0,0
14.92,-0.62,1,0
-2.44,2.38,1,0
12.1,-3.11,1,0
10.28,11.17,0,0
9.69,-2.28,0,0
-2.65,7.5,1,0
11.32,-2.87,0,0
10.52,-1.37,0,0
-3.75,0.8,1,0
10.04,12.96,0,0
11.19,12.84,0,0
-2.66,1.85,1,0
12.77,0.41,1,0
11.8,-1.09,0,0
-4.9,2.89,1,0
12.31,-3.28,1,0
11.06,-3.95,0,0
10.93,-1.4,0,0
13.71,12.04,1,0
12.68,-0.65,1,0
10.22,-0.87,0,0
-2.06,11.76,0,0
15.37,11.24,1,0
-2.32,10.02,0,0
11.31,-2.13,0,0
15.98,-0.88,1,0
10.18,10.64,0,0
10.53,12.75,0,0
-2.92,-0.59,0,0
9.61,-2.87,0,0
10.19,11.96,0,0
9.69,12.87,0,0
10.46,-1.59,0,0
9.02,12.38,0,0
8.14,13.66,0,0
-6.24,-0.31,1,0
13.61,-2.15,1,0
-2.91,7.0,1,0
9.34,12.96,0,0
9.82,11.62,0,0
-3.97,1.96,1,0
10.11,11.92,0,0
11.33,10.09,1,0
13.24,11.89,1,0
9.0,-1.94,0,0
16.18,10.22,1,0
12.13,-2.01,0,0
-4.08,1.55,1,0
10.85,-2.24,0,0
14.43,0.04,1,0
13.08,-2.24,1,0
10.87,12.68,0,0
10.62,-1.62,0,0
11.3,-2.4,0,0
-3.07,-0.23,0,0
-0.26,10.79,0,0
9.89,-1.39,0,0
-2.21,10.62,0,0
10.63,-1.63,0,0
9.76,-4.73,0,0
-3.61,0.33,0,0
15.17,-1.5,1,0
-1.04,11.79,0,0
11.71,-4.25,0,0
10.31,13.0,0,0
13.13,-2.35,1,0
-1.01,1.4,0,0
9.21,-3.52,0,0
-3.34,8.6,1,0
10.97,-3.91,0,0
10.21,9.26,0,0
-4.86,0.02,1,0
14.84,-1.72,1,0
-3.91,9.55,1,0
11.29,-3.04,0,0
11.77,-1.97,0,0
13.0,11.93,1,0
11.45,-3.49,0,0
10.64,13.68,0,0
10.76,-1.16,0,0
11.08,13.93,0,0
11.52,13.38,0,0
12.88,-2.17,1,0
11.45,-1.38,0,0
13.25,-2.96,1,0
10.32,-3.72,0,0
-3.0,0.27,1,0
12.21,11.49,1,0
9.96,-0.06,0,0
12.33,-0.97,1,0
14.63,-2.79,1,0
10.97,-0.51,1,0
11.99,-2.8,0,0
9.97,13.15,0,0
11.07,-2.02,0,0
12.88,-0.76,1,0
-5.26,-0.45,0,0
10.83,12.32,0,0
13.1,8.61,1,0
-3.26,10.9,0,0
13.09,-0.89,1,0
8.78,-2.17,0,0
7.73,-2.25,0,0
-1.85,10.06,0,0
-4.47,0.79,1,0
-0.52,8.7,1,0
8.17,-2.72,0,0
9.28,-2.56,0,0
9.62,13.08,0,0
-2.48,0.89,1,0
8.82,-5.06,0,0
-4.47,2.32,1,0
11.13,-3.5,0,0
-3.22,-0.3,0,0
10.15,-1.24,0,0
-2.06,9.32,1,0
-3.52,8.29,1,0
-5.16,-1.16,0,0
10.86,-0.74,0,0
12.91,-1.79,1,0
11.43,-2.4,0,0
12.88,-0.97,1,0
10.7,13.92,0,0
-1.75,0.9,0,0
12.4,10.14,1,0
12.22,-3.06,1,0
9.87,14.18,0,0
-0.12,11.36,0,0
14.31,-1.1,1,0
9.3,12.46,0,0
12.16,-0.29,1,0
12.72,-2.59,0,0
9.24,-3.86,0,0
-4.21,2.83,1,0
-0.43,0.01,0,0
12.35,-3.83,1,0
9.95,14.26,0,0
10.1,9.36,0,0
12.35,10.92,1,0
12.66,-2.72,0,0
10.07,12.61,0,0
12.27,-1.27,1,0
11.79,-3.47,0,0
10.46,-3.58,0,0
12.16,-0.48,0,0
15.55,12.49,1,0
-4.24,-0.92,0,0
10.48,-2.36,0,0
-2.85,-1.4,0,0
12.23,15.73,0,0
12.08,11.2,1,0
9.66,-3.42,0,0
11.69,-4.79,0,0
13.02,-0.69,1,0
11.63,0.99,1,0
14.26,-1.69,1,0
-2.43,0.47,0,0
8.88,-2.93,0,0
11.62,13.91,0,0
10.77,-3.16,0,0
-3.65,0.14,0,0
11.34,-0.48,1,0
13.7,1.4,1,0
11.21,-3.33,0,0
14.25,-1.34,1,0
-1.74,-1.09,0,0
10.77,-1.59,0,0
-4.37,0.59,1,0
11.75,-0.61,0,0
10.06,12.09,0,0
7.85,13.26,0,0
-4.38,11.04,0,0
8.19,-0.81,0,0
10.57,-4.07,0,0
10.58,-3.63,0,0
7.03,2.17,0,1
12.72,-3.21,1,0
13.02,-2.41,0,0
11.57,-1.77,0,0
10.19,13.7,0,0
-4.36,0.32,0,0
-3.39,0.78,1,0
10.73,1.47,1,0
13.21,0.09,1,0
12.38,-0.57,1,0
11.31,-1.98,0,0
-3.87,11.54,0,0
13.29,-2.0,1,0
11.59,-1.23,1,0
-3.73,7.49,1,0
-4.45,4.06,1,0
13.94,-1.38,1,0
-1.33,11.77,0,0
9.13,11.73,0,0
9.54,-2.87,0,0
-4.13,0.49,0,0
12.57,-1.42,1,0
-4.83,2.0,1,0
13.19,-0.91,1,0
9.67,-2.52,0,0
-2.82,0.14,0,0
9.97,-2.82,0,0
-3.6,0.87,1,0
10.79,-1.27,0,0
11.97,14.02,0,0
9.87,12.66,0,0
11.53,-1.72,0,0
-2.22,-0.12,0,0
-5.01,0.03,0,0
8.24,13.96,0,0
11.3,-1.58,0,0
10.62,13.78,0,0
-4.72,0.57,1,0
-4.06,4.01,1,0
9.4,13.21,0,0
-3.09,12.91,0,0
-4.32,0.94,1,0
11.09,-1.86,0,0
9.69,13.36,0,0
-2.32,10.59,0,0
-4.2,9.02,1,0
-3.87,0.21,0,0
-4.44,-0.06,0,0
10.75,-3.12,0,0
-2.16,-1.05,0,0
11.28,14.22,0,0
11.45,-3.07,0,0
11.58,-0.76,0,0
12.24,-0.61,1,0
13.23,1.5,1,0
12.24,-2.72,0,0
-4.39,-1.05,0,0
-5.37,2.56,1,0
10.42,11.73,0,0
14.34,-1.47,1,0
-2.63,-0.99,0,0
11.86,-3.43,0,0
10.32,12.07,0,0
-1.48,6.44,1,0
12.83,-4.79,1,0
11.06,13.28,0,0
9.73,-4.05,0,0
-4.1,0.09,0,0
13.56,-2.0,1,0
-2.78,8.79,1,0
-4.42,10.08,0,0
-0.28,7.53,1,0
11.08,12.76,0,0
-4.29,1.24,1,0
-3.06,-0.44,0,0
15.85,8.94,1,0
9.86,-2.88,0,0
-2.58,2.63,1,0
11.1,11.14,1,0
11.05,-2.12,0,0
9.29,13.58,0,0
-1.16,10.43,0,0
10.68,12.05,0,0
9.27,13.69,0,0
10.54,13.38,0,0
11.28,12.36,0,0
-3.8,10.16,0,0
13.26,12.56,1,0
10.59,13.53,0,0
12.63,11.81,1,0
-0.91,10.95,1,0
2.44,2.02,0,1
9.87,-2.53,0,0
9.53,-1.93,0,0
14.45,-0.46,1,0
-0.86,10.7,0,0
11.04,-1.57,0,0
-3.15,10.5,0,0
10.09,-3.24,0,0
9.66,-3.29,0,0
-2.9,10.41,0,0
10.16,-2.72,0,0
10.81,-4.04,0,0
14.11,9.11,1,0
11.32,12.11,1,0
-2.88,2.57,1,0
-5.05,0.27,0,0
14.57,-0.2,1,0
9.94,13.54,0,0
-3.81,11.69,0,0
11.34,-0.7,1,0
9.49,13.39,0,0
13.03,-2.0,1,0
13.15,13.29,1,0
8.73,14.11,0,0
12.15,12.75,1,0
9.66,13.44,0,0
10.85,-3.9,0,0
13.5,1.71,1,0
8.45,-2.47,0,0
-2.01,8.93,1,0
-2.91,13.21,0,0
7.99,-2.0,0,0
9.21,13.84,0,0
10.3,-2.79,0,0
12.26,-1.52,1,0
11.46,-3.43,0,0
-0.72,-0.63,0,0
10.28,10.93,0,0
-3.17,9.99,1,0
11.38,12.92,0,0
15.52,-0.79,1,0
11.65,-1.71,1,0
8.88,-2.56,0,0
-3.62,10.12,0,0
10.53,0.25,1,0
-2.96,-1.35,0,0
11.05,12.94,0,0
10.6,13.87,0,0
8.74,12.52,0,0
14.11,-1.45,1,0
11.8,-1.05,0,0
13.63,-0.43,1,0
8.5,13.44,0,0
13.33,11.31,1,0
-2.03,-1.09,0,0
11.8,-1.52,1,0
-0.62,1.39,0,0
11.08,9.58,1,0
13.22,-0.62,1,0
-2.6,-0.47,0,0
10.83,-3.12,0,0
-2.07,10.47,1,0
10.68,-2.78,0,0
10.43,-3.35,0,0
-4.18,2.6,1,0
-4.08,0.71,0,0
10.63,14.15,0,0
9.91,-2.26,0,0
9.21,-2.58,0,0
14.84,-2.33,1,0
9.56,12.85,0,0
-2.22,-0.93,0,0
9.64,13.9,0,0
9.65,14.86,0,0
-2.91,0.43,0,0
-2.99,9.87,0,0
10.42,-3.86,0,0
10.31,-1.02,0,0
9.39,-3.66,0,0
8.84,-0.55,0,0
11.35,11.14,1,0
11.37,-3.17,0,0
11.39,-3.33,0,0
10.96,-4.36,0,0
-2.74,-1.2,0,0
11.67,14.04,0,0
12.66,13.08,1,0
-2.57,-1.49,0,0
12.28,14.16,0,0
10.87,13.1,0,0
-4.35,9.59,1,0
11.9,9.77,1,0
13.2,11.84,1,0
12.02,-0.09,1,0
15.07,0.24,1,0
11.14,-1.95,0,0
-3.0,0.28,0,0
8.67,-1.24,0,0
9.24,-1.78,0,0
-3.92,-0.02,0,0
12.0,-3.15,1,0
12.67,-0.27,1,0
15.21,11.88,1,0
-5.03,1.14,1,0
10.4,-3.21,0,0
11.16,11.47,1,0
12.34,9.36,1,0
14.08,-0.61,1,0
11.3,-2.04,0,0
12.46,-1.24,0,0
15.53,-1.3,1,0
10.58,-2.35,0,0
10.62,10.88,1,0
-2.47,-0.4,0,0
16.17,-0.61,1,0
-2.47,0.31,0,0
8.89,-1.75,0,0
6.41,2.99,0,0
-4.24,7.62,1,0
-2.89,0.84,0,0
8.88,-2.44,0,0
-1.48,-0.82,0,0
-2.19,10.23,0,0
-3.94,9.2,1,0
-3.46,1.59,1,0
11.12,-3.18,0,0
9.87,-2.19,0,0
10.99,14.01,0,0
-4.08,2.09,1,0
-1.0,5.76,1,0
12.33,-0.94,1,0
12.99,-1.24,1,0
10.96,-4.0,0,0
-1.96,8.18,1,0
9.34,12.52,0,0
-2.39,-0.76,0,0
11.68,13.53,0,0
9.17,-2.18,0,0
-3.84,-0.24,0,0
7.61,-1.28,0,0
10.96,-3.59,0,0
-2.47,-1.68,0,0
11.51,12.44,1,0
10.81,11.32,1,0
-2.11,-0.71,0,0
-3.8,0.04,0,0
-3.73,3.62,1,0
-1.9,-1.38,0,0
12.43,11.79,1,0
-1.12,-2.82,0,0
9.34,12.34,0,0
10.1,-3.53,0,0
12.06,-4.28,0,0
12.67,-2.3,0,0
11.14,-1.52,0,0
11.42,11.61,0,0
-2.81,8.88,1,0
12.24,12.9,1,0
11.07,13.06,0,0
-2.38,-1.14,0,0
12.7,11.78,1,0
12.15,-2.92,1,0
11.33,-0.95,0,0
-1.75,8.54,1,0
10.77,-1.65,0,0
12.45,10.78,1,0
9.68,-3.27,0,0
-3.81,-1.01,0,0
8.32,11.65,0,0
9.32,-1.52,0,0
10.0,-2.99,0,0
12.88,11.9,1,0
14.82,-0.81,1,0
11.76,-3.55,0,0
-2.3,9.99,1,0
9.63,11.42,0,0
14.31,-4.17,1,0
11.23,12.78,0,0
12.79,13.03,1,0
9.83,-2.81,0,0
-3.88,10.77,0,0
6.24,3.29,0,0
12.41,-0.43,1,0
11.03,11.67,1,0
-2.04,-2.26,0,0
13.16,-1.04,1,0
-4.31,1.85,1,0
15.85,-0.94,1,0
-1.13,7.63,1,0
16.11,-0.66,1,0
13.6,-2.71,1,0
10.94,12.74,0,0
-4.5,2.47,1,0
-4.5,1.8,1,0
10.79,-3.53,0,0
13.58,7.5,1,0
15.71,1.64,1,0
9.29,15.6,0,0
14.77,9.19,1,0
-3.8,-0.96,0,0
11.43,-3.97,0,0
11.52,-3.31,0,0
13.44,-1.49,1,0
10.75,-1.94,0,0
11.49,-3.2,0,0
-5.91,1.54,1,0
12.92,-4.3,1,0
-3.89,1.12,1,0
15.15,-2.16,1,0
-1.39,-1.56,0,0
9.6,-2.06,0,0
10.5,-4.58,0,0
10.23,-1.45,0,0
13.66,11.41,1,0
-5.07,1.55,1,0
12.58,-1.98,0,0
11.19,-3.14,0,0
11.02,13.26,0,0
9.3,13.03,0,0
11.83,12.3,1,0
12.21,-2.23,0,0
8.95,-1.03,0,0
12.03,-2.37,1,0
-0.42,9.98,1,0
-4.0,0.41,0,0
8.77,13.21,0,0
9.37,-2.53,0,0
9.04,12.95,0,0
-2.97,1.07,1,0
8.49,-3.68,0,0
9.63,12.57,0,0
9.72,-2.9,0,0
11.67,-3.18,0,0
11.09,-1.97,0,0
9.02,11.92,0,0
8.4,-2.1,0,0
-5.25,3.03,1,0
11.71,-3.31,0,0
-2.13,0.48,0,0
-1.63,8.11,1,0
-3.99,-0.14,0,0
12.08,13.28,1,0
-0.74,10.45,0,0
-4.8,0.92,1,0
10.74,-0.36,1,0
-2.3,0.67,1,0
-3.97,1.0,0,0
8.93,13.76,0,0
-1.64,2.35,1,0
13.1,-2.49,1,0
-1.29,8.82,1,0
10.62,14.32,0,0
11.2,-0.23,1,0
9.27,-3.27,0,0
-3.73,9.08,1,0
10.75,11.63,0,0
-4.03,-0.4,0,0
-5.9,2.75,1,0
10.34,-0.3,0,0
12.1,-2.25,0,0
9.73,12.7,0,0
12.38,11.76,1,0
14.01,-3.09,1,0
10.33,-3.75,0,0
15.63,-1.71,1,0
-3.08,-0.0,0,0
-1.95,5.0,1,0
12.8,1.09,1,0
-1.97,10.32,0,0
9.09,13.56,0,0
16.79,-0.05,1,0
14.7,12.86,1,0
-2.89,10.77,0,0
10.69,13.66,0,0
12.37,12.09,1,0
-1.24,11.01,0,0
11.83,-3.08,0,0
-3.06,-0.67,0,0
10.41,-1.41,0,0
12.73,-2.38,0,0
14.45,0.48,1,0
9.89,-1.96,0,0
17.11,1.62,1,0
7.1,-1.6,0,0
8.4,-1.93,0,0
-2.84,0.68,0,0
-3.92,9.6,1,0
10.81,-2.62,0,0
12.16,-1.62,0,0
10.14,-2.91,0,0
-1.74,10.46,0,0
12.54,11.71,1,0
13.43,-1.05,1,0
10.49,14.01,0,0
-1.35,7.16,1,0
-4.68,3.79,1,0
-3.74,-1.14,0,0
-4.59,0.42,0,0
12.92,-0.19,1,0
10.99,-0.76,0,0
12.16,-2.68,0,0
-4.04,0.43,0,0
11.56,-2.18,1,0
11.88,13.9,0,0
9.93,13.71,0,0
-1.99,-0.14,0,0
-2.08,11.52,0,0
-3.82,-0.53,0,0
9.36,14.66,0,0
11.19,12.55,0,0
15.76,11.84,1,0
13.96,-1.56,1,0
10.27,11.13,0,0
-4.54,1.95,1,0
11.86,0.11,1,0
-3.15,11.05,0,0
7.44,-2.21,0,0
10.89,9.93,1,0
-1.83,-1.4,0,0
11.78,-4.53,0,0
-3.33,2.04,1,0
15.93,0.71,1,0
12.48,-2.43,0,0
8.47,13.46,0,0
-2.1,-0.08,0,0
11.37,1.26,0,0
-2.78,7.39,1,0
9.23,-1.63,0,0
9.48,-1.08,1,0
13.01,-2.64,1,0
11.89,12.24,0,0
9.79,-2.26,0,0
-1.93,9.95,0,0
10.15,10.66,0,0
9.05,12.97,0,0
12.2,-1.45,0,0
10.04,14.54,0,0
13.26,-2.18,1,0
-6.07,0.38,1,0
-2.79,9.99,0,0
13.14,13.29,1,0
-1.57,10.31,0,0
13.32,-0.92,1,0
11.92,-3.19,1,0
-0.22,0.65,0,0
12.94,-4.46,1,0
12.07,-0.33,1,0
12.91,-1.66,0,0
-3.0,11.15,0,0
-1.04,10.54,0,0
-2.25,-0.46,0,0
-3.72,0.97,1,0
-3.43,4.82,1,0
-4.28,1.7,1,0
10.12,-1.31,0,0
9.72,12.65,0,0
5.08,4.35,0,0
-3.17,0.9,0,0
-3.44,0.93,1,0
-2.93,13.59,0,0
12.29,-3.6,1,0
-3.68,4.93,1,0
10.4,12.81,0,0
9.13,-2.78,0,0
-3.66,4.1,1,0
12.13,-3.18,1,0
10.61,11.26,1,0
14.19,-2.81,1,0
9.29,-2.02,0,0
10.56,14.68,0,0
10.36,-4.06,0,0
11.04,12.75,0,0
9.44,12.51,0,0
11.35,-0.26,1,0
-2.0,9.83,0,0
13.14,-1.41,1,0
13.34,-2.3,1,0
8.77,-1.9,0,0
-2.58,9.42,1,0
12.93,-1.4,1,0
11.04,9.99,1,0
11.04,10.41,0,0
9.27,-1.62,0,0
13.03,11.25,1,0
15.12,-0.94,1,0
9.73,-0.48,1,0
12.57,11.56,1,0
9.63,13.22,0,0
-1.91,9.2,1,0
10.55,-2.58,0,0
11.19,12.33,0,0
10.13,11.53,1,0
10.51,12.18,0,0
-4.98,-0.27,1,0
9.13,12.05,0,0
12.23,-0.63,1,0
-4.62,2.08,1,0
-4.96,3.27,1,0
10.25,11.53,0,0
8.32,-2.87,0,0
12.16,-1.49,0,0
14.1,9.49,1,0
11.53,13.66,0,0
10.4,-4.04,0,0
11.44,-2.76,0,0
11.04,13.4,0,0
11.55,-0.9,0,0
-3.5,-1.08,0,0
13.55,-2.16,1,0
11.49,-3.5,0,0
11.88,-3.57,1,0
10.6,13.78,0,0
-2.43,0.3,0,0
-2.41,0.1,0,0
9.01,-2.46,0,0
11.14,12.82,0,0
-1.01,9.73,1,0
-3.45,10.56,0,0
11.72,11.14,1,0
12.7,-1.33,1,0
-5.46,0.29,1,0
-3.93,1.7,1,0
12.55,-4.19,1,0
9.74,11.14,0,0
13.09,16.0,1,0
10.43,-0.25,1,0
9.63,-1.13,0,0
-3.57,-1.35,0,0
-3.76,0.41,0,0
9.87,13.43,0,0
10.12,10.25,0,0
11.53,-3.15,0,0
-2.75,-0.93,0,0
-5.4,1.93,1,0
11.41,-1.5,0,0
-1.6,8.19,1,0
12.52,-2.8,0,0
11.52,-3.11,0,0
12.74,11.2,1,0
9.41,12.85,0,0
-4.07,0.93,0,0
9.54,-2.82,0,0
11.09,-3.22,0,0
-5.92,-0.31,0,0
9.64,12.93,0,0
-2.32,9.71,0,0
10.59,11.08,0,0
10.46,-0.36,0,0
10.55,12.85,0,0
7.71,-3.15,0,0
10.82,-2.24,0,0
11.4,-0.71,0,0
7.91,13.22,0,0
-1.47,9.11,1,0
11.22,-3.74,0,0
-3.51,-0.67,0,0
15.47,-0.07,1,0
-2.24,7.19,1,0
9.08,-3.79,0,0
9.47,12.91,0,0
-1.83,6.77,1,0
12.14,13.97,1,0
-2.12,10.18,0,0
14.01,-3.27,1,0
13.29,14.92,1,0
11.21,-0.65,1,0
-1.36,11.19,0,0
-2.41,0.76,0,0
-2.62,9.34,1,0
-5.24,1.98,1,0
12.24,7.81,1,0
5.05,3.87,0,0
13.25,-0.76,1,0
14.04,9.75,1,0
-2.35,7.19,1,0
-1.31,9.67,1,0
15.17,0.88,1,0
14.03,-4.1,1,0
12.15,-1.28,0,0
13.71,-3.75,1,0
-2.93,0.26,0,0
-1.42,0.52,0,0
11.12,-1.09,1,0
-3.1,1.47,1,0
-3.86,10.63,1,0
11.23,-2.18,0,0
11.8,13.44,0,0
10.75,-2.24,0,0
11.25,-3.35,0,0
11.07,-2.2,0,0
5.37,6.52,0,0
9.27,12.98,0,0
11.21,12.04,0,0
10.29,-3.5,0,0
11.55,12.52,0,0
12.84,0.26,1,0
-1.81,1.47,1,0
-2.77,3.42,1,0
9.87,11.76,0,0
9.73,13.11,0,0
11.52,12.71,0,0
13.02,-1.32,1,0
11.5,13.72,1,0
-2.48,9.35,1,0
9.02,-0.24,0,0
10.12,13.25,0,0
-1.17,9.02,1,0
10.18,15.77,0,0
11.58,13.72,0,0
12.65,-3.14,1,0
11.8,12.16,1,0
10.22,-2.0,0,0
-2.43,-0.5,0,0
14.84,-1.22,1,0
-2.3,11.0,0,0
9.25,14.94,0,0
-2.37,7.61,1,0
-2.62,8.27,1,0
-4.14,0.93,1,0
12.56,-0.74,1,0
9.28,13.47,0,0
-1.25,11.31,0,0
9.67,13.66,0,0
11.16,13.8,0,0
-0.37,-0.78,0,0
9.98,-0.21,0,0
11.63,-0.99,1,0
11.3,12.59,0,0
-1.32,10.85,0,0
12.42,-1.41,0,0
12.63,-3.2,1,0
-4.06,1.2,1,0
11.96,-2.77,0,0
9.7,-1.67,0,0
14.73,-1.02,1,0
9.89,11.32,0,0
10.09,-1.15,0,0
-1.58,10.17,0,0
-2.86,11.8,0,0
11.08,-1.24,0,0
12.27,-2.21,0,0
12.14,-2.92,1,0
-1.76,10.11,1,0
11.85,12.14,1,0
9.24,11.52,0,0
10.77,-0.76,0,0
15.83,10.18,1,0
10.61,13.82,0,0
14.68,15.26,1,1
8.36,-1.41,0,0
-5.06,-1.25,0,0
12.89,-0.54,1,0
10.25,-1.07,0,0
10.07,14.16,0,0
11.38,-3.3,0,0
-5.12,4.14,1,0
-1.77,7.45,1,0
9.44,-3.23,0,0
13.71,-3.42,1,0
-1.41,7.39,1,0
11.44,12.34,0,0
11.2,-4.24,0,0
14.5,9.74,1,0
6.94,-2.71,0,0
-2.1,0.66,1,0
9.68,13.63,0,0
8.64,-1.31,0,0
8.96,-2.08,0,0
8.89,-2.76,0,0
11.81,13.81,1,0
11.3,0.09,1,0
11.93,-0.76,1,0
-2.0,1.56,1,0
10.56,-1.05,0,0
9.57,12.56,0,0
5.31,3.75,0,0
-4.03,8.21,1,0
13.42,-2.31,1,0
14.84,-2.23,1,0
-2.61,0.89,1,0
10.3,-4.03,0,0
8.22,-2.23,0,0
9.28,11.07,0,0
-3.63,9.61,1,0
-3.26,-0.3,0,0
-5.06,1.38,1,0
10.03,13.1,0,0
11.87,-0.78,1,0
9.37,14.7,0,0
10.03,12.37,0,0
-3.57,10.81,0,0
12.48,-1.42,1,0
10.33,-2.05,0,0
10.41,-1.31,0,0
-1.67,10.12,0,0
13.96,10.52,1,0
8.63,-2.72,0,0
-4.12,-0.22,0,0
9.7,-1.71,0,0
10.13,14.99,0,0
12.37,9.42,1,0
-2.19,0.48,0,0
12.92,-0.37,1,0
-2.09,12.21,0,0
-2.02,9.6,0,0
9.62,-3.02,0,0
10.72,11.84,0,0
9.49,0.21,1,0
12.29,-2.68,0,0
-2.5,0.22,0,0
9.76,-1.52,0,0
13.04,-5.07,1,0
10.51,-1.43,0,0
12.55,-3.1,1,0
8.9,13.39,0,0
10.59,-1.5,0,0
-3.6,-0.1,0,0
7.21,13.79,0,0
12.0,-3.32,1,0
-3.76,7.98,1,0
11.38,-3.12,0,0
10.52,-1.83,0,0
11.51,14.14,0,0
13.31,-0.47,1,0
8.88,12.45,0,0
13.08,-0.97,0,0
17.8,8.82,1,1
13.16,-2.5,1,0
10.44,-3.91,0,0
10.14,14.09,0,0
14.79,12.01,1,0
10.83,-3.66,0,0
-0.8,11.82,0,0
-1.95,8.3,1,0
-4.91,2.4,1,0
11.19,13.27,0,0
-4.44,-0.34,0,0
9.71,-2.08,0,0
-2.21,1.01,1,0
9.58,-3.02,0,0
10.61,10.3,1,0
15.96,12.45,1,0
11.62,-2.66,0,0
15.03,2.5,1,0
11.86,-3.12,0,0
10.01,11.51,0,0
5.85,11.68,0,1
9.46,12.48,0,0
11.96,-3.46,1,0
9.44,10.19,0,0
10.27,-3.69,0,0
7.72,12.6,0,0
-1.76,0.43,0,0
9.14,-2.43,0,0
11.51,-2.98,0,0
10.09,-2.54,0,0
10.54,-3.19,0,0
10.8,-2.62,0,0
-4.19,0.6,1,0
13.94,7.5,1,0
-3.39,8.27,1,0
10.8,0.32,1,0
11.69,-1.27,0,0
-3.68,11.07,0,0
-2.61,0.3,0,0
7.86,-1.02,0,0
-2.76,3.06,1,0
9.53,-2.04,0,0
13.91,9.64,1,0
10.45,14.37,0,0
9.18,-2.35,0,0
-2.74,-0.35,0,0
9.68,-4.48,0,0
-3.43,9.53,0,0
9.96,-4.64,0,0
10.09,-2.63,0,0
-4.82,4.97,1,0
-4.28,0.2,0,0
12.35,-0.66,0,0
10.33,-1.27,0,0
10.76,-1.17,0,0
-1.94,1.56,1,0
9.36,15.47,0,0
-4.36,1.54,1,0
13.31,11.96,1,0
8.98,13.33,0,0
-2.3,8.35,1,0
-4.29,1.87,1,0
9.82,-4.7,0,0
-2.9,-0.59,0,0
12.84,0.72,1,0
-2.94,8.45,1,0
-2.35,0.22,0,0
-2.85,0.91,1,0
10.92,-3.22,0,0
14.74,-1.33,1,0
-3.77,3.88,1,0
12.66,-0.84,1,0
11.69,9.95,1,0
15.55,-1.3,1,0
12.26,-2.21,0,0
12.26,-1.35,0,0
11.38,-3.35,0,0
11.46,-1.99,0,0
9.57,12.33,0,0
11.81,-1.14,0,0
11.84,-3.01,0,0
13.51,-0.79,1,0
11.06,-1.55,0,0
13.21,-4.76,1,0
13.42,13.62,0,0
8.32,14.88,0,0
-4.91,1.11,1,0
8.21,12.79,0,0
-4.2,10.84,0,0
-2.01,0.28,0,0
-3.86,-1.24,0,0
-4.78,2.6,1,0
-3.03,2.41,1,0
13.59,-2.81,1,0
-4.11,11.34,0,0
8.31,13.61,0,0
8.04,14.51,0,0
9.0,-1.44,0,0
5.02,4.72,0,0
11.93,0.85,1,0
10.92,13.33,0,0
10.06,-3.0,0,0
11.37,12.93,0,0
14.08,-1.66,1,0
10.91,-2.5,0,0
12.66,-0.96,1,0
9.79,0.85,0,0
12.08,-2.75,1,0
9.52,12.88,0,0
-1.64,9.24,0,0
12.8,13.77,1,0
-1.03,7.54,1,0
13.24,-2.34,1,0
10.57,-3.71,0,0
13.4,-0.4,1,0
-2.45,3.56,1,0
-5.6,9.53,0,0
13.74,-2.32,1,0
12.8,-0.77,1,0
10.61,-2.08,0,0
12.24,-2.96,1,0
13.43,9.25,1,0
11.82,-2.86,0,0
-3.57,11.64,0,0
15.89,9.34,1,0
9.67,12.97,0,0
-2.62,2.16,1,0
12.1,-1.23,0,0
12.07,-1.14,0,0
9.58,12.23,0,0
9.68,-2.7,0,0
-1.65,9.09,1,0
11.24,14.62,0,0
12.1,-1.44,0,0
-4.87,0.63,1,0
15.41,-0.17,1,0
9.75,12.85,0,0
-4.56,-0.22,1,0
-4.21,11.83,0,0
13.06,-0.6,1,0
-1.58,9.59,1,0
12.34,-0.78,1,0
7.73,14.5,0,0
-4.27,-2.4,1,0
-2.79,1.68,1,0
11.12,12.6,0,0
15.13,-1.94,1,0
12.86,-1.68,1,0
15.6,0.58,1,0
10.42,13.48,0,0
9.55,11.81,0,0
12.57,-2.57,0,0
-3.67,0.79,0,0
15.03,0.24,1,0
12.69,-5.39,0,0
-0.71,10.73,0,0
15.07,12.92,1,0
12.16,-2.71,1,0
10.4,14.36,0,0
11.93,-2.41,0,0
11.5,-2.93,0,0
13.64,-2.69,1,0
9.87,-2.08,0,0
13.14,11.92,1,0
13.02,-1.58,1,0
9.66,-0.51,0,0
-4.15,0.58,1,0
10.8,-1.85,0,0
-4.88,1.92,1,0
13.55,-2.82,1,0
13.91,-0.62,1,0
14.19,-0.15,1,0
16.64,0.31,1,0
9.3,-3.11,0,0
-1.99,1.19,0,0
-2.66,2.21,1,0
11.21,13.23,0,0
10.79,-1.88,0,0
11.65,12.91,0,0
0.0,4.21,0,1
9.41,11.6,0,0
9.66,12.14,0,0
13.7,-1.02,1,0
-2.03,-0.07,0,0
11.49,-2.94,0,0
-2.44,1.65,1,0
11.64,10.93,1,0
-3.27,7.27,1,0
9.19,13.2,0,0
12.55,13.19,0,0
-3.84,10.04,0,0
-2.65,8.31,1,0
13.21,-3.55,1,0
-1.85,5.82,1,0
9.47,-4.17,0,0
12.69,-0.62,1,0
10.36,13.52,0,0
11.23,-3.09,0,0
-2.16,0.28,0,0
-4.55,4.05,1,0
7.29,12.02,0,0
4.96,4.65,0,0
12.78,12.16,1,0
10.11,12.74,0,0
11.96,11.84,0,0
12.12,-2.36,0,0
-0.92,8.83,1,0
-1.72,-0.58,0,0
5.61,4.69,0,0
-2.33,-0.09,0,0
10.38,11.08,0,0
13.38,13.8,1,0
7.4,-2.18,0,0
11.3,0.13,1,0
12.26,-1.53,0,0
9.98,-2.85,0,0
11.71,13.21,1,0
11.58,-1.16,1,0
-2.08,3.57,1,0
9.0,14.22,0,0
12.37,-4.25,1,0
10.66,-1.74,0,0
10.69,-1.67,0,0
9.52,-2.42,0,0
15.55,-1.76,1,0
-2.03,9.22,1,0
11.6,9.9,1,0
0.86,4.79,0,0
12.23,12.26,1,0
-1.35,9.11,1,0
-0.19,0.3,0,0
12.92,-3.25,1,0
9.04,13.76,0,0
10.58,12.78,0,0
10.64,11.56,0,0
9.2,-3.32,0,0
9.25,-2.64,0,0
9.92,-4.29,0,0
12.04,-3.18,1,0
10.81,11.21,1,0
-2.17,2.84,1,0
6.14,5.09,0,0
11.43,10.1,1,0
11.76,-3.65,0,0
12.75,12.8,1,0
11.39,12.3,1,0
9.7,-4.58,0,0
12.52,-1.43,1,0
9.6,-2.52,0,0
11.5,-1.07,0,0
10.54,-4.09,0,0
-3.45,1.15,1,0
9.87,-1.8,0,0
-3.53,11.0,0,0
-3.79,-0.33,0,0
10.06,12.4,0,0
-2.17,9.69,0,0
11.38,13.1,0,0
10.72,-3.39,0,0
11.46,14.09,0,0
13.33,-2.06,1,0
11.32,12.44,0,0
11.58,-0.99,0,0
-3.76,10.85,0,0
10.92,13.25,0,0
9.06,14.34,0,0
-2.89,0.46,1,0
10.5,-0.2,1,0
11.66,-3.5,0,0
12.02,-2.42,0,0
11.8,12.75,1,0
11.6,-2.81,0,0
11.85,-1.71,0,0
-2.86,1.87,1,0
11.07,-1.43,0,0
11.22,12.83,0,0
10.69,-1.49,0,0
8.77,12.48,0,0
8.77,-3.32,0,0
12.99,-3.43,1,0
-2.04,-2.31,0,0
-3.48,10.66,0,0
12.77,9.84,1,0
11.7,-3.08,0,0
9.24,13.75,0,0
10.03,14.02,0,0
-2.54,10.2,0,0
13.85,-2.07,1,0
13.06,-1.17,1,0
16.07,12.9,1,0
-5.0,0.11,1,0
13.22,9.73,1,0
-2.25,1.09,1,0
9.07,0.47,0,0
11.44,13.88,0,0
-2.13,8.72,1,0
11.97,-2.17,0,0
11.7,12.15,0,0
10.81,13.84,0,0
9.9,-3.76,0,0
12.8,-0.01,1,0
-3.38,1.32,0,0
-1.38,8.28,1,0
13.77,-0.25,1,0
-3.69,2.45,1,0
-3.61,10.28,1,0
9.2,12.66,0,0
14.47,-3.57,1,0
-2.97,1.78,1,0
10.4,-3.01,0,0
-4.49,9.66,1,0
-4.56,8.55,0,0
12.79,-0.31,0,0
-1.99,-2.38,0,0
13.11,11.36,1,0
12.38,-3.29,1,0
9.39,13.59,0,0
10.98,13.41,0,0
10.79,-1.75,0,0
16.33,9.35,1,0
-4.03,7.19,1,0
-3.06,8.49,1,0
13.73,-3.49,1,0
8.54,14.14,0,0
9.41,12.53,0,0
-2.37,11.43,1,0
12.1,-3.34,0,0
13.56,0.31,1,0
-1.91,10.86,0,0
-1.79,8.79,1,0
-3.67,1.89,1,0
-4.26,3.37,1,0
12.1,-0.95,1,0
10.6,-2.25,0,0
-3.1,0.72,0,0
9.51,-1.95,0,0
10.7,-2.73,0,0
12.38,1.0,1,0
-2.13,1.7,1,0
11.02,-2.01,0,0
-3.94,0.08,0,0
-2.6,7.82,1,0
-5.37,0.09,0,0
9.64,-3.31,0,0
16.02,10.22,1,0
7.25,-3.11,0,0
11.38,-3.23,0,0
10.65,-2.27,0,0
12.94,-2.67,1,0
-5.48,1.38,1,0
-0.91,11.06,0,0
10.32,9.43,0,0
10.08,9.02,0,0
10.82,-1.85,0,0
-5.24,-1.22,0,0
-3.63,10.57,0,0
-2.7,5.5,1,0
-2.43,4.72,1,0
-4.13,0.4,0,0
-2.7,0.49,1,0
-4.16,1.35,1,0
12.95,-1.32,1,0
13.44,-0.21,1,0
-2.76,3.12,1,0
-4.72,4.24,1,0
9.86,0.15,1,0
9.43,11.68,0,0
-3.03,1.47,1,0
-2.27,-0.38,0,0
-4.07,0.93,1,0
14.69,11.94,1,0
13.6,-3.3,0,0
-2.63,-0.02,0,0
12.85,13.7,1,0
-5.48,1.94,1,0
11.66,13.07,0,0
11.88,-1.2,0,0
10.59,-2.47,0,0
14.74,-0.91,1,0
12.52,10.36,1,0
-3.1,9.99,1,0
-2.53,-0.0,0,0
10.6,12.6,0,0
-4.08,10.05,0,0
9.85,13.76,0,0
-1.03,9.22,1,0
9.9,15.8,0,0
13.82,-2.33,1,0
-5.12,-0.13,1,0
12.84,0.59,1,0
-2.67,1.6,1,0
-3.95,0.51,0,0
6.19,3.32,0,0
17.29,-0.96,1,0
-0.84,8.38,1,0
-3.09,10.51,0,0
-3.98,-0.56,0,0
-1.67,9.21,1,0
-5.51,3.76,1,0
11.61,-2.49,0,0
10.29,-2.83,0,0
5.45,5.56,0,0
10.77,-1.79,0,0
11.36,14.52,0,0
10.24,15.68,0,0
-3.96,9.69,1,0
-3.0,-2.16,0,0
8.35,10.01,0,0
-1.91,10.48,0,0
-4.14,7.64,1,0
11.78,12.19,1,0
10.29,15.31,0,0
12.32,13.56,1,0
13.8,-0.27,1,0
12.45,12.06,1,0
11.55,-4.43,0,0
-3.51,1.69,1,0
-1.56,11.33,0,0
11.02,13.08,0,0
11.66,13.18,0,0
9.52,-2.64,0,0
12.39,10.33,1,0
-3.93,0.4,0,0
-1.9,0.14,1,0
10.52,-1.86,0,0
11.49,-2.72,0,0
11.79,-3.31,0,0
-1.68,6.68,1,0
9.15,-2.33,0,0
9.32,-3.0,0,0
10.39,11.8,0,0
13.87,-0.32,1,0
13.23,9.76,1,0
-2.9,9.44,0,0
-4.3,1.77,1,0
11.58,-2.7,0,0
-3.45,10.8,0,0
9.29,13.58,0,0
10.42,14.57,0,0
-4.09,3.42,1,0
10.58,12.36,0,0
11.01,9.22,0,0
13.44,12.36,1,0
-2.74,1.36,1,0
-3.81,0.2,0,0
10.95,-1.75,0,0
13.0,-1.16,1,0
10.51,13.73,0,0
10.98,12.75,0,0
-4.28,-1.82,0,0
14.25,12.43,0,0
9.56,-2.41,0,0
-3.31,-0.11,0,0
12.82,-0.7,1,0
11.57,-2.57,0,0
-4.07,-1.17,0,0
10.55,7.88,1,0
12.45,0.66,0,0
11.21,-3.46,0,0
10.28,12.39,0,0
11.23,-3.75,0,0
-4.28,0.25,0,0
9.33,-2.68,0,0
11.58,13.1,1,0
11.58,-3.52,0,0
-2.81,-0.29,0,0
9.85,12.91,0,0
12.38,0.23,1,0
11.49,13.45,0,0
10.23,-1.21,0,0
11.73,-3.09,0,0
6.99,-3.3,0,0
9.01,13.77,0,0
11.78,13.78,1,0
-3.4,10.8,0,0
10.96,10.13,0,0
7.9,15.01,0,0
-4.35,-1.35,0,0
9.67,-2.27,0,0
-3.79,0.5,0,0
12.7,-0.93,1,0
15.45,-2.14,1,0
-0.48,9.98,0,0
11.07,-1.72,0,0
12.77,13.73,1,0
8.98,-0.28,0,0
9.44,12.22,0,0
11.02,-1.44,0,0
10.08,14.21,0,0
-3.38,1.88,1,0
10.63,11.62,0,0
-4.09,0.11,0,0
10.05,-2.33,0,0
9.56,12.66,0,0
-1.16,10.83,0,0
14.77,9.54,1,0
10.66,11.59,0,0
-1.19,11.02,0,0
9.76,11.54,0,0
10.62,-3.54,0,0
-4.83,2.92,1,0
9.97,13.2,0,0
-4.77,-0.66,0,0
10.3,12.37,0,0
11.23,-1.99,0,0
11.85,-1.67,1,0
4.22,7.01,0,0
12.33,-2.38,0,0
10.37,-1.8,0,0
11.21,11.46,0,0
14.53,-1.24,1,0
13.63,-0.46,1,0
14.54,0.95,1,0
-1.33,9.09,1,0
13.7,10.02,1,0
-2.54,-0.68,0,0
6.12,4.08,0,0
10.76,-1.56,0,0
-1.77,0.53,0,0
9.72,-2.94,0,0
13.8,11.49,1,0
10.52,-3.81,0,0
8.76,13.0,0,0
11.68,10.86,1,0
11.98,-1.15,0,0
-4.25,1.74,1,0
-4.03,0.5,1,0
-0.44,-0.15,1,0
14.95,3.09,1,0
14.21,13.44,1,0
-4.74,3.88,1,0
9.71,-1.86,0,0
8.45,-2.52,0,0
-0.45,10.63,1,0
10.26,11.16,0,0
9.38,-2.66,0,0
13.32,-1.04,1,0
-1.95,3.95,1,0
-4.09,0.71,1,0
12.37,12.97,0,0
12.75,-0.63,1,0
0.88,4.85,0,0
-2.86,-0.05,0,0
-5.18,2.94,1,0
-3.67,1.8,1,0
11.07,-3.27,0,0
-4.4,1.58,1,0
8.01,-2.56,0,0
-3.44,11.63,0,0
13.78,-0.28,1,0
8.66,13.15,0,0
13.71,-1.97,1,0
10.14,-4.26,0,0
8.12,8.47,0,1
10.65,-4.14,0,0
8.67,13.23,0,0
8.89,14.67,0,0
10.66,9.1,0,0
9.92,-3.93,0,0
-4.17,-0.33,0,0
9.82,-1.16,0,0
11.71,-2.9,0,0
-3.79,-0.08,0,0
14.64,-2.62,1,0
9.54,11.15,0,0
14.41,-0.58,1,0
11.96,14.35,0,0
-1.89,10.73,0,0
10.47,12.56,0,0
-5.71,0.74,1,0
9.89,12.42,0,0
10.72,11.53,0,0
-3.68,-0.72,0,0
-3.98,7.95,1,0
15.23,-1.33,1,0
12.28,-2.53,0,0
-1.75,-2.1,0,0
-4.16,0.6,0,0
10.55,-4.26,0,0
11.38,14.2,1,0
-3.34,10.81,0,0
-3.5,0.42,0,0
-2.22,0.94,0,0
12.57,-0.4,1,0
8.67,-2.91,0,0
15.39,-0.06,1,0
10.88,-1.64,0,0
12.11,11.66,1,0
10.57,-2.59,0,0
8.88,14.4,0,0
10.84,-0.3,0,0
10.12,-4.31,0,0
-4.13,-0.67,0,0
12.79,-2.46,1,0
7.61,11.58,0,0
-1.95,0.41,1,0
-3.05,10.89,0,0
9.61,-2.48,0,0
9.73,-4.12,0,0
9.49,-2.61,0,0
-2.04,3.22,1,0
9.87,-2.12,0,0
9.14,-2.37,0,0
10.23,11.42,0,0
-2.91,0.9,1,0
10.74,-4.46,0,0
12.18,11.24,1,0
12.41,12.54,1,0
-1.62,5.73,1,0
9.26,11.47,0,0
10.86,9.79,1,0
11.83,11.53,1,0
14.19,-1.99,1,0
11.4,10.53,0,0
10.1,12.68,0,0
-4.1,0.79,1,0
10.47,12.83,0,0
-2.88,7.16,1,0
13.32,-0.21,1,0
8.98,12.91,0,0
13.04,-3.11,1,0
9.53,12.65,0,0
8.78,-2.02,0,0
13.74,10.44,1,0
7.46,14.33,0,0
13.55,-2.75,1,0
10.3,14.6,0,0
7.98,-2.73,0,0
11.14,-1.3,0,0
10.07,12.55,0,0
13.08,-0.42,1,0
11.91,16.5,0,0
9.77,13.67,0,0
11.52,2.42,1,0
-2.62,-0.79,0,0
10.4,-3.71,0,0
-2.97,11.94,0,0
-3.53,10.56,0,0
11.49,-0.07,1,0
10.3,-1.76,0,0
16.17,-0.77,1,0
-1.8,9.21,1,0
9.99,11.54,0,0
13.28,9.7,1,0
13.33,14.39,0,0
15.01,-0.95,1,0
11.01,14.73,0,0
-2.62,0.24,0,0
6.4,14.51,0,0
11.17,13.67,0,0
-1.75,8.26,1,0
-4.06,11.34,0,0
12.05,-1.13,0,0
-0.3,9.22,0,0
12.95,-2.5,1,0
8.45,12.52,0,0
-1.2,9.83,1,0
13.78,-1.6,1,0
1.52,3.79,0,0
10.25,-3.0,0,0
0.18,0.08,0,0
10.68,11.62,0,0
11.06,11.56,0,0
12.69,10.98,1,0
11.69,-2.91,0,0
11.43,12.13,0,0
9.62,-2.22,0,0
11.63,-1.31,0,0
9.89,14.33,0,0
9.5,11.14,0,0
10.09,-1.81,0,0
-4.35,0.18,1,0
11.29,-3.78,0,0
7.49,13.03,0,0
11.73,-2.96,0,0
11.04,-0.9,0,0
11.96,12.68,1,0
-3.94,1.97,1,0
11.96,-2.93,0,0
13.03,-3.91,1,0
9.07,13.7,0,0
11.76,-3.41,0,0
10.35,-3.59,0,0
11.67,-3.03,0,0
11.08,13.43,0,0
-3.44,-1.41,0,0
-2.36,1.11,0,0
11.28,0.02,1,0
12.84,-1.24,1,0
11.41,-4.46,0,0
11.47,-1.21,1,0
8.84,12.56,0,0
13.63,10.82,1,0
12.35,-1.26,1,0
12.85,13.64,1,0
-3.48,1.52,1,0
10.25,7.48,1,0
11.21,-1.37,0,0
13.18,11.16,1,0
10.45,-2.71,0,0
-3.56,1.75,1,0
-3.33,1.6,1,0
9.55,13.22,0,0
9.89,14.26,0,0
11.4,-1.96,0,0
13.76,-1.87,1,0
-2.26,0.97,0,0
-4.01,0.07,1,0
14.92,10.05,1,0
9.66,-2.09,0,0
-0.86,11.32,0,0
16.36,-0.36,1,0
10.92,-1.36,0,0
-0.64,8.25,1,0
12.8,-1.17,1,0
11.23,-1.39,0,0
12.42,9.87,1,0
-2.42,1.2,1,0
10.77,11.84,0,0
8.59,14.04,0,0
-3.28,0.46,1,0
12.49,-0.81,1,0
-1.53,10.51,1,0
11.72,12.11,0,0
10.71,14.2,0,0
13.58,0.56,1,0
6.11,5.51,0,0
13.29,-2.24,1,0
13.15,-1.88,1,0
8.42,-1.09,0,0
14.52,1.66,1,0
-4.12,0.85,1,0
11.59,10.76,1,0
-4.05,8.7,1,0
8.96,-2.11,0,0
10.45,-2.43,0,0
-1.26,-0.46,0,0
9.75,12.56,0,0
10.62,-2.61,0,0
8.44,13.14,0,0
9.62,13.11,0,0
-0.05,1.57,0,0
-3.25,10.77,0,0
9.72,12.33,0,0
11.3,-3.01,0,0
11.55,10.36,1,0
-4.09,9.83,0,0
9.14,12.51,0,0
8.0,14.07,0,0
11.74,-2.8,0,0
15.23,12.14,1,0
12.75,-0.9,0,0
12.07,-1.86,1,0
-4.08,0.13,0,0
11.78,-2.13,0,0
9.66,-3.11,0,0
15.03,11.35,1,0
-5.41,-0.22,0,0
-2.3,10.03,0,0
-2.51,-0.36,0,0
12.25,12.57,1,0
11.91,14.37,0,0
-2.5,-0.82,0,0
10.58,-4.32,0,0
-0.61,10.47,1,0
11.32,14.9,0,0
9.58,13.17,0,0
-1.98,0.76,1,0
-0.98,10.15,1,0
-2.3,10.09,0,0
13.42,9.38,1,0
9.98,-3.84,0,0
9.28,-1.73,0,0
12.1,-3.39,1,0
-2.02,12.35,0,0
12.17,-0.89,1,0
12.81,-0.76,1,0
9.92,11.53,0,0
8.98,12.76,0,0
11.87,13.11,1,0
9.14,-2.7,0,0
12.65,-2.79,1,0
9.99,-2.07,0,0
10.57,12.5,0,0
10.16,-2.37,0,0
-3.12,10.81,1,0
11.17,12.63,0,0
-0.68,10.67,1,0
10.72,11.13,0,0
12.8,-0.62,1,0
11.96,11.0,1,0
9.09,12.03,0,0
4.66,4.73,0,0
-2.9,-0.59,0,0
11.11,-1.64,0,0
12.08,-2.7,0,0
8.71,-2.47,0,0
-2.83,11.93,0,0
-3.26,11.15,0,0
-3.93,-1.04,0,0
9.44,0.04,0,0
11.6,-0.14,1,0
-3.54,9.0,1,0
-5.07,1.11,1,0
13.46,-3.3,1,0
9.4,13.26,0,0
-2.11,-2.35,0,0
12.72,15.44,0,0
9.53,12.01,0,0
-2.4,0.82,1,0
9.3,-2.25,0,0
9.43,-3.25,0,0
-2.99,-0.73,0,0
10.17,-2.68,0,0
12.92,-0.55,1,0
11.53,-3.15,0,0
11.33,10.71,1,0
8.83,12.6,0,0
10.87,13.5,0,0
11.09,12.42,0,0
11.44,-4.84,0,0
10.96,13.91,0,0
12.96,-2.43,1,0
14.81,-2.23,1,0
5.49,4.13,0,0
11.11,-3.28,0,0
8.73,-1.73,0,0
14.45,1.05,1,0
11.27,-1.15,0,0
-3.73,0.63,0,0
10.64,15.21,0,0
10.57,14.03,0,0
12.08,-1.88,0,0
11.97,-1.01,0,0
-5.8,7.71,1,0
13.1,11.79,1,0
-2.65,-0.08,0,0
8.99,-1.32,0,0
11.72,-3.5,0,0
-4.94,7.93,1,0
-4.03,2.63,1,0
9.0,-1.93,0,0
-2.42,-0.31,0,0
-3.01,0.18,0,0
-2.89,9.19,1,0
13.71,-1.3,1,0
11.73,-1.43,0,0
12.66,-0.47,1,0
11.13,-1.5,0,0
12.01,-1.75,0,0
-1.77,8.22,1,0
9.0,-2.67,0,0
9.9,10.88,0,0
9.9,13.57,0,0
-3.73,-0.49,0,0
11.12,13.99,0,0
5.66,3.35,0,0
10.35,12.34,0,0
-3.38,10.92,0,0
11.18,12.09,1,0
13.89,-1.9,1,0
12.78,-3.68,1,0
-4.61,1.71,1,0
10.9,-1.52,0,0
11.4,-1.78,0,0
13.08,-0.12,0,0
9.53,-3.13,0,0
11.79,-3.21,0,0
-4.61,-0.68,0,0
9.96,13.2,0,0
10.43,-0.79,1,0
9.62,-2.36,0,0
-1.32,10.63,0,0
12.38,-2.1,0,0
9.6,12.27,0,0
-2.27,2.21,1,0
11.8,11.9,0,0
-4.45,0.7,1,0
10.73,11.82,0,0
-2.15,1.0,1,0
11.87,-2.58,0,0
-3.65,9.84,0,0
10.29,12.69,0,0
11.82,11.79,1,0
-0.91,11.49,0,0
9.04,-2.35,0,0
9.83,13.05,0,0
11.62,-3.31,0,0
10.06,12.43,0,0
11.82,-2.4,0,0
13.52,13.76,1,0
-3.69,11.73,0,0
-1.62,-0.46,0,0
15.76,10.32,1,0
11.46,10.73,1,0
12.6,-3.45,1,0
10.73,-2.88,0,0
9.8,-3.14,0,0
13.83,13.45,1,0
10.34,-3.13,0,0
-3.11,0.89,1,0
9.02,14.11,0,0
10.22,-1.38,0,0
-3.32,0.35,0,0
12.61,12.52,0,0
-0.88,0.99,1,0
12.98,-2.68,1,0
13.95,-1.21,1,0
-4.01,-0.71,0,0
9.28,-2.43,0,0
11.23,13.67,0,0
10.94,10.2,1,0
10.71,15.11,0,0
9.27,-2.56,0,0
-3.54,0.26,0,0
15.36,-1.97,1,0
10.13,15.39,0,0
14.97,9.04,1,0
10.28,-3.31,0,0
10.79,-1.54,0,0
9.96,-2.99,0,0
15.27,10.57,1,0
13.42,-2.05,1,0
13.27,-0.17,1,0
9.69,-1.33,0,0
9.28,12.24,0,0
-2.66,1.08,1,0
10.12,14.54,0,0
9.35,-2.09,0,0
8.84,12.67,0,0
12.85,14.36,0,0
16.14,1.1,1,0
15.79,13.35,1,0
-4.11,2.53,1,0
11.99,12.55,1,0
8.27,9.33,0,1
13.39,-2.17,1,0
9.94,-1.76,0,0
-3.08,0.39,0,0
-2.45,-1.0,0,0
-3.8,-1.22,0,0
11.24,-1.49,0,0
10.78,-1.42,0,0
10.45,15.52,0,0
10.28,11.68,0,0
-3.02,1.46,1,0
9.09,-2.06,0,0
6.08,12.4,0,1
15.67,8.6,1,0
14.64,-1.04,1,0
10.19,-2.29,0,0
10.5,-2.46,0,0
6.83,14.63,0,0
-3.8,1.95,1,0
15.5,9.29,1,0
13.52,-2.94,1,0
6.31,6.58,0,0
9.85,13.19,0,0
11.65,-0.7,1,0
8.61,13.15,0,0
9.56,13.59,0,0
-3.72,-2.2,0,0
10.14,-2.61,0,0
13.57,12.79,1,0
9.65,-0.73,0,0
-3.31,0.39,0,0
11.4,-3.23,0,0
10.92,-0.86,0,0
11.31,-1.72,0,0
-3.89,-0.03,0,0
10.92,11.13,1,0
12.44,-2.93,0,0
9.34,-2.78,0,0
13.96,0.13,1,0
13.78,-1.89,1,0
-3.56,11.02,0,0
-4.38,8.09,1,0
10.6,12.45,0,0
11.24,-2.2,0,0
16.76,0.82,1,0
11.08,-1.58,0,0
-5.11,2.39,1,0
11.16,-3.59,0,0
12.01,-1.84,0,0
10.65,11.14,1,0
11.52,13.79,0,0
10.83,-1.67,0,0
9.0,-4.29,0,0
9.87,12.22,0,0
-3.93,12.08,0,0
-2.98,9.43,1,0
-3.48,1.41,1,0
13.03,10.72,1,0
-3.97,11.84,0,0
9.7,10.42,0,0
11.76,-1.03,0,0
10.57,13.73,0,0
10.15,-2.17,0,0
-5.53,3.45,1,0
-2.89,0.55,0,0
9.0,16.52,0,0
10.76,-3.92,0,0
10.86,1.33,1,0
12.1,-1.23,0,0
11.16,11.22,1,0
9.47,-1.26,0,0
8.57,-2.44,0,0
9.37,-3.22,0,0
9.24,13.01,0,0
-1.7,10.7,0,0
9.57,-3.07,0,0
7.46,-2.93,0,0
8.51,-0.82,0,0
12.52,11.28,1,0
9.4,13.13,0,0
-2.87,-0.36,0,0
9.51,-1.98,0,0
10.19,-2.8,0,0
15.14,9.13,1,0
15.85,-1.54,1,0
-2.92,5.59,1,0
8.71,-3.39,0,0
-5.97,-1.36,1,0
12.04,-2.86,0,0
13.44,-3.72,1,0
-2.7,0.98,1,0
11.41,-3.07,0,0
8.84,13.61,0,0
13.22,-0.9,1,0
10.74,13.89,0,0
-4.06,-0.61,0,0
-3.78,9.38,0,0
10.47,-5.27,0,0
-4.1,-0.86,0,0
10.24,-4.0,0,0
8.56,-3.7,0,0
-2.21,0.15,0,0
-2.08,8.73,1,0
-2.68,-1.96,0,0
9.58,14.43,0,0
10.67,14.6,0,0
13.22,-4.21,1,0
11.91,-1.01,0,0
11.79,-1.24,1,0
11.66,11.97,1,0
9.74,-2.37,0,0
-4.67,2.85,1,0
10.39,13.55,0,0
13.67,-1.66,1,0
10.81,-2.05,0,0
-4.62,2.07,1,0
13.24,-2.02,1,0
11.32,-2.33,0,0
-3.79,1.66,1,0
10.01,-2.65,0,0
-1.61,10.8,0,0
16.06,12.2,1,0
14.2,1.99,1,0
13.31,-2.62,1,0
9.8,-1.53,0,0
-3.83,11.18,0,0
6.04,4.23,0,0
8.84,12.08,0,0
10.43,-2.0,0,0
9.94,-2.92,0,0
-2.6,7.07,1,0
10.45,-1.73,0,0
-2.61,1.13,1,0
-2.27,8.89,1,0
-3.27,9.84,0,0
11.72,-1.52,1,0
-2.42,0.1,0,0
-2.31,1.79,1,0
11.07,-1.25,0,0
-3.56,8.88,1,0
9.36,13.11,0,0
-3.58,11.46,0,0
11.25,10.03,0,0
10.6,-2.15,0,0
12.78,-0.17,1,0
-3.79,8.89,1,0
11.57,-2.76,0,0
11.23,14.15,0,0
-5.72,2.26,1,0
11.2,-3.06,0,0
14.29,-2.36,1,0
12.89,-0.25,1,0
10.84,14.12,0,0
12.08,11.31,1,0
-3.73,0.34,0,0
-4.84,2.11,1,0
11.28,-2.45,0,0
-3.2,0.54,1,0
12.82,-1.97,1,0
11.57,-4.94,0,0
15.68,9.59,1,0
-4.06,2.26,1,0
8.87,14.94,0,0
-3.94,-1.21,0,0
8.67,13.07,0,0
9.63,-2.32,0,0
10.68,12.19,0,0
-6.27,0.09,0,0
11.82,-2.58,0,0
9.63,12.53,0,0
11.51,-3.31,0,0
9.37,12.65,0,0
9.86,-3.13,0,0
16.11,-1.01,1,0
11.84,-1.78,0,0
13.83,-0.08,1,0
10.55,-3.99,0,0
11.36,-2.06,0,0
12.12,-0.93,0,0
13.11,-1.28,1,0
11.07,-1.36,0,0
-3.44,10.89,0,0
-2.78,-0.52,0,0
-4.08,0.37,0,0
10.0,11.34,0,0
12.19,12.05,1,0
9.31,-1.04,0,0
-2.93,11.52,0,0
13.11,-0.18,1,0
-3.99,-0.21,0,0
10.57,-3.85,0,0
13.02,0.51,1,0
10.69,-4.09,0,0
12.44,12.09,1,0
17.0,-0.55,1,0
9.84,-2.98,0,0
13.48,-2.21,1,0
12.03,1.43,1,0
-0.17,6.59,1,0
-2.05,-2.04,0,0
13.47,14.34,0,0
10.33,-1.54,0,0
11.25,14.09,0,0
16.4,0.83,1,0
-1.38,10.9,0,0
11.31,-0.89,0,0
12.06,-2.38,0,0
12.75,10.15,1,0
-2.51,0.42,0,0
9.99,12.8,0,0
10.07,-1.44,0,0
12.48,-1.31,1,0
14.27,-0.41,1,0
-3.29,1.01,1,0
-4.05,-0.75,0,0
10.66,-1.8,0,0
-3.97,0.82,0,0
11.96,13.4,1,0
9.86,-2.35,0,0
10.7,-1.98,0,0
11.89,-2.92,0,0
15.86,-1.25,1,0
13.97,13.42,1,0
9.48,12.82,0,0
-3.88,9.62,0,0
-3.86,0.14,0,0
8.78,13.18,0,0
11.51,-1.19,1,0
9.17,-4.63,0,0
12.71,-5.38,1,0
12.15,-2.74,0,0
11.42,-3.01,0,0
10.66,12.98,0,0
-2.89,-0.49,0,0
10.07,-2.03,0,0
10.97,14.74,0,0
10.69,-1.56,0,0
11.54,-1.47,1,0
12.34,-3.94,0,0
12.82,12.27,1,0
15.31,11.13,1,0
-2.62,11.93,0,0
11.29,11.5,1,0
-5.55,9.86,0,0
8.57,12.24,0,0
-1.75,10.23,0,0
12.07,-3.45,0,0
14.07,9.76,1,0
12.04,-0.78,0,0
9.27,12.95,0,0
8.21,-3.63,0,0
-2.3,-1.71,0,0
16.41,-0.41,1,0
11.59,-2.83,0,0
-4.53,1.04,1,0
10.8,-1.02,0,0
11.34,-1.02,0,0
11.69,-3.55,0,0
11.41,10.86,1,0
10.5,12.44,0,0
10.61,13.67,0,0
10.72,-4.4,0,0
9.66,-1.99,0,0
11.0,-1.25,0,0
10.77,-2.33,0,0
11.5,14.05,0,0
13.49,-1.7,1,0
-2.26,10.12,1,0
10.61,-1.32,0,0
-2.31,-0.63,0,0
10.76,13.65,0,0
15.14,11.09,1,0
-4.73,-1.36,0,0
12.86,-0.39,1,0
10.7,13.42,0,0
-5.3,3.43,1,0
-1.48,10.1,0,0
-2.68,1.63,1,0
9.46,-2.46,0,0
14.9,-0.22,1,0
-3.47,11.69,0,0
-3.39,11.55,1,0
10.02,16.03,0,0
-4.26,-0.23,0,0
11.82,-2.6,0,0
5.59,4.66,0,0
0.44,-0.12,0,0
-4.06,-0.06,0,0
-2.43,-0.88,0,0
15.52,11.68,1,0
7.37,14.07,0,0
12.45,15.84,1,0
9.98,-2.77,0,0
8.59,12.96,0,0
9.52,-3.12,0,0
11.73,12.75,1,0
12.74,-2.42,1,0
12.85,11.32,1,0
11.95,-2.67,0,0
11.93,-2.74,0,0
9.59,13.06,0,0
10.04,-2.93,0,0
-3.5,-0.36,0,0
-3.26,10.71,0,0
11.4,-3.52,0,0
-4.56,2.62,1,0
15.71,11.28,1,0
12.06,10.8,1,0
11.96,11.96,0,0
-1.13,13.34,0,1
11.36,-3.11,0,0
11.35,-1.95,0,0
7.93,12.61,0,0
12.63,-0.76,1,0
15.0,-0.56,1,0
10.27,-3.31,0,0
10.44,-1.84,0,0
-3.94,11.31,0,0
-2.7,0.04,0,0
12.22,-4.52,1,0
11.06,-0.95,0,0
9.45,-1.94,0,0
12.75,-2.84,1,0
11.19,11.85,0,0
9.16,13.4,0,0
-2.77,9.93,0,0
11.26,13.28,0,0
-2.82,7.8,1,0
9.29,12.32,0,0
11.24,0.43,1,0
11.67,11.13,1,0
12.99,-2.2,1,0
15.7,-1.01,1,0
-2.81,2.82,1,0
-4.02,0.04,0,0
-3.53,12.86,0,0
10.05,13.67,0,0
11.18,-2.75,0,0
-4.59,11.43,0,0
9.34,-1.14,0,0
-4.04,-0.38,0,0
10.6,-2.27,0,0
-4.55,-0.73,0,0
-2.96,8.65,1,0
-5.01,-1.76,0,0
12.65,-3.5,1,0
-2.01,9.47,1,0
13.44,0.2,1,0
12.29,-2.11,0,0
9.96,-1.61,0,0
-5.83,-0.53,0,0
13.75,-1.18,1,0
10.73,-3.08,0,0
-2.84,10.65,0,0
13.19,-1.94,0,0
11.45,-1.46,1,0
-1.46,8.92,0,0
11.9,-3.61,0,0
-2.32,0.95,0,0
0.12,1.53,0,0
-3.59,4.31,1,0
-3.81,5.41,1,0
-3.5,4.09,1,0
10.42,-0.79,1,0
13.92,14.3,1,0
11.16,-2.09,0,0
14.01,9.57,1,0
9.74,14.2,0,0
9.85,-0.08,0,0
-3.15,2.54,1,0
12.43,-3.68,0,0
-1.79,10.22,1,0
9.79,-2.9,0,0
8.79,12.85,0,0
-3.92,0.26,0,0
11.17,-3.49,0,0
9.03,13.54,0,0
9.1,14.02,0,0
-3.77,0.37,0,0
12.83,-3.45,1,0
8.69,12.17,0,0
-4.75,3.56,1,0
14.93,-0.25,1,0
16.88,-0.76,1,0
13.52,-1.85,1,0
10.58,-0.62,0,0
9.86,-2.85,0,0
11.91,-4.43,0,0
9.57,12.03,0,0
12.07,-0.89,1,0
14.72,-0.63,1,0
8.35,13.08,0,0
9.12,-2.02,0,0
14.14,-1.44,1,0
10.53,-2.29,0,0
10.74,11.47,0,0
10.09,15.47,0,0
9.75,-2.34,0,0
-2.35,3.15,1,0
13.72,-1.55,1,0
11.75,-2.63,0,0
12.13,9.63,1,0
10.6,-1.76,0,0
-5.39,3.59,1,0
11.75,-1.6,0,0
-5.3,4.03,1,0
9.4,-3.23,0,0
9.85,13.7,0,0
0.59,0.73,0,0
8.91,15.11,0,0
-3.58,6.62,1,0
-2.73,11.98,0,0
11.81,0.1,1,0
9.47,-1.55,0,0
8.7,-2.4,0,0
-3.94,2.51,1,0
-3.42,0.15,0,0
9.82,13.73,0,0
8.38,13.53,0,0
6.97,14.82,0,0
-5.22,2.87,1,0
12.01,12.78,1,0
-4.74,-0.2,1,0
11.56,-3.07,0,0
1.38,5.84,0,0
11.18,-4.43,0,0
10.58,14.4,0,0
10.66,-1.16,1,0
12.49,11.74,1,0
-4.14,0.13,0,0
11.27,-1.84,0,0
11.23,-1.76,0,0
15.29,11.16,1,0
-1.69,2.09,0,0
13.54,-1.8,1,0
-2.39,-0.43,0,0
10.38,-1.49,0,0
3.16,5.76,0,0
14.35,-3.07,1,0
9.7,-2.05,0,0
9.72,-2.29,0,0
-4.65,0.2,0,0
9.81,-3.0,0,0
11.16,12.54,0,0
8.52,13.92,0,0
-4.58,1.09,1,0
-4.35,-1.36,0,0
10.94,-0.93,0,0
-1.94,10.3,0,0
11.34,13.75,0,0
12.79,-2.1,0,0
10.87,-3.6,0,0
-4.13,1.19,1,0
10.07,11.41,0,0
11.62,-3.57,0,0
-3.77,-0.36,0,0
-2.71,10.5,0,0
13.25,-1.32,1,0
-1.8,10.73,0,0
-3.42,11.46,0,0
-2.05,9.17,1,0
-3.44,-0.06,0,0
11.63,9.22,1,0
-3.49,10.5,0,0
11.68,15.39,0,0
11.16,-2.73,0,0
12.21,0.04,1,0
10.43,9.46,1,0
10.81,-1.5,0,0
9.12,-2.41,0,0
8.88,-3.25,0,0
-1.54,9.34,1,0
-1.35,-0.59,0,0
12.11,-1.71,0,0
14.5,-2.52,1,0
11.29,-1.62,0,0
12.04,-2.07,0,0
12.95,-0.33,1,0
9.44,-1.73,0,0
13.15,0.77,1,0
10.29,12.27,0,0
-3.13,-0.36,0,0
-4.34,3.87,1,0
-1.89,10.13,0,0
10.46,-1.46,0,0
2.85,2.86,0,0
-4.54,10.42,0,0
10.51,12.45,0,0
11.41,14.15,0,0
11.53,11.45,0,0
12.16,-4.28,1,0
-0.78,8.03,1,0
-5.72,2.88,1,0
-3.36,0.58,1,0
10.69,-3.85,0,0
9.62,-3.84,0,0
11.8,9.22,1,0
14.08,9.84,1,0
9.73,-3.02,0,0
-4.56,0.52,0,0
-5.9,-0.17,1,0
-0.41,0.31,1,0
13.31,10.6,1,0
-2.61,10.62,0,0
11.35,-2.2,0,0
-1.56,10.21,0,0
12.45,13.91,0,0
9.4,11.59,0,0
10.79,11.84,0,0
11.23,-1.97,0,0
12.25,12.96,1,0
10.6,14.72,0,0
-4.61,9.44,0,0
11.33,12.69,0,0
12.96,-2.55,1,0
-1.74,-0.3,0,0
9.7,13.27,0,0
9.4,14.9,0,0
1.2,-0.37,1,1
14.48,-0.95,1,0
10.75,13.69,0,0
11.41,-2.06,0,0
11.31,-1.25,0,0
11.1,-0.97,0,0
16.49,-0.85,1,0
11.25,-1.43,0,0
14.31,11.49,1,0
9.53,12.96,0,0
5.86,-3.4,0,1
-2.39,7.08,1,0
-3.99,1.79,1,0
-2.64,4.46,1,0
9.39,-2.81,0,0
-1.59,-0.18,0,0
8.67,12.85,0,0
13.36,-0.57,1,0
-2.59,10.45,0,0
9.41,-3.34,0,0
-4.68,3.3,1,0
12.06,13.02,1,0
11.8,-4.1,0,0
9.01,15.14,0,0
11.99,-1.34,0,0
8.96,-2.85,0,0
-2.2,10.92,0,0
11.22,-1.28,1,0
-3.21,-2.0,0,0
11.66,-4.88,0,0
9.47,-0.41,0,0
12.01,-0.97,1,0
-2.19,0.02,0,0
10.58,13.91,0,0
14.55,10.58,1,0
16.68,0.07,1,0
-2.41,0.17,1,0
-3.43,1.43,1,0
11.46,0.19,1,0
-3.96,0.64,0,0
-3.55,0.99,0,0
8.95,12.42,0,0
12.15,-3.19,1,0
12.11,-2.57,0,0
-4.1,10.51,0,0
10.93,-2.1,0,0
9.24,-3.02,0,0
-4.88,0.09,1,0
12.45,-1.75,0,0
-4.2,12.15,0,0
-2.44,10.35,0,0
13.09,-2.56,1,0
11.92,14.58,0,0
15.44,-0.72,1,0
13.03,-0.87,1,0
10.56,-1.49,0,0
11.75,9.17,1,0
13.9,11.0,1,0
12.14,12.05,1,0
14.44,-0.49,1,0
-2.89,-0.76,0,0
-0.48,11.19,0,0
9.61,-1.36,0,0
-4.03,9.47,1,0
10.71,14.12,0,0
12.29,-3.36,0,0
10.35,-1.34,0,0
12.4,-2.05,1,0
15.0,-0.7,1,0
11.76,-0.88,1,0
-2.48,1.2,1,0
-0.03,6.4,1,0
-3.91,8.96,0,0
-2.23,-0.86,0,0
11.98,-4.54,0,0
-3.81,9.58,0,0
-4.23,2.31,1,0
11.31,9.25,1,0
11.51,12.43,1,0
9.55,11.47,0,0
11.43,14.06,0,0
12.43,-2.55,0,0
7.26,1.49,0,1
9.04,12.87,0,0
13.52,-3.03,1,0
10.69,-3.4,0,0
10.45,-2.49,0,0
8.92,-1.45,0,0
-2.52,0.31,0,0
13.54,-0.87,1,0
10.3,-2.67,0,0
11.54,14.57,0,0
-4.43,0.98,1,0
11.87,-2.83,0,0
15.19,13.07,1,0
14.74,-0.31,1,0
10.25,12.4,0,0
-3.27,3.31,1,0
-0.79,10.29,1,0
13.24,-2.35,1,0
-2.82,10.26,0,0
-3.39,9.19,1,0
12.22,-0.82,1,0
13.54,-2.92,1,0
12.35,-1.39,0,0
-2.89,9.89,0,0
12.4,-1.69,0,0
-4.28,0.7,1,0
9.9,11.82,0,0
5.25,3.31,0,0
-4.15,0.78,0,0
12.77,-0.02,1,0
15.21,-0.71,1,0
12.45,-0.14,1,0
11.07,10.54,0,0
-2.25,8.34,1,0
12.43,-0.8,1,0
-2.96,-0.66,0,0
11.37,10.82,1,0
11.28,12.89,0,0
-2.58,10.32,0,0
-2.14,0.01,0,0
13.12,-1.1,1,0
10.79,-0.74,0,0
9.3,12.69,0,0
11.24,-3.06,0,0
9.57,-2.83,0,0
13.65,-0.37,0,0
-4.46,0.23,1,0
-3.75,11.41,0,0
11.74,-1.77,0,0
8.1,12.92,0,0
12.31,10.65,1,0
10.36,-1.14,0,0
12.13,11.89,1,0
11.99,10.15,1,0
-3.08,3.49,1,0
8.41,11.75,0,0
8.42,-3.11,0,0
9.55,-2.8,0,0
-2.7,0.12,0,0
12.3,-1.59,0,0
-3.04,1.49,1,0
-2.45,0.14,0,0
-3.11,2.08,1,0
-3.1,0.02,0,0
13.02,-0.56,1,0
13.25,10.29,1,0
11.77,9.98,1,0
5.89,3.79,0,0
17.51,2.0,1,0
7.66,-3.23,0,0
11.16,-4.09,0,0
-3.46,9.91,0,0
12.01,-2.3,0,0
10.72,11.58,0,0
-4.23,-0.13,0,0
10.5,-2.37,0,0
10.89,9.04,1,0
13.16,10.73,1,0
-2.75,11.5,1,0
-1.79,11.77,0,0
-3.27,-1.44,0,0
0.28,0.56,0,0
13.41,-2.48,1,0
11.72,-1.03,1,0
13.33,-0.38,0,0
13.33,9.36,1,0
-3.49,1.47,1,0
10.56,12.57,0,0
-1.99,10.06,0,0
-3.08,0.12,0,0
-2.96,9.51,0,0
9.89,-2.23,0,0
10.16,-2.7,0,0
10.73,13.49,0,0
0.1,3.56,0,0
9.93,-1.72,0,0
12.69,-1.13,1,0
10.33,13.95,0,0
10.83,-1.69,0,0
11.68,12.65,0,0
-3.18,0.08,0,0
12.33,-1.26,1,0
9.25,-2.9,0,0
10.5,16.13,0,0
-2.49,-0.05,0,0
12.1,-2.8,0,0
12.41,-0.61,1,0
10.09,12.72,0,0
13.31,13.74,0,0
-3.84,-0.67,0,0
11.02,-2.06,0,0
-3.53,10.21,0,0
11.39,14.23,0,0
-1.44,10.65,0,0
-2.17,9.44,1,0
9.45,14.31,0,0
12.02,-2.86,1,0
12.97,-2.48,0,0
10.98,-0.42,1,0
-4.09,0.27,0,0
9.95,12.25,0,0
13.85,-1.48,1,0
11.42,12.68,1,0
14.72,0.94,1,0
12.0,-2.01,0,0
10.71,11.31,1,0
10.97,-0.4,1,0
-1.92,10.82,0,0
10.81,12.53,0,0
10.22,14.04,0,0
10.25,14.09,0,0
13.06,11.34,1,0
10.38,-2.64,0,0
12.11,13.2,1,0
11.64,14.3,0,0
-4.23,1.26,1,0
11.37,-0.45,0,0
13.6,9.82,1,0
-3.72,1.27,1,0
10.47,11.11,0,0
11.77,-3.43,0,0
-2.47,-0.61,0,0
-3.11,7.98,1,0
9.22,14.13,0,0
10.51,-3.36,0,0
-2.41,0.16,0,0
7.0,13.68,0,0
11.92,-1.88,0,0
11.95,-0.59,0,0
13.57,-2.03,1,0
15.5,-0.83,1,0
-2.46,-1.33,0,0
12.98,-2.12,1,0
10.94,-1.25,0,0
11.23,-3.86,0,0
-2.26,0.72,0,0
11.22,12.83,0,0
12.61,12.57,1,0
-2.7,10.23,1,0
9.92,13.47,0,0
7.42,-4.77,0,0
10.83,14.84,0,0
9.49,12.71,0,0
9.35,-2.57,0,0
-3.62,-1.44,0,0
10.68,-2.51,0,0
-2.52,-1.41,0,0
9.85,13.36,0,0
-1.53,10.88,0,0
14.24,-0.71,1,0
-4.69,-0.4,0,0
8.99,-2.22,0,0
-4.3,5.92,1,0
9.97,-3.18,0,0
10.17,12.25,0,0
-3.6,10.83,0,0
11.54,12.41,0,0
12.5,-4.47,1,0
11.23,-1.65,0,0
10.61,14.02,0,0
10.97,13.23,0,0
8.42,-2.92,0,0
9.95,12.46,0,0
12.92,-1.84,1,0
11.42,-1.14,0,0
8.91,-3.44,0,0
10.91,-3.46,0,0
-4.44,0.5,1,0
11.5,-1.21,0,0
12.29,-3.25,1,0
10.37,11.77,0,0
12.33,0.89,1,0
13.49,-2.9,1,0
14.02,-2.88,1,0
14.3,1.23,1,0
-3.0,11.53,0,0
-2.91,-0.57,0,0
12.56,12.27,1,0
10.16,-0.84,0,0
11.47,-3.22,0,0
11.96,-0.72,0,0
9.78,-2.03,0,0
14.82,-0.23,1,0
9.84,13.47,0,0
7.88,13.33,0,0
-4.38,1.46,1,0
11.24,-2.04,0,0
-2.41,2.47,1,0
13.26,-0.72,0,0
-4.28,0.43,1,0
8.68,13.06,0,0
11.09,-2.0,0,0
11.46,-1.66,0,0
12.73,-1.09,0,0
-3.99,0.59,1,0
-3.82,0.83,0,0
11.56,11.68,1,0
-2.54,-1.01,0,0
-4.89,1.07,1,0
10.22,8.97,0,0
13.34,-1.82,1,0
4.62,3.09,0,0
9.57,-1.89,0,0
-3.8,2.28,1,0
-6.1,4.99,1,0
9.85,-2.38,0,0
10.83,-2.2,0,0
11.26,12.78,0,0
12.46,-2.28,0,0
12.05,-2.78,0,0
10.92,-2.31,0,0
9.78,13.73,0,0
-4.59,0.24,0,0
11.57,13.37,0,0
12.47,0.15,1,0
-3.07,4.53,1,0
-1.24,6.45,1,0
17.25,-0.2,1,0
13.02,-3.02,1,0
-1.97,9.89,0,0
10.29,13.92,0,0
-4.0,9.29,0,0
-2.28,9.25,1,0
9.29,12.94,0,0
-3.49,9.32,1,0
10.46,-2.59,0,0
-3.26,1.78,1,0
-1.88,8.59,1,0
11.23,-2.52,0,0
9.79,-1.37,0,0
11.74,-1.81,1,0
12.27,-2.74,1,0
10.39,-3.24,0,0
9.96,12.04,0,0
9.7,-2.55,0,0
11.31,10.18,1,0
12.85,-1.1,0,0
12.15,-1.17,0,0
11.79,11.92,1,0
13.5,-3.2,1,0
-3.2,-2.33,0,0
13.16,-2.26,1,0
11.39,-2.76,0,0
-2.07,0.18,0,0
-4.26,0.85,1,0
11.56,-1.13,0,0
11.77,-1.47,0,0
10.76,13.61,0,0
12.85,14.39,1,0
-2.58,1.36,1,0
15.87,0.26,1,0
-2.36,-1.45,0,0
14.41,0.75,1,0
9.49,9.37,1,0
8.31,14.35,0,0
10.66,14.25,0,0
-3.37,2.14,1,0
8.73,15.02,0,0
9.48,-3.32,0,0
11.98,9.19,1,0
10.09,11.17,0,0
14.18,9.42,1,0
13.92,-2.82,1,0
-1.6,-2.6,0,0
11.57,-0.11,1,0
15.58,-1.1,1,0
11.14,-1.81,0,0
10.74,-1.66,0,0
17.45,1.64,1,0
10.83,-1.43,0,0
-2.83,-0.48,0,0
7.84,13.1,0,0
8.98,13.15,0,0
9.12,-1.74,0,0
12.05,-0.68,0,0
-4.18,1.25,1,0
11.35,12.89,0,0
12.78,-0.86,1,0
-3.06,9.71,0,0
12.79,-1.27,1,0
12.66,12.84,1,0
9.59,14.97,0,0
11.81,-1.66,0,0
13.46,-2.1,1,0
14.47,9.44,1,0
-3.91,9.06,1,0
9.78,-5.4,0,0
9.02,14.72,0,0
-1.58,9.69,1,0
10.5,12.49,0,0
-0.74,6.95,1,0
8.18,-1.58,0,0
14.33,-1.77,1,0
13.6,-2.76,1,0
14.95,2.78,1,0
-2.95,-1.65,0,0
16.58,0.3,1,0
9.55,-1.75,0,0
9.65,-2.54,0,0
-2.64,0.69,0,0
13.09,-1.67,0,0
12.04,12.84,1,0
11.86,-2.99,0,0
0.04,-1.78,0,0
10.26,13.47,0,0
15.41,-0.15,1,0
10.19,13.37,0,0
9.8,11.27,0,0
-2.94,10.69,0,0
10.97,11.39,1,0
11.34,-3.5,0,0
10.8,-1.8,0,0
-2.5,10.92,0,0
9.95,-1.74,0,0
13.58,-0.22,1,0
11.25,-3.41,0,0
9.95,11.38,0,0
-2.43,11.3,0,0
11.38,-0.0,0,0
-2.97,7.99,1,0
11.99,-2.49,1,0
10.43,12.14,0,0
11.79,-1.23,0,0
11.52,-2.32,0,0
12.62,-0.47,1,0
10.73,11.95,0,0
12.94,-2.53,1,0
-2.2,2.28,1,0
8.83,-4.03,0,0
9.14,-2.5,0,0
11.72,9.92,1,0
-3.19,-1.16,0,0
7.9,15.29,0,0
13.1,-0.05,1,0
-2.52,9.9,0,0
11.12,-3.14,0,0
13.18,13.85,1,0
15.23,10.54,1,0
12.2,-3.11,1,0
11.98,-1.72,0,0
12.73,-2.09,0,0
-4.1,1.85,1,0
-2.77,4.45,1,0
-0.83,11.19,0,0
-2.5,-1.16,0,0
9.41,-0.82,0,0
11.79,13.47,0,0
-2.19,11.31,0,0
-2.19,2.96,1,0
-4.14,7.04,1,0
8.82,12.22,0,0
9.38,-2.22,0,0
9.74,-3.09,0,0
13.96,-0.16,1,0
-3.74,-0.54,1,0
12.06,-0.14,1,0
-4.41,1.66,1,0
9.01,13.36,0,0
-4.47,10.38,1,0
10.67,11.64,0,0
12.9,10.72,1,0
10.86,-3.63,0,0
8.47,-3.26,0,0
10.97,-1.19,0,0
9.99,12.52,0,0
8.91,14.08,0,0
10.67,14.01,0,0
8.6,13.34,0,0
12.99,11.39,1,0
13.59,1.51,1,0
-4.9,2.28,1,0
10.48,-3.57,0,0
4.96,3.83,0,0
4.6,3.9,0,0
9.2,-2.17,0,0
-4.05,0.27,1,0
13.88,-1.63,1,0
-1.98,9.95,0,0
8.15,12.5,0,0
9.04,-0.98,0,0
12.84,-0.29,1,0
-2.42,7.43,1,0
9.03,14.94,0,0
-1.34,10.57,0,0
11.61,-2.81,0,0
9.37,-3.03,0,0
10.58,13.39,0,0
9.18,-2.77,0,0
15.55,-1.94,1,0
15.89,0.31,1,0
10.48,-3.26,0,0
11.75,-1.29,1,0
9.68,13.78,0,0
12.35,-1.4,0,0
11.92,-0.28,1,0
9.91,-2.79,0,0
11.93,12.85,0,0
12.38,9.68,1,0
-2.36,3.63,1,0
-3.74,1.04,0,0
12.64,-1.04,1,0
8.62,13.35,0,0
11.0,-1.45,0,0
11.08,-1.22,0,0
10.37,12.78,0,0
0.11,0.43,0,0
-3.94,-2.18,0,0
10.16,-3.79,0,0
12.23,-0.63,1,0
12.59,-2.9,1,0
10.18,14.02,0,0
10.86,-2.81,0,0
12.04,-3.16,1,0
-5.79,2.07,1,0
11.53,12.19,0,0
-4.12,1.25,1,0
11.29,-3.4,0,0
12.15,12.86,1,0
13.93,-1.85,1,0
-4.05,-0.02,0,0
12.9,-2.27,1,0
11.86,-1.96,1,0
11.48,-3.49,0,0
-2.09,-0.25,0,0
12.85,11.82,1,0
-1.95,9.63,1,0
9.52,-1.98,0,0
12.51,0.13,1,0
9.36,12.11,0,0
13.15,12.6,1,0
10.51,-1.54,0,0
11.8,-1.5,1,0
15.97,10.27,1,0
10.42,-1.67,0,0
11.13,-2.11,0,0
-3.57,1.81,0,0
9.46,14.05,0,0
10.01,-2.97,0,0
-1.37,0.51,0,0
13.33,-2.84,1,0
-5.62,0.37,0,0
9.79,11.89,0,0
11.48,-1.9,0,0
9.26,11.26,0,0
-4.62,0.06,1,0
12.24,-1.34,1,0
10.84,-0.55,1,0
-3.69,1.15,1,0
8.85,-2.84,0,0
10.27,-2.08,0,0
-0.31,10.48,0,0
-4.23,-0.78,0,0
12.75,-0.38,1,0
10.47,-3.72,0,0
-1.89,-1.26,0,0
9.24,-3.25,0,0
10.71,-1.57,0,0
11.6,12.55,0,0
9.67,-2.14,0,0
12.22,-0.7,0,0
-3.53,4.17,1,0
8.95,-2.67,0,0
9.79,13.27,0,0
10.84,13.76,0,0
9.77,-1.59,0,0
11.74,-3.22,0,0
12.44,-0.51,0,0
-2.4,9.37,1,0
-2.35,-0.64,0,0
-4.04,-0.03,0,0
12.28,0.09,0,0
13.49,-1.06,1,0
10.94,-1.42,0,0
11.09,12.96,0,0
10.0,-3.75,0,0
13.7,-3.21,1,0
12.63,-2.39,1,0
-3.69,1.11,1,0
10.05,-2.28,0,0
14.41,-1.8,1,0
9.41,-3.12,0,0
10.73,-0.07,1,0
10.48,12.56,0,0
14.03,-2.23,1,0
8.98,-3.28,0,0
-1.81,-0.05,1,0
-1.96,-1.23,0,0
10.96,-1.24,0,0
-4.01,-0.73,0,0
-2.89,-0.4,0,0
-2.51,0.2,0,0
2.61,6.68,0,1
11.96,-2.37,1,0
-1.91,-0.8,0,0
-0.7,-0.37,0,0
10.29,-1.51,0,0
-3.89,9.13,1,0
11.38,12.52,0,0
10.18,-1.34,0,0
12.22,9.71,1,0
13.17,-2.12,1,0
10.81,-3.08,0,0
8.3,12.31,0,0
11.44,-3.16,0,0
-1.2,3.43,1,0
11.53,-3.11,0,0
-3.49,1.45,1,0
-3.65,0.24,0,0
-2.86,2.6,1,0
12.9,-1.68,0,0
12.18,-3.31,1,0
-4.49,-0.0,1,0
-4.25,4.67,1,0
12.81,-2.29,1,0
4.95,2.89,0,0
9.38,12.96,0,0
8.88,11.93,0,0
-3.41,10.69,0,0
13.14,-2.84,1,0
-2.92,0.6,0,0
11.91,13.66,0,0
12.67,-0.6,1,0
9.41,-1.57,0,0
12.4,12.96,1,0
10.01,-2.08,0,0
12.41,-2.17,1,0
15.65,-1.12,1,0
-4.55,1.7,1,0
9.15,-2.53,0,0
9.27,-3.63,0,0
9.37,-1.09,0,0
11.76,-2.93,0,0
10.44,-1.05,0,0
-3.63,11.68,0,0
-4.93,-0.21,0,0
12.97,-0.95,1,0
15.27,-2.11,1,0
12.24,0.52,1,0
9.14,-2.55,0,0
-3.43,0.24,0,0
12.58,-1.62,1,0
13.82,0.09,1,0
9.49,13.06,0,0
16.18,-0.17,1,0
10.12,-2.48,0,0
12.23,-3.35,1,0
-0.98,-0.77,0,0
9.9,15.34,0,0
-3.16,11.75,0,0
-4.85,-1.49,0,0
15.46,-0.7,1,0
11.45,11.04,1,0
10.88,10.27,1,0
-0.94,11.94,0,0
11.62,-1.71,0,0
-1.96,9.62,0,0
-2.02,0.16,0,0
-2.63,1.13,1,0
14.17,10.4,1,0
12.74,-2.13,0,0
11.33,-3.84,0,0
-2.77,2.77,1,0
10.57,0.73,1,0
12.79,-1.08,0,0
9.34,12.98,0,0
15.2,-2.11,1,0
10.97,-1.32,0,0
12.31,11.45,1,0
-4.19,0.21,0,0
8.8,-2.4,0,0
12.5,-0.94,1,0
9.56,-2.65,0,0
11.74,-3.09,0,0
15.16,-0.41,1,0
13.94,-2.31,1,0
-0.94,9.18,1,0
15.73,-0.75,1,0
9.09,13.74,0,0
11.48,-1.51,1,0
12.32,-0.65,0,0
11.85,-0.79,0,0
10.31,13.9,0,0
14.13,-3.83,1,0
13.2,-2.77,1,0
9.55,-3.21,0,0
-0.96,8.31,1,0
-5.6,0.26,1,0
9.78,14.69,0,0
12.2,-0.69,1,0
-3.91,2.51,1,0
11.02,12.97,0,0
13.42,-0.17,1,0
-4.02,0.48,0,0
-2.56,1.68,1,0
12.71,-2.18,0,0
10.72,14.67,0,0
12.5,-4.21,1,0
-1.94,10.56,1,0
12.43,-1.81,0,0
-1.9,-1.06,0,0
9.78,-2.12,0,0
11.05,12.09,0,0
9.02,14.59,0,0
12.15,-0.76,0,0
10.85,9.91,1,0
-5.47,0.64,1,0
9.42,-1.75,0,0
13.89,-0.41,1,0
11.1,-1.24,0,0
3.16,2.73,0,1
10.34,-0.9,1,0
16.68,10.8,1,0
13.01,0.75,1,0
12.46,-1.3,0,0
-4.16,-0.41,0,0
9.58,12.88,0,0
12.48,-0.98,1,0
-1.73,1.97,0,0
10.91,-2.27,0,0
-2.34,-0.65,0,0
11.59,-3.36,0,0
12.56,-1.62,0,0
9.78,14.34,0,0
11.5,-6.28,0,0
-2.82,8.16,1,0
12.05,11.39,1,0
-4.27,0.72,1,0
8.92,-2.8,0,0
11.17,-1.81,0,0
10.56,7.86,0,0
9.38,12.74,0,0
12.3,11.61,0,0
9.45,-2.56,0,0
-2.72,8.32,1,0
11.86,-3.28,0,0
10.55,-0.99,0,0
-1.45,11.43,0,0
13.41,10.65,1,0
13.51,10.93,1,0
12.68,11.64,1,0
15.79,0.23,1,0
16.46,-1.05,1,0
10.39,14.73,0,0
-3.61,8.14,1,0
12.66,-0.95,1,0
7.59,-3.04,0,0
11.22,11.37,1,0
11.2,-3.7,0,0
12.09,-2.9,1,0
9.01,12.7,0,0
9.5,-0.79,0,0
12.02,-1.47,0,0
12.92,-0.61,1,0
11.63,-1.79,0,0
10.61,12.44,0,0
9.38,13.26,0,0
13.95,-0.23,1,0
9.68,13.18,0,0
-0.8,-0.55,0,0
-2.57,8.85,1,0
8.29,8.82,0,1
10.94,13.38,0,0
10.76,12.21,0,0
10.65,-5.08,0,0
10.88,13.54,0,0
11.64,-2.02,0,0
13.58,-3.64,1,0
9.12,0.06,1,0
-1.45,8.69,1,0
10.03,-4.03,0,0
10.29,14.26,0,0
11.33,-3.65,0,0
11.13,-1.71,0,0
10.87,-2.44,0,0
-3.09,0.48,1,0
10.42,-3.94,0,0
9.25,12.95,0,0
9.16,1.69,0,1
9.41,-2.45,0,0
9.53,12.87,0,0
14.63,-0.88,1,0
11.06,12.83,0,0
12.39,-2.37,0,0
15.37,-1.28,1,0
-4.02,-0.38,1,0
13.32,-1.91,1,0
11.64,14.21,0,0
11.33,-3.4,0,0
10.46,-2.38,0,0
10.46,11.26,0,0
12.79,-2.94,1,0
10.75,13.71,0,0
15.33,10.28,1,0
-3.22,11.24,0,0
-4.89,2.71,1,0
10.55,-2.31,0,0
-4.63,0.05,0,0
-4.03,1.41,1,0
9.48,13.47,0,0
14.88,-1.7,1,0
10.65,-3.28,0,0
13.41,-0.66,1,0
11.06,-0.77,0,0
11.34,13.42,0,0
10.26,14.72,0,0
5.47,4.9,0,0
9.17,-1.81,0,0
8.54,12.99,0,0
-5.86,-0.1,1,0
9.37,12.84,0,0
12.42,-0.35,0,0
10.39,-2.41,0,0
10.63,-0.91,0,0
12.75,-2.25,0,0
9.37,-2.05,0,0
12.33,12.3,1,0
11.27,-1.87,0,0
17.52,0.48,1,0
-4.3,-0.31,0,0
-3.29,2.75,1,0
-2.85,4.36,1,0
10.92,-1.16,0,0
12.69,-2.44,0,0
12.3,11.3,1,0
12.94,-1.98,0,0
-3.35,8.29,1,0
15.26,-1.15,1,0
13.31,9.82,1,0
11.48,-3.02,0,0
-0.7,11.57,0,0
11.63,12.5,0,0
12.85,-4.47,1,0
11.82,-2.28,0,0
11.24,-1.42,0,0
-3.6,1.52,1,0
9.26,13.16,0,0
-4.01,2.3,1,0
11.38,-3.78,0,0
10.52,12.7,0,0
14.37,-2.13,1,0
11.53,10.27,1,0
14.88,-1.45,1,0
-2.13,1.81,1,0
10.97,11.22,0,0
10.95,13.08,0,0
14.1,-1.55,1,0
12.71,-3.42,1,0
10.5,-1.94,0,0
10.73,-3.25,0,0
12.46,-3.33,1,0
-4.03,4.03,1,0
13.43,11.87,1,0
-2.55,9.21,1,0
9.55,-2.56,0,0
-3.33,11.42,0,0
13.1,-3.02,1,0
13.85,-2.61,1,0
9.22,11.27,0,0
9.59,11.92,0,0
9.64,12.88,0,0
8.0,-3.56,0,0
-1.29,9.79,1,0
9.86,12.76,0,0
-2.84,4.27,1,0
13.02,1.37,1,0
15.44,-0.3,1,0
-2.52,0.26,0,0
7.42,-3.34,0,0
10.55,16.27,0,0
-1.29,10.81,0,0
10.62,-1.23,0,0
-1.47,11.3,0,0
10.82,-1.15,0,0
10.4,14.84,0,0
12.15,-3.02,0,0
-4.64,1.09,1,0
9.68,-1.65,0,0
10.76,-3.9,0,0
9.77,-2.89,0,0
10.05,10.6,0,0
8.77,12.91,0,0
-3.98,2.95,1,0
-2.44,1.44,1,0
10.01,13.58,0,0
13.56,-1.54,1,0
12.34,-1.69,0,0
-4.1,0.55,0,0
-3.39,0.39,0,0
8.74,12.19,0,0
12.6,-2.11,0,0
12.34,-1.68,0,0
-2.37,1.87,1,0
10.77,-1.14,0,0
11.29,-0.81,0,0
-3.94,-0.3,0,0
15.17,-1.18,1,0
14.5,-1.01,1,0
-3.91,-0.21,0,0
-2.36,6.57,1,0
10.1,-4.0,0,0
11.09,14.35,0,0
12.94,-1.43,1,0
10.59,-2.3,0,0
8.75,12.11,0,0
-5.23,-0.81,1,0
11.82,-3.51,0,0
9.95,14.91,0,0
11.87,11.38,1,0
11.03,-1.76,0,0
11.95,-1.4,0,0
-3.71,4.56,1,0
11.75,-3.25,0,0
12.01,11.58,0,0
8.89,-2.85,0,0
9.18,-2.89,0,0
10.61,13.64,0,0
9.48,11.19,0,0
-4.16,-0.4,0,0
9.12,12.8,0,0
14.09,-1.61,1,0
-0.19,-1.34,0,0
13.98,0.19,1,0
11.66,11.26,1,0
11.24,11.48,1,0
8.87,-2.25,0,0
9.18,-0.79,0,0
13.09,10.59,1,0
-4.04,10.78,0,0
13.99,-0.44,1,0
-2.27,-0.01,0,0
13.57,-1.24,1,0
9.24,-3.35,0,0
10.38,-0.86,0,0
8.85,-2.64,0,0
12.63,-2.66,0,0
-1.41,-0.06,0,0
-3.95,-0.25,0,0
13.5,-0.71,1,0
11.92,-2.6,0,0
13.26,12.08,1,0
10.77,13.73,0,0
-1.52,0.16,0,0
8.61,11.9,0,0
-2.37,0.8,0,0
11.05,13.42,0,0
9.99,-1.95,0,0
-4.61,-0.2,0,0
13.74,11.3,1,0
-2.18,8.64,1,0
10.15,-3.5,0,0
7.98,12.1,0,0
9.72,11.82,0,0
12.05,-0.59,1,0
6.94,1.75,0,1
11.65,-3.51,0,0
11.95,-2.52,0,0
11.92,13.76,0,0
-4.77,-0.18,1,0
-2.51,0.06,0,0
10.94,-3.55,0,0
10.57,-1.47,0,0
-4.47,-0.36,1,0
-1.29,10.37,0,0
10.78,11.67,0,0
13.48,0.27,1,0
-3.16,1.49,1,0
-4.83,-1.0,0,0
8.38,16.02,0,0
12.68,-0.73,0,0
-2.75,0.47,0,0
8.6,13.75,0,0
9.59,12.09,0,0
8.9,13.81,0,0
10.45,12.27,0,0
9.21,13.58,0,0
12.71,-2.18,0,0
9.34,-3.18,0,0
12.34,-0.53,1,0
-5.07,1.17,1,0
12.89,-1.12,0,0
11.61,12.35,0,0
-2.84,-0.42,0,0
11.71,12.6,1,0
-1.59,0.11,0,0
13.54,-3.42,1,0
15.3,1.2,1,0
-3.24,-0.32,0,0
12.31,10.72,1,0
11.62,-2.98,0,0
-4.84,0.88,1,0
12.09,11.97,1,0
-3.0,-1.75,0,0
10.39,-2.55,0,0
9.39,-2.55,0,0
11.92,-3.1,0,0
13.3,9.89,1,0
-5.15,1.92,1,0
13.89,11.15,1,0
10.91,-2.26,0,0
6.42,2.81,0,0
-1.85,9.99,1,0
11.49,-4.09,0,0
-4.93,0.11,1,0
-3.33,9.76,1,0
-4.68,8.14,1,0
0.23,8.7,1,0
12.69,-0.84,1,0
8.8,12.65,0,0
13.06,-3.01,1,0
9.12,13.16,0,0
14.4,0.41,1,0
-2.73,0.16,0,0
13.56,-0.88,1,0
14.05,-1.98,1,0
9.32,-2.76,0,0
10.51,12.49,0,0
10.32,12.33,0,0
12.78,-2.78,1,0
11.69,-3.79,0,0
9.51,13.71,0,0
-3.14,0.51,0,0
-0.47,10.65,0,0
12.7,0.21,1,0
-3.7,1.68,1,0
10.43,12.95,0,0
10.36,14.39,0,0
13.09,-2.59,1,0
-2.52,-1.2,0,0
9.08,12.0,0,0
-4.61,0.27,0,0
-2.63,-0.76,0,0
11.83,13.74,0,0
9.15,13.05,0,0
11.3,13.24,0,0
9.38,13.09,0,0
-5.78,-0.14,1,0
10.98,10.35,1,0
10.11,-3.7,0,0
11.7,12.41,0,0
11.22,13.53,0,0
13.92,-1.96,1,0
11.73,9.06,1,0
-4.64,-1.03,0,0
-1.13,9.29,1,0
14.92,-2.16,1,0
-2.53,1.24,1,0
9.2,10.76,0,0
14.69,-2.63,1,0
-1.91,1.57,1,0
14.76,10.92,1,0
-4.15,-0.55,0,0
11.53,-2.15,0,0
8.72,13.57,0,0
13.78,-1.95,1,0
11.01,14.2,0,0
12.81,-1.08,1,0
10.58,11.85,0,0
10.83,13.38,0,0
-6.96,1.87,1,0
15.19,9.58,1,0
10.04,11.3,0,0
-4.45,-0.09,1,0
10.84,1.1,1,0
11.26,13.47,0,0
9.84,-2.72,0,0
-3.36,3.59,1,0
11.57,15.26,0,0
-3.97,-0.74,0,0
11.62,9.48,1,0
-2.01,-0.67,0,0
-3.75,-0.66,0,0
14.4,9.56,1,0
11.23,-3.07,0,0
11.63,13.97,0,0
-3.88,-0.31,0,0
12.26,-0.89,0,0
10.1,13.67,0,0
14.44,12.36,1,0
-3.89,-1.33,0,0
13.88,-3.13,1,0
5.28,7.0,0,0
12.12,12.48,1,0
10.56,12.65,0,0
10.95,-3.94,0,0
-3.27,10.93,0,0
-5.37,4.16,1,0
-4.8,0.12,0,0
10.69,-2.0,0,0
9.42,12.58,0,0
12.86,-2.07,0,0
11.29,-2.14,0,0
-3.05,7.67,1,0
10.77,12.12,0,0
10.85,-2.37,0,0
12.05,-0.9,1,0
10.72,-1.62,0,0
-4.05,0.61,1,0
10.93,-3.22,0,0
-3.32,6.55,1,0
9.05,-3.29,0,0
13.13,-1.71,1,0
-3.49,10.73,0,0
-1.07,9.97,0,0
12.68,-2.37,0,0
14.66,1.01,1,0
-2.12,-1.02,0,0
13.42,-3.64,1,0
11.05,-2.96,0,0
13.07,-3.34,1,0
12.11,-0.68,0,0
-3.95,-1.84,0,0
11.74,13.22,1,0
10.9,14.29,0,0
12.68,12.67,1,0
-0.87,-0.79,0,0
-4.34,0.66,1,0
8.47,-2.45,0,0
12.4,9.45,1,0
12.93,10.84,1,0
15.66,1.71,1,0
5.13,3.11,0,0
8.97,-2.28,0,0
11.5,-3.68,0,0
9.26,12.92,0,0
16.91,-0.22,1,0
-2.21,-1.76,0,0
-4.74,-1.04,0,0
10.11,12.68,0,0
-2.97,8.2,0,0
12.85,-1.06,1,0
9.96,11.77,0,0
13.1,-3.77,1,0
12.86,11.16,1,0
-3.61,9.78,1,0
12.03,-2.24,0,0
14.08,-0.25,1,0
12.91,-2.82,1,0
12.68,-0.46,1,0
8.36,13.67,0,0
-1.81,9.94,0,0
9.95,0.46,0,0
10.72,-1.71,0,0
8.6,13.98,0,0
10.1,-1.19,0,0
11.7,14.5,0,0
-2.99,1.52,1,0
11.34,-3.36,0,0
11.46,-3.07,0,0
-4.0,2.65,1,0
-4.55,0.45,1,0
9.79,-2.01,0,0
10.36,-3.56,0,0
13.82,-0.52,1,0
9.47,12.44,0,0
10.55,-1.77,0,0
11.4,-3.81,0,0
-3.16,0.73,1,0
13.18,-0.74,0,0
-2.98,10.54,0,0
14.6,-0.1,1,0
-2.73,0.84,0,0
10.98,13.25,0,0
9.9,-2.56,0,0
11.59,11.27,1,0
8.36,-1.87,0,0
9.3,12.35,0,0
11.85,-3.06,0,0
13.06,-0.2,1,0
9.17,-4.27,0,0
12.06,-3.66,1,0
11.77,-3.84,0,0
-4.12,9.69,1,0
11.58,-2.85,0,0
-3.42,0.38,0,0
-5.15,0.03,1,0
9.23,14.73,0,0
10.89,11.83,1,0
10.17,11.7,0,0
13.04,12.91,1,0
7.92,14.04,0,0
9.66,13.19,0,0
12.45,-2.49,0,0
9.97,12.85,0,0
11.63,-3.19,0,0
11.49,13.06,0,0
11.33,-3.74,0,0
-2.86,0.72,1,0
-1.98,6.05,1,0
-1.4,7.0,1,0
8.79,12.28,0,0
10.27,-3.77,0,0
-2.35,7.23,1,0
9.59,13.27,0,0
9.47,-4.15,0,0
-3.84,-0.07,0,0
10.8,-2.63,0,0
-2.34,0.19,0,0
12.97,-1.17,1,0
-1.85,0.8,0,0
11.36,13.18,0,0
7.39,15.14,0,0
8.46,14.02,0,0
14.6,8.66,1,0
13.03,11.86,1,0
12.76,-2.13,1,0
-4.1,0.48,1,0
14.1,11.97,1,0
13.65,-2.81,1,0
11.67,3.31,1,1
10.15,8.72,0,0
-5.65,1.34,1,0
-2.66,0.04,0,0
7.79,-3.66,0,0
10.97,14.31,0,0
11.42,-3.71,0,0
-2.64,0.49,0,0
12.72,-2.42,0,0
10.99,12.17,0,0
9.51,12.65,0,0
11.66,14.17,0,0
13.98,-1.56,1,0
9.45,12.07,0,0
11.77,-4.9,0,0
12.42,-3.45,1,0
10.6,-1.31,0,0
11.55,-1.99,0,0
-0.67,7.22,1,0
-1.07,8.75,1,0
9.43,-2.08,0,0
-3.77,2.83,1,0
9.71,-4.39,0,0
-3.32,3.1,1,0
9.2,-1.49,0,0
9.58,13.05,0,0
13.15,-1.23,1,0
14.15,-0.82,1,0
9.38,13.06,0,0
-4.33,1.31,1,0
13.19,-1.77,0,0
15.82,0.5,1,0
7.62,14.74,0,0
-3.96,0.54,1,0
-1.96,9.07,1,0
-1.16,8.69,1,0
9.91,12.75,0,0
11.67,9.97,1,0
11.82,-5.39,0,0
-4.64,1.74,1,0
-2.25,2.7,1,0
10.23,-4.46,0,0
11.66,8.76,1,0
12.74,12.87,1,0
16.76,0.58,1,0
10.26,-3.79,0,0
12.71,11.19,1,0
10.01,-1.84,0,0
13.85,-1.04,1,0
-3.25,12.05,0,0
13.22,11.32,1,0
11.24,10.93,1,0
11.55,13.2,0,0
11.1,-2.87,0,0
10.22,14.03,0,0
10.4,-1.67,0,0
13.08,-1.24,1,0
13.45,-0.71,1,0
11.14,-2.6,0,0
11.52,-3.1,0,0
-2.13,9.69,1,0
12.95,-1.2,1,0
-4.07,2.51,1,0
13.17,10.63,1,0
-1.88,7.79,1,0
11.57,-3.76,0,0
12.79,-0.42,1,0
-1.9,10.48,0,0
9.76,-2.82,0,0
12.84,13.65,1,0
12.43,-0.51,1,0
11.0,-3.34,0,0
8.94,-5.07,0,0
-3.95,3.27,1,0
12.05,-3.81,0,0
-2.89,0.21,0,0
-2.48,-0.2,0,0
12.85,-2.8,1,0
9.85,13.64,0,0
14.83,-1.57,1,0
14.03,-0.14,1,0
8.77,12.97,0,0
11.27,12.42,0,0
10.81,-3.62,0,0
11.39,12.89,0,0
7.87,12.01,0,0
12.02,-2.73,0,0
9.95,11.94,0,0
-4.94,-0.57,1,0
-2.32,10.38,0,0
-1.76,7.97,1,0
-4.92,-0.66,1,0
10.38,-3.55,0,0
10.02,13.73,0,0
10.11,-1.5,0,0
10.19,12.17,0,0
-2.75,0.53,0,0
-3.88,-0.71,0,0
9.71,-2.4,0,0
12.04,12.31,1,0
-5.5,-2.11,0,0
14.08,-3.5,1,0
11.2,13.44,0,0
10.89,-3.24,0,0
-2.47,11.93,0,0
10.98,12.11,0,0
-4.4,1.14,1,0
10.88,14.07,0,0
-0.72,8.73,1,0
14.74,8.99,1,0
10.92,-1.25,0,0
10.05,-1.91,0,0
9.91,-0.99,0,0
9.7,-2.1,0,0
9.71,-2.03,0,0
10.24,-1.46,0,0
9.25,-3.36,0,0
9.81,11.09,0,0
12.13,-2.78,1,0
13.31,14.03,1,0
9.18,12.99,0,0
15.86,10.47,1,0
12.23,12.8,0,0
13.11,-0.69,1,0
10.2,15.13,0,0
10.58,11.66,1,0
-1.18,11.74,0,0
14.59,0.08,1,0
-1.2,3.37,1,0
-1.34,8.67,1,0
9.26,0.33,0,0
10.9,-1.75,0,0
-2.79,11.53,0,0
2.07,5.07,0,0
-1.42,10.86,0,0
14.69,-0.19,1,0
-3.29,-1.03,0,0
11.56,-3.08,0,0
10.59,-1.32,0,0
9.62,12.64,0,0
11.24,12.29,1,0
11.48,-2.9,0,0
10.66,-3.4,0,0
11.5,13.55,0,0
12.2,-1.59,0,0
9.59,16.18,0,0
11.87,-1.4,1,0
-3.26,7.34,1,0
9.21,-2.2,0,0
12.52,-2.21,0,0
10.64,-0.87,0,0
9.94,11.86,0,0
10.19,14.78,0,0
13.42,-1.74,1,0
-2.45,8.91,0,0
-0.42,8.19,1,0
12.65,-2.67,0,0
9.0,12.79,0,0
-2.83,-0.2,0,0
9.04,13.27,0,0
10.76,-1.45,0,0
-3.27,9.82,0,0
-2.2,-0.57,0,0
11.66,10.05,1,0
7.96,12.73,0,0
-3.21,10.59,0,0
13.1,-2.73,1,0
9.85,14.26,0,0
-1.73,3.12,1,0
-2.95,0.44,0,0
-0.76,10.8,0,0
8.7,12.3,0,0
13.93,-1.99,1,0
-4.46,0.02,0,0
10.67,-4.44,0,0
10.61,-3.8,0,0
-2.28,0.68,1,0
9.36,15.19,0,0
7.95,11.61,0,0
9.0,-1.02,0,0
10.42,13.54,0,0
-4.35,2.73,1,0
11.3,-1.45,0,0
10.43,-2.09,0,0
-3.9,-0.6,0,0
13.29,8.78,1,0
9.37,12.81,0,0
-3.76,1.11,1,0
14.8,0.31,1,0
10.98,9.78,1,0
11.64,-1.93,0,0
10.98,-3.72,0,0
10.22,-4.07,0,0
-5.42,3.65,1,0
-1.99,8.28,1,0
-0.21,11.15,0,0
12.42,11.26,1,0
-4.13,0.91,1,0
12.16,0.21,1,0
12.6,11.2,1,0
8.81,12.76,0,0
10.42,12.19,0,0
-4.02,0.65,0,0
10.95,-1.26,0,0
-2.24,6.43,1,0
11.87,-1.03,0,0
14.11,2.45,1,0
12.08,9.44,1,0
-1.84,7.18,1,0
-2.49,0.96,1,0
-2.06,0.82,1,0
10.24,13.36,0,0
7.94,-2.72,0,0
9.65,-2.79,0,0
10.16,-3.47,0,0
9.15,-2.26,0,0
10.01,12.07,0,0
10.24,-3.92,0,0
9.52,11.75,0,0
10.21,12.15,0,0
11.05,14.91,1,0
-4.35,4.36,1,0
-1.65,-1.6,0,0
10.63,13.19,0,0
10.84,8.73,0,0
7.87,13.53,0,0
9.98,-4.14,0,0
-4.71,-1.26,0,0
-1.75,9.6,1,0
9.55,12.64,0,0
10.19,-2.34,0,0
10.55,-1.66,0,0
11.07,-2.06,0,0
10.23,-0.83,0,0
-2.6,6.67,1,0
7.65,13.79,0,0
14.21,9.44,1,0
10.58,14.35,0,0
11.96,-1.12,1,0
9.77,-1.83,0,0
-2.62,6.77,1,0
-2.38,0.18,0,0
11.89,-5.02,0,0
12.98,-2.33,1,0
-3.38,0.13,0,0
12.52,0.76,0,0
6.0,4.99,0,0
-1.55,8.88,1,0
10.42,11.83,0,0
16.25,-0.84,1,0
8.15,14.04,0,0
9.8,-3.06,0,0
10.53,0.15,1,0
9.61,12.69,0,0
11.8,-1.13,0,0
14.79,-3.93,1,0
-3.14,0.09,0,0
9.84,-3.77,0,0
0.65,2.62,0,0
-0.92,9.67,1,0
10.49,-1.84,0,0
-5.2,-0.78,1,0
13.52,9.13,1,0
-4.07,7.4,1,0
9.88,-2.24,0,0
-2.33,0.29,0,0
-4.07,0.73,1,0
10.55,-1.43,0,0
9.95,-2.35,0,0
-1.99,3.28,1,0
9.49,-2.47,0,0
-2.98,0.89,0,0
11.27,15.25,0,0
14.01,-2.15,1,0
14.57,-1.24,1,0
10.85,-3.92,0,0
10.85,-1.71,0,0
15.49,-1.23,1,0
-2.68,-1.33,0,0
9.96,-3.96,0,0
-1.84,11.04,0,0
10.76,14.31,0,0
13.09,-2.5,1,0
12.89,-0.21,1,0
8.9,-2.63,0,0
10.8,13.7,0,0
-2.56,0.05,0,0
-4.48,0.54,0,0
11.51,13.75,0,0
10.57,-1.61,0,0
11.69,-3.87,0,0
-3.5,8.54,1,0
-2.59,1.49,1,0
-3.3,1.28,1,0
-3.23,-0.18,0,0
12.33,-1.68,1,0
-3.39,10.79,1,0
-3.82,1.13,1,0
-4.6,1.35,1,0
12.18,-2.73,0,0
10.47,12.36,0,0
11.98,-1.16,0,0
10.13,14.4,0,0
13.27,-2.45,1,0
14.51,0.61,1,0
9.91,-1.84,0,0
12.05,-2.21,0,0
10.58,14.21,0,0
-4.61,1.43,1,0
9.86,-3.95,0,0
9.14,13.92,0,0
12.71,-0.45,1,0
9.84,-2.37,0,0
-1.29,0.6,0,0
-2.98,11.06,0,0
8.94,13.35,0,0
10.28,14.54,0,0
11.0,-3.94,0,0
-1.95,-1.71,0,0
12.63,-2.63,0,0
11.7,-2.92,0,0
10.44,-3.61,0,0
11.48,-1.98,0,0
-2.01,10.18,1,0
10.67,11.96,0,0
10.63,-3.73,0,0
13.59,-4.49,1,0
-3.16,0.6,1,0
12.22,-0.99,0,0
10.85,-1.38,0,0
13.43,10.12,1,0
11.23,-3.27,0,0
9.6,13.79,0,0
14.26,-2.73,1,0
11.18,12.87,0,0
12.77,-0.96,1,0
-2.9,1.44,1,0
8.33,11.53,0,0
14.11,1.14,1,0
12.05,13.91,1,0
9.28,13.36,0,0
11.7,11.87,1,0
-4.25,0.16,1,0
10.38,-0.02,1,0
-1.43,10.15,0,0
-1.47,7.84,1,0
11.14,-0.53,1,0
-1.7,7.17,1,0
-3.56,0.95,1,0
11.47,10.65,1,0
9.93,-1.18,0,0
11.34,10.22,1,0
9.56,10.97,0,0
14.63,-2.61,1,0
10.18,11.8,0,0
-2.2,1.99,1,0
11.22,13.77,0,0
8.56,12.88,0,0
11.27,12.64,0,0
10.63,13.64,0,0
11.62,-1.36,0,0
11.42,-3.29,0,0
-5.18,-0.03,1,0
12.84,-0.94,1,0
13.11,-2.68,1,0
-1.88,6.09,1,0
9.48,11.38,0,0
-5.24,3.28,1,0
-2.42,1.67,1,0
9.84,-2.21,0,0
-4.46,-0.84,0,0
9.96,12.24,0,0
-4.47,-1.84,0,0
9.24,-2.37,0,0
9.87,-2.99,0,0
-3.43,-1.05,0,0
11.6,-1.66,1,0
-3.63,9.83,0,0
9.42,12.64,0,0
10.58,12.96,0,0
12.26,1.74,1,0
11.79,-0.88,1,0
11.37,-1.27,1,0
12.43,-3.04,1,0
-4.45,11.88,0,0
-3.89,0.7,1,0
-4.25,8.75,1,0
10.02,14.88,0,0
11.92,-2.89,0,0
9.41,12.15,0,0
11.11,-2.62,0,0
9.14,-3.29,0,0
13.03,-0.85,0,0
8.83,-2.99,0,0
0.42,9.48,0,0
-4.03,7.77,1,0
-2.63,0.47,0,0
8.96,-2.09,0,0
9.87,14.08,0,0
11.62,-0.75,1,0
10.15,-3.32,0,0
9.08,13.41,0,0
9.23,15.45,0,0
12.59,-2.32,0,0
-1.29,9.29,1,0
-2.11,1.81,1,0
5.4,4.13,0,0
10.75,13.32,0,0
8.68,15.26,0,0
8.42,-2.77,0,0
-3.58,3.16,1,0
10.81,-1.08,0,0
10.33,-4.21,0,0
7.88,0.89,0,1
-2.16,-0.18,0,0
9.2,-2.81,0,0
11.44,-3.89,0,0
-1.39,8.03,1,0
11.57,13.05,0,0
-2.64,0.12,0,0
12.39,11.56,1,0
12.2,13.4,0,0
8.44,13.95,0,0
14.75,-2.57,1,0
9.95,-2.38,0,0
10.73,-2.19,0,0
10.33,-1.4,0,0
10.4,11.36,0,0
10.7,10.53,0,0
13.75,12.32,1,0
10.88,-3.32,0,0
-2.67,6.95,1,0
13.17,-2.13,1,0
-4.54,0.05,1,0
-6.09,0.92,1,0
10.17,-2.37,0,0
10.69,12.79,0,0
13.3,3.72,1,1
10.26,-3.37,0,0
11.21,-1.96,0,0
12.41,-2.55,0,0
10.23,-1.31,0,0
12.23,-3.22,1,0
10.28,-1.48,0,0
11.85,13.0,0,0
10.91,-1.19,0,0
8.49,-1.21,0,0
11.59,12.95,1,0
11.33,12.71,0,0
-0.79,-0.39,0,0
-4.93,-0.51,0,0
-5.26,-2.03,1,0
12.15,-0.91,0,0
9.77,12.05,0,0
-4.72,0.27,1,0
7.75,12.35,0,0
9.8,-2.14,0,0
9.49,11.92,0,0
-2.42,0.79,1,0
14.83,-1.15,1,0
12.2,-1.13,1,0
11.62,13.46,0,0
-2.75,10.49,0,0
12.77,-3.12,1,0
13.29,-0.35,1,0
15.84,2.42,1,0
7.4,13.07,0,0
11.48,-1.4,0,0
10.76,14.28,0,0
9.35,-1.99,0,0
9.78,12.5,0,0
-5.13,10.25,0,0
10.74,13.26,0,0
13.07,1.35,1,0
12.09,-3.42,1,0
9.46,-1.93,0,0
11.63,13.1,0,0
9.96,-3.11,0,0
12.87,12.18,1,0
9.94,-1.63,0,0
12.03,-4.43,0,0
12.92,-2.47,1,0
13.9,14.3,1,0
-3.88,0.22,0,0
-3.19,0.98,1,0
-2.94,7.94,1,0
9.79,-1.59,0,0
9.63,15.13,0,0
10.2,10.72,0,0
11.06,-1.15,0,0
-3.72,11.54,0,0
12.07,-0.64,1,0
11.5,12.69,0,0
-4.85,0.22,1,0
12.37,-2.58,0,0
9.07,-3.11,0,0
7.42,-2.1,0,0
10.63,-4.23,0,0
10.4,-2.54,0,0
11.0,13.63,0,0
11.61,-1.23,0,0
14.62,-1.75,1,0
12.03,12.31,1,0
14.98,12.26,1,0
10.68,14.19,0,0
-4.25,0.48,1,0
-0.16,10.55,0,0
-5.17,1.47,1,0
-4.68,0.89,1,0
9.46,-1.73,0,0
11.84,-2.78,0,0
-4.19,3.66,1,0
12.15,-1.78,0,0
16.42,1.13,1,0
9.7,0.57,0,0
13.24,-0.41,1,0
9.99,-4.37,0,0
11.77,-2.71,0,0
11.05,13.82,0,0
-1.24,10.07,0,0
12.17,12.27,1,0
-3.81,11.15,1,0
9.54,11.63,0,0
11.24,12.43,0,0
8.64,-1.62,0,0
-2.89,11.07,0,0
13.4,-1.91,1,0
9.23,12.41,0,0
1.72,4.31,0,0
9.26,-3.1,0,0
10.8,13.8,0,0
15.49,0.17,1,0
-2.91,-0.17,1,0
11.13,12.77,0,0
10.89,10.47,1,0
13.29,1.35,1,0
11.68,-3.87,0,0
10.78,-0.25,1,0
9.21,12.07,0,0
-1.85,9.0,1,0
9.59,13.29,0,0
14.53,1.07,0,0
11.2,-3.28,0,0
11.17,10.6,1,0
8.1,-2.62,0,0
8.84,-1.76,0,0
12.67,8.69,1,0
11.28,-3.53,0,0
14.99,-1.38,1,0
13.56,11.15,1,0
-3.68,8.34,1,0
9.96,11.75,0,0
-2.52,-0.33,0,0
13.59,10.23,1,0
-2.33,12.78,0,0
10.33,12.24,0,0
12.17,-1.47,0,0
12.63,14.25,1,0
8.95,12.13,0,0
12.45,-0.66,1,0
10.18,14.55,0,0
10.66,13.92,0,0
-4.37,0.56,1,0
-5.12,0.39,1,0
-2.14,-0.09,0,0
8.13,13.24,0,0
11.4,14.12,0,0
14.61,11.74,1,0
11.21,-2.99,0,0
13.2,-2.5,1,0
8.46,-3.27,0,0
9.19,-1.94,0,0
15.44,-1.68,1,0
10.71,-1.46,0,0
10.67,-1.8,0,0
-2.95,1.16,1,0
-3.59,12.51,0,0
11.09,-1.38,0,0
10.94,0.26,1,0
9.15,-2.52,0,0
14.84,0.34,1,0
13.96,-0.46,1,0
12.06,13.97,0,0
-3.07,-0.8,0,0
-4.85,-1.31,0,0
11.79,13.42,0,0
12.27,-0.86,0,0
-3.0,1.75,1,0
-0.08,6.41,1,0
-3.6,9.68,1,0
10.09,-0.42,0,0
10.71,11.36,0,0
-5.77,2.87,1,0
9.74,-2.88,0,0
16.98,1.89,1,0
10.34,14.07,0,0
-3.74,2.71,1,0
-2.36,7.45,1,0
-2.07,10.39,0,0
-4.43,1.78,1,0
13.58,-0.47,1,0
13.33,-5.34,1,0
10.93,12.69,0,0
-3.07,11.11,1,0
10.41,-2.64,0,0
10.84,-1.23,0,0
-2.94,6.58,1,0
10.84,-1.6,0,0
-3.36,11.08,0,0
14.14,11.61,1,0
9.51,-2.61,0,0
-4.61,6.97,1,0
-4.04,7.05,0,0
7.8,-1.71,0,0
15.89,-1.24,1,0
13.01,-2.22,1,0
-2.01,8.83,1,0
13.35,-1.96,1,0
11.09,-1.28,0,0
-2.75,11.12,1,0
10.46,-1.73,0,0
8.5,14.36,0,0
9.16,-2.59,0,0
8.63,11.7,0,0
12.75,12.13,1,0
-6.21,-0.08,1,0
11.57,13.88,0,0
12.42,-1.11,1,0
13.51,-2.35,1,0
-3.18,11.06,0,0
11.58,13.16,0,0
-2.12,10.58,1,0
15.69,8.49,1,0
12.09,-2.38,1,0
9.06,12.03,0,0
11.24,10.96,1,0
10.87,-3.99,0,0
11.62,-1.26,0,0
10.22,-1.59,0,0
-4.39,1.45,1,0
10.97,-1.19,0,0
-3.18,0.97,0,0
10.79,14.21,0,0
-2.49,-0.38,0,0
10.47,13.06,0,0
-5.42,8.01,1,0
10.2,10.13,0,0
11.49,-3.99,0,0
11.51,-2.21,0,0
15.85,9.58,1,0
-2.1,-0.73,0,0
9.41,-3.18,0,0
-3.13,0.68,1,0
10.8,-0.87,1,0
-3.96,0.75,1,0
8.95,14.18,0,0
9.87,-4.86,0,0
13.05,-1.22,1,0
-4.29,10.06,0,0
10.98,-1.17,0,0
7.85,13.65,0,0
10.86,-1.3,0,0
13.15,8.89,1,0
13.57,-1.45,1,0
13.35,9.45,1,0
-2.45,0.94,1,0
11.24,14.4,0,0
11.16,-1.94,0,0
10.43,-3.51,0,0
-2.32,10.06,0,0
-3.34,11.45,0,0
17.27,-0.58,1,0
10.41,15.17,0,0
12.39,-3.42,1,0
11.95,-3.1,0,0
16.23,9.91,1,0
11.76,-1.89,0,0
12.63,-4.76,0,0
11.32,-1.28,0,0
-1.93,-0.19,0,0
14.78,10.86,1,0
9.27,-1.59,0,0
11.77,-2.79,0,0
11.95,-0.79,1,0
14.81,10.14,1,0
7.98,13.58,0,0
11.1,11.55,1,0
9.35,13.22,0,0
3.33,3.29,0,0
8.84,-2.45,0,0
15.06,-0.99,1,0
10.35,0.55,1,0
11.87,13.53,0,0
9.86,-4.18,0,0
-2.93,6.82,1,0
11.68,-0.81,0,0
13.16,-0.68,1,0
10.64,-3.48,0,0
-3.39,-0.38,0,0
10.34,-3.81,0,0
-2.51,-1.14,0,0
9.84,10.73,1,0
10.04,-2.18,0,0
9.7,13.25,0,0
9.98,-2.5,0,0
10.0,13.59,0,0
-2.71,2.03,1,0
-3.94,8.27,1,0
9.26,-1.72,0,0
12.01,10.45,1,0
9.88,-2.79,0,0
14.6,10.15,1,0
-3.77,-0.41,0,0
-3.62,10.77,0,0
11.08,10.87,0,0
9.8,-2.6,0,0
-2.5,-0.9,0,0
12.99,12.89,1,0
9.46,11.13,0,0
-4.0,0.83,0,0
10.46,-0.57,1,0
9.1,-2.27,0,0
9.69,-2.62,0,0
-1.92,9.49,1,0
-3.39,1.53,1,0
-4.28,-1.0,0,0
10.72,-5.16,0,0
-3.91,0.61,0,0
-1.86,9.84,0,0
14.35,-2.96,1,0
7.12,14.03,0,0
14.19,-3.87,1,0
12.22,-4.32,1,0
11.76,-1.54,0,0
-3.19,10.58,0,0
-5.48,3.0,1,0
-4.81,1.6,1,0
-3.68,9.51,0,0
11.63,12.39,0,0
-3.45,7.69,1,0
9.85,12.64,0,0
15.03,0.57,1,0
14.54,9.66,1,0
-4.09,0.64,1,0
9.27,13.21,0,0
10.74,-0.7,0,0
9.66,-4.73,0,0
10.54,14.16,0,0
-3.22,9.56,1,0
-4.33,8.94,1,0
11.0,9.59,1,0
9.66,-2.59,0,0
11.66,12.94,0,0
10.2,13.63,0,0
15.52,1.6,1,0
4.05,2.7,0,0
-2.9,2.15,1,0
-3.27,-0.24,0,0
9.97,-1.39,0,0
9.23,-2.59,0,0
10.03,-1.09,0,0
10.12,-2.37,0,0
-1.96,11.69,0,0
9.99,-3.85,0,0
10.8,-3.3,0,0
9.76,-1.75,0,0
10.55,-3.33,0,0
9.67,13.23,0,0
-3.88,8.64,1,0
-4.15,-0.11,0,0
-4.11,0.98,1,0
14.26,-1.2,1,0
13.3,-0.25,1,0
9.94,0.67,1,0
16.99,0.37,1,0
12.56,-3.81,0,0
10.13,-3.42,0,0
10.26,-4.34,0,0
12.95,0.39,1,0
8.39,-2.08,0,0
10.45,14.04,0,0
-3.65,-1.51,0,0
12.86,-0.96,1,0
10.24,-1.72,0,0
11.78,11.3,1,0
9.55,-3.11,0,0
9.33,-2.33,0,0
10.57,14.26,0,0
11.14,13.14,0,0
-2.91,1.19,1,0
-2.76,10.32,0,0
9.39,-2.88,0,0
-4.58,10.32,1,0
13.78,-2.6,1,0
9.47,-2.45,0,0
12.1,-1.95,0,0
12.16,-2.7,0,0
15.39,-2.04,1,0
11.03,-1.65,0,0
8.78,-1.92,0,0
12.63,-4.19,1,0
10.08,-3.56,0,0
10.11,-3.53,0,0
10.22,10.31,0,0
12.98,11.9,1,0
12.15,9.99,1,0
10.83,-1.55,0,0
10.21,13.25,0,0
11.4,-2.23,0,0
10.35,-1.86,0,0
10.69,-2.05,0,0
-1.72,11.63,0,0
10.53,11.88,0,0
-3.0,-0.6,0,0
14.17,-0.25,1,0
2.26,3.23,0,0
13.21,0.02,1,0
9.02,12.79,0,0
-2.59,-0.0,1,0
-1.89,10.15,1,0
14.77,9.47,1,0
12.1,-1.09,1,0
9.72,-2.63,0,0
-1.87,9.76,0,0
12.05,-4.68,0,0
-4.23,2.27,1,0
-4.03,0.69,1,0
16.04,0.21,1,0
10.54,-1.82,0,0
9.03,-1.81,0,0
11.58,13.67,0,0
-3.32,-1.5,0,0
-0.91,11.32,0,0
9.15,11.62,0,0
-1.84,-1.44,0,0
12.96,-1.33,1,0
9.35,-1.87,0,0
-4.9,1.67,1,0
10.5,11.24,0,0
5.15,3.8,0,0
11.1,12.92,1,0
9.91,-2.47,0,0
11.37,-1.2,0,0
12.87,14.17,1,0
12.5,-2.16,0,0
11.57,14.55,0,0
12.78,-3.12,0,0
9.72,-2.1,0,0
12.44,13.86,0,0
-3.9,3.25,1,0
-4.16,0.18,0,0
11.19,14.27,0,0
11.3,13.9,0,0
11.45,-3.1,0,0
11.29,13.4,0,0
10.64,-1.57,0,0
11.42,-1.88,0,0
15.48,-0.81,1,0
11.59,14.89,0,0
10.04,-1.92,0,0
14.53,-2.18,1,0
-4.52,-0.26,0,0
12.12,15.55,0,0
-4.28,8.97,1,0
12.9,1.65,1,0
9.65,13.92,0,0
12.91,-0.49,1,0
11.25,-3.47,0,0
-4.22,1.95,1,0
12.02,-1.14,0,0
12.49,-0.25,1,0
-2.11,10.55,0,0
-2.98,0.26,0,0
-1.76,9.59,0,0
10.96,-4.77,0,0
-4.25,-0.05,0,0
15.19,9.78,1,0
8.33,12.59,0,0
13.13,-2.02,1,0
11.14,-2.65,0,0
-3.63,11.14,0,0
10.26,-2.62,0,0
10.97,-1.69,0,0
12.77,-1.19,0,0
10.71,14.75,0,0
9.15,13.15,0,0
10.86,11.15,1,0
11.38,-1.87,0,0
10.23,-1.36,0,0
12.92,-3.63,1,0
-3.22,1.89,0,0
11.2,-0.51,0,0
-2.05,-0.72,0,0
11.03,13.41,0,0
12.3,-3.02,1,0
-2.94,8.96,1,0
11.32,9.03,1,0
10.45,-2.08,0,0
-4.51,-0.01,1,0
14.43,10.07,1,0
15.16,-0.94,1,0
-3.55,0.12,0,0
8.92,14.24,0,0
-4.0,-0.91,0,0
-4.08,0.45,0,0
10.77,14.42,0,0
11.38,-2.91,0,0
-2.21,9.95,0,0
12.23,13.4,1,0
-5.18,-0.33,0,0
9.37,12.24,0,0
10.94,-1.95,0,0
11.58,-0.68,0,0
-3.25,10.39,0,0
11.72,-2.73,0,0
7.94,-4.13,0,0
11.98,-1.83,0,0
14.86,-2.38,1,0
-4.03,11.93,0,0
-2.73,2.05,1,0
15.7,-0.95,1,0
14.12,11.28,1,0
9.44,14.75,0,0
11.29,-1.51,0,0
14.07,-0.82,1,0
10.84,-1.43,0,0
9.13,-3.0,0,0
-3.14,10.93,0,0
14.91,-0.29,1,0
13.63,10.51,1,0
12.21,-3.28,1,0
12.74,-1.3,0,0
13.29,9.99,1,0
11.52,-2.9,0,0
14.23,0.48,1,0
10.91,-1.43,0,0
16.11,0.73,1,0
10.51,12.58,0,0
-0.82,10.16,0,0
-3.1,0.04,0,0
7.5,13.61,0,0
15.2,11.02,1,0
-1.76,7.57,1,0
4.98,4.94,0,0
12.99,-0.18,1,0
10.01,-2.68,0,0
-2.37,-0.31,0,0
11.5,-3.02,0,0
10.24,13.65,0,0
4.31,3.69,0,0
13.62,14.69,1,0
10.3,10.45,0,0
12.12,13.25,1,0
11.05,0.01,0,0
-3.53,0.86,1,0
12.09,-1.5,1,0
-4.54,3.81,1,0
13.47,0.6,1,0
13.33,12.2,1,0
-3.75,3.52,1,0
9.38,-3.91,0,0
10.63,10.74,1,0
11.82,-2.56,0,0
11.51,-2.63,0,0
-2.82,0.25,1,0
9.4,13.19,0,0
-1.04,7.97,1,0
8.75,-3.28,0,0
9.87,13.36,0,0
8.22,12.97,0,0
13.86,-2.22,1,0
12.01,-0.99,0,0
10.76,-0.18,0,0
11.39,-1.63,1,0
10.71,-1.54,0,0
13.77,-2.04,1,0
10.29,-1.01,0,0
-3.21,-1.18,0,0
11.48,8.91,1,0
13.12,-1.16,1,0
14.46,-1.13,1,0
13.11,-2.38,1,0
10.68,13.96,0,0
-2.92,9.66,1,0
9.36,13.57,0,0
11.18,-1.1,1,0
11.69,-1.12,0,0
-0.19,10.14,0,0
11.22,-1.39,0,0
9.27,12.5,0,0
-2.98,10.41,0,0
14.08,-0.13,1,0
11.93,-2.59,0,0
11.74,13.11,0,0
-2.41,8.6,1,0
10.27,-3.37,0,0
6.97,-3.31,0,0
12.55,12.41,1,0
-2.16,9.86,0,0
-2.08,11.13,0,0
11.46,-3.58,0,0
11.23,-1.61,0,0
-3.82,3.4,1,0
11.49,10.88,1,0
9.24,-1.08,0,0
-2.56,-0.51,0,0
-5.24,-1.34,1,0
12.24,10.76,1,0
15.02,-2.1,1,0
-4.71,-0.07,1,0
14.69,-1.91,1,0
-2.0,11.68,0,0
10.78,13.44,0,0
13.75,13.91,1,0
10.42,-1.82,0,0
12.03,11.97,1,0
9.35,-2.73,0,0
10.38,12.49,0,0
12.64,-0.61,1,0
-4.02,-0.83,0,0
-4.16,9.36,1,0
13.67,-2.92,1,0
10.82,12.13,0,0
-2.35,0.14,0,0
11.4,14.18,0,0
-2.72,-0.19,0,0
11.64,-1.2,0,0
10.68,-3.37,0,0
12.28,1.56,1,0
-3.09,-0.18,0,0
-3.47,9.37,1,0
13.54,-3.02,1,0
12.08,-0.86,0,0
5.14,3.82,0,0
-3.16,9.93,0,0
11.37,-2.12,0,0
9.75,-3.24,0,0
9.99,-4.12,0,0
-4.68,4.32,1,0
11.22,14.15,0,0
1.09,2.13,0,0
8.86,12.64,0,0
-3.26,-0.53,0,0
-2.69,11.11,0,0
-1.8,7.98,1,0
-4.12,-2.1,0,0
9.78,13.51,0,0
12.24,10.7,1,0
11.68,-4.05,0,0
11.36,-2.1,0,0
10.33,10.75,1,0
13.66,3.64,1,1
15.98,1.87,1,0
-2.25,9.52,0,0
13.68,-1.61,1,0
10.02,12.94,0,0
14.18,-0.47,1,0
-3.08,9.8,0,0
13.98,9.18,1,0
-2.09,10.81,1,0
12.38,-1.9,0,0
14.68,-1.06,1,0
11.44,11.26,1,0
-2.25,1.61,1,0
-2.53,3.17,1,0
13.68,-2.02,1,0
8.68,-3.73,0,0
12.97,-2.46,1,0
12.42,-0.43,1,0
15.31,12.35,1,0
9.2,12.85,0,0
13.01,-2.61,1,0
-5.67,8.79,1,0
-2.99,-1.12,0,0
11.39,-1.38,0,0
11.17,-2.94,0,0
10.58,-3.35,0,0
-3.38,11.68,0,0
-2.51,10.69,1,0
-4.59,2.11,1,0
11.26,-3.25,0,0
-2.34,2.28,1,0
10.02,-2.05,0,0
12.06,-3.09,1,0
9.85,-1.98,0,0
13.56,-0.18,1,0
12.11,-1.89,0,0
15.11,-1.14,1,0
-1.85,9.48,0,0
9.57,-3.69,0,0
13.58,14.99,0,0
17.31,11.24,1,0
11.07,-3.37,0,0
11.52,-2.96,0,0
8.53,13.2,0,0
10.33,-3.68,0,0
15.67,-1.55,1,0
-3.73,2.74,1,0
11.49,9.68,1,0
10.6,-1.71,0,0
13.45,-2.29,1,0
12.4,-1.56,1,0
9.91,13.6,0,0
-5.1,0.24,1,0
11.72,11.41,1,0
11.71,-2.67,0,0
11.4,9.58,1,0
11.79,-0.33,1,0
13.16,-2.19,1,0
-2.73,-0.95,0,0
10.42,-2.32,0,0
-3.5,-0.29,1,0
-2.45,1.6,1,0
13.18,-1.11,1,0
9.17,12.68,0,0
10.73,13.55,0,0
11.06,-1.07,1,0
9.78,11.91,0,0
16.18,10.59,1,0
-1.34,10.48,0,0
-2.68,-0.21,0,0
9.31,12.79,0,0
-3.79,9.96,0,0
10.97,-4.85,0,0
14.3,10.03,1,0
9.14,-2.8,0,0
9.78,-2.91,0,0
9.18,12.82,0,0
11.67,11.72,1,0
10.36,-3.57,0,0
-3.84,7.54,1,0
12.36,-0.24,1,0
11.37,-3.59,0,0
9.23,-2.28,0,0
-1.54,9.98,1,0
11.23,10.96,1,0
-3.62,2.11,1,0
10.72,11.2,1,0
-3.22,-0.8,0,0
13.18,-1.1,1,0
0.77,-0.06,0,0
12.22,13.08,1,0
-4.91,11.46,0,0
11.5,13.47,1,0
10.6,14.34,0,0
8.4,12.64,0,0
12.53,0.29,1,0
11.23,-3.27,0,0
7.03,13.42,0,0
-1.43,10.06,0,0
8.58,-1.9,0,0
14.32,11.44,1,0
12.04,11.45,1,0
11.89,-3.29,0,0
9.17,12.63,0,0
11.49,12.61,1,0
16.16,12.56,1,0
9.56,-2.24,0,0
9.32,-2.2,0,0
15.65,-0.78,1,0
10.69,14.9,0,0
-3.52,10.11,0,0
5.58,4.32,0,0
11.73,-2.58,0,0
10.73,-1.8,0,0
10.27,-2.29,0,0
10.72,-3.54,0,0
11.8,-1.99,0,0
-5.85,7.91,1,0
-2.43,3.36,1,0
-2.31,-1.03,0,0
14.56,0.06,1,0
10.5,-3.66,0,0
14.02,-0.04,1,0
11.56,-1.91,0,0
16.11,0.47,1,0
11.11,13.88,0,0
-3.47,11.16,0,0
12.01,12.58,1,0
11.29,-1.56,0,0
-4.19,0.93,1,0
8.86,13.69,0,0
-3.58,11.24,0,0
-1.9,4.27,1,0
15.41,9.97,1,0
-4.08,6.05,1,0
-2.52,-0.31,0,0
10.86,11.2,1,0
5.2,7.47,0,0
11.64,-3.03,0,0
-5.17,1.47,1,0
11.87,-2.83,0,0
13.16,12.59,1,0
11.11,-3.33,0,0
9.31,-2.57,0,0
8.95,-1.9,0,0
12.93,-2.18,1,0
9.98,12.53,0,0
12.33,12.48,1,0
12.6,-0.81,0,0
13.1,12.78,1,0
12.53,13.56,1,0
14.53,0.6,1,0
11.33,13.45,0,0
-2.52,7.24,1,0
11.33,-2.03,1,0
-4.38,7.61,1,0
11.53,10.04,1,0
7.06,14.22,0,0
4.98,3.72,0,0
-1.7,10.53,0,0
-0.84,8.84,1,0
10.27,11.24,1,0
11.36,13.37,0,0
-1.59,0.15,0,0
10.49,-3.33,0,0
13.01,12.55,1,0
-0.68,10.72,0,0
11.87,13.26,0,0
13.89,13.25,1,0
11.64,-1.82,1,0
8.96,13.1,0,0
15.3,9.45,1,0
-3.1,0.8,0,0
-1.66,1.67,1,0
13.39,-1.29,1,0
12.71,-4.77,1,0
-2.05,1.9,1,0
8.77,12.78,0,0
11.14,13.54,0,0
13.7,-0.04,1,0
13.48,9.5,1,0
10.9,9.36,1,0
8.32,12.34,0,0
11.13,12.72,0,0
10.14,-3.79,0,0
10.98,-0.29,0,0
7.8,-3.59,0,0
-1.96,3.53,1,0
10.89,10.21,1,0
12.72,-2.2,0,0
11.1,14.68,0,0
12.97,-0.77,1,0
9.74,-2.97,0,0
11.82,-1.89,1,0
11.09,-3.99,0,0
-3.67,-0.4,0,0
12.9,-2.48,1,0
12.86,0.31,1,0
-3.12,-0.49,0,0
11.0,12.24,0,0
-3.25,4.1,1,0
10.93,0.35,1,0
8.98,13.46,0,0
10.29,11.09,0,0
10.25,11.24,0,0
10.03,-3.2,0,0
-3.48,11.19,0,0
9.77,-0.02,1,0
12.24,-2.51,0,0
11.27,11.84,0,0
10.52,-1.53,0,0
10.35,-2.62,0,0
-3.86,0.91,1,0
-1.47,10.92,0,0
11.33,12.63,0,0
-5.0,1.16,1,0
8.68,12.42,0,0
13.51,-1.74,1,0
15.48,-0.12,1,0
11.9,-2.06,0,0
-5.11,-0.4,0,0
13.05,10.52,1,0
13.77,-1.65,1,0
10.78,-0.5,1,0
12.76,-4.14,1,0
-0.74,10.6,0,0
1.39,-0.36,0,1
9.94,12.57,0,0
9.37,-4.29,0,0
-4.83,1.67,1,0
12.09,12.6,1,0
9.47,13.56,0,0
12.05,7.89,1,0
-2.9,8.31,1,0
11.66,-3.06,0,0
-2.77,-0.37,0,0
-3.97,-2.27,0,0
11.44,-3.25,0,0
-4.32,-0.99,0,0
9.55,1.53,1,0
10.4,12.87,0,0
10.64,-2.16,0,0
14.53,14.07,1,0
12.53,-1.28,1,0
-2.65,7.49,1,0
11.35,-0.0,1,0
11.34,-2.55,1,0
12.53,-2.23,0,0
10.23,13.95,0,0
10.99,11.22,0,0
8.41,13.09,0,0
-2.53,2.88,1,0
5.82,4.5,0,0
15.66,0.2,1,0
-3.7,0.15,0,0
11.03,14.63,0,0
12.73,10.74,1,0
-4.04,1.28,1,0
11.07,-2.13,0,0
-1.74,-0.26,0,0
-2.03,10.42,0,0
-2.65,2.52,1,0
10.34,12.23,0,0
-2.75,3.05,1,0
-1.66,7.85,1,0
14.44,-1.2,1,0
12.45,-1.14,1,0
1.77,2.25,0,0
-4.55,0.91,1,0
10.81,-3.57,0,0
11.86,-0.4,1,0
12.18,12.16,0,0
9.62,14.88,0,0
13.25,-0.97,1,0
13.17,-2.14,1,0
9.6,-2.03,0,0
10.26,-2.82,0,0
10.99,-3.6,0,0
-2.18,9.44,0,0
-1.19,10.99,0,0
9.3,11.67,0,0
10.72,-1.9,0,0
9.09,-2.35,0,0
11.45,9.08,1,0
-3.87,1.42,1,0
-3.2,0.22,0,0
11.98,-3.95,1,0
-4.44,9.26,0,0
11.7,10.99,1,0
9.97,11.49,0,0
10.44,-3.23,0,0
10.7,-3.21,0,0
-1.21,8.96,1,0
9.67,13.48,0,0
9.17,-2.39,0,0
-5.51,3.59,1,0
12.96,-2.18,1,0
11.29,13.99,0,0
11.75,-3.82,1,0
-3.87,0.48,0,0
-2.99,0.71,1,0
-3.33,0.15,0,0
-3.12,8.51,1,0
10.06,-3.07,0,0
10.61,-1.06,0,0
-5.34,3.45,1,0
6.62,5.9,0,0
-2.58,0.62,0,0
12.61,-1.58,1,0
5.16,4.26,0,0
9.73,14.54,0,0
9.7,-2.0,0,0
-1.48,9.98,1,0
11.3,-3.24,0,0
-5.11,8.32,1,0
10.29,11.52,0,0
14.25,-0.48,1,0
12.67,-2.37,0,0
10.6,-3.22,0,0
8.81,-1.7,0,0
-1.51,10.61,0,0
-6.05,3.99,1,0
-3.3,11.28,0,0
8.82,12.36,0,0
10.7,13.43,0,0
-2.57,-1.87,0,0
9.23,-2.06,0,0
11.96,-3.38,1,0
13.56,1.57,1,0
10.16,12.5,0,0
6.43,13.52,0,0
5.21,7.25,0,0
12.25,-1.17,0,0
12.47,-3.47,1,0
12.23,-5.68,0,0
-6.06,2.16,1,0
10.93,10.3,1,0
11.57,12.7,0,0
6.63,3.44,0,0
-3.35,4.25,1,0
-3.18,0.29,0,0
13.67,-2.89,1,0
11.83,11.92,1,0
-2.4,9.87,0,0
-4.78,1.45,1,0
9.62,-4.7,0,0
9.34,-2.2,0,0
13.46,-0.14,1,0
7.72,15.48,0,0
13.14,-0.39,1,0
10.04,13.73,0,0
-3.15,2.05,1,0
-3.41,10.42,0,0
11.81,-1.58,0,0
10.6,-3.86,0,0
-2.38,-1.68,0,0
7.34,-3.64,0,0
-4.81,9.31,0,0
9.52,-4.29,0,0
-4.93,0.94,1,0
9.47,12.58,0,0
7.13,14.33,0,0
14.24,-1.26,1,0
10.79,-3.71,0,0
8.84,12.63,0,0
-2.79,-1.25,0,0
10.96,13.03,0,0
13.08,12.23,1,0
10.42,0.55,1,0
9.91,12.3,0,0
11.86,-2.96,0,0
9.72,-2.75,0,0
11.63,-1.49,1,0
9.66,-3.89,0,0
10.99,-1.06,0,0
11.76,-1.24,0,0
9.39,-2.92,0,0
-2.39,-0.5,0,0
4.97,3.35,0,0
13.06,-1.16,1,0
9.83,11.88,0,0
11.89,-1.1,1,0
8.44,13.24,0,0
-4.38,0.17,0,0
12.4,-0.46,0,0
10.28,-3.3,0,0
13.03,-3.13,1,0
-1.9,9.31,1,0
12.88,-3.0,1,0
-1.65,11.51,0,0
15.25,0.64,1,0
11.07,-1.1,0,0
13.78,-2.36,1,0
-3.98,0.43,0,0
14.72,-0.54,1,0
-3.8,2.38,1,0
-5.68,2.28,1,0
11.33,9.62,1,0
-4.32,1.37,1,0
15.49,0.38,1,0
-3.73,0.36,0,0
12.54,10.34,1,0
11.26,13.19,0,0
9.29,12.96,0,0
9.91,-0.76,0,0
7.02,-1.6,0,0
10.77,-3.63,0,0
-1.4,2.09,0,0
15.84,-0.85,1,0
-4.1,-0.51,0,0
-3.72,-0.26,0,0
-2.03,0.13,1,0
-0.21,0.32,1,0
10.17,-1.32,0,0
12.53,-1.37,0,0
-4.82,4.74,1,0
8.38,-1.29,0,0
8.96,14.02,0,0
13.44,12.54,1,0
-2.75,1.3,1,0
-4.71,6.76,1,0
-1.1,8.13,1,0
12.07,10.84,1,0
11.17,9.66,1,0
12.34,-3.8,0,0
11.4,-2.96,0,0
17.05,-1.59,1,1
8.8,-2.57,0,0
-2.41,-0.49,0,0
-4.2,-0.43,0,0
-3.87,-0.59,0,0
10.57,-2.31,0,0
11.12,-2.41,0,0
14.39,-1.67,1,0
9.65,-4.65,0,0
9.32,-1.52,0,0
11.38,13.75,0,0
9.33,11.46,0,0
-2.27,2.69,1,0
10.15,-1.21,0,0
13.96,0.14,1,0
10.64,13.2,0,0
13.09,13.06,1,0
13.63,0.78,1,0
-2.76,7.15,1,0
-2.04,9.88,1,0
-1.01,10.6,0,0
14.31,-0.16,1,0
-3.85,12.61,0,0
14.68,-3.45,1,0
10.29,14.46,0,0
-2.78,0.22,0,0
-0.92,8.49,1,0
12.15,-2.82,1,0
9.86,-2.93,0,0
-3.79,1.48,1,0
10.48,-3.38,0,0
-3.73,9.83,1,0
12.3,-0.36,1,0
-4.02,-0.78,0,0
8.63,-3.0,0,0
11.3,13.18,0,0
9.92,-2.07,0,0
-2.3,1.05,1,0
7.99,-2.67,0,0
13.41,11.16,1,0
-2.52,-2.94,0,0
-4.21,-0.6,0,0
11.49,12.42,0,0
8.27,13.31,0,0
10.86,-1.2,0,0
-4.16,0.27,0,0
13.27,11.32,1,0
7.37,-2.42,0,0
11.2,12.42,0,0
9.85,11.73,0,0
-2.47,-0.85,0,0
12.31,-2.75,1,0
11.16,-1.17,0,0
5.12,2.4,0,0
11.54,-0.91,0,0
-3.52,10.32,0,0
-3.86,-0.31,0,0
12.08,-3.15,1,0
12.73,-1.31,1,0
-2.35,7.92,1,0
9.19,12.72,0,0
11.1,-2.04,0,0
9.73,13.89,0,0
7.41,-0.33,0,0
-4.15,-1.0,0,0
11.25,-2.11,0,0
11.86,11.72,1,0
10.87,13.95,0,0
-2.39,9.7,0,0
-4.34,4.25,1,0
-3.32,9.66,1,0
13.68,1.88,1,0
11.79,12.33,1,0
-4.51,-1.7,1,0
10.75,-3.99,0,0
11.52,12.37,1,0
10.17,14.15,0,0
-3.73,-0.65,0,0
10.83,12.28,0,0
10.74,-2.35,0,0
9.97,13.14,0,0
-4.54,0.94,1,0
-1.29,8.79,1,0
13.46,0.34,1,0
-4.18,7.64,1,0
10.16,-0.22,1,0
12.35,-2.3,0,0
13.05,-2.4,1,0
10.13,-4.0,0,0
12.94,-1.89,1,0
8.21,10.93,0,0
-4.94,0.25,1,0
-2.95,8.1,1,0
4.68,5.35,0,0
11.49,-3.08,0,0
10.65,12.02,0,0
-3.5,2.84,1,0
16.82,0.44,1,0
9.52,-3.91,0,0
11.99,-0.81,1,0
10.72,-1.61,0,0
10.62,-2.39,0,0
-2.65,1.57,1,0
10.45,11.82,0,0
6.06,5.34,0,0
11.38,13.12,0,0
12.26,-0.87,1,0
10.29,14.9,0,0
9.45,15.11,0,0
-2.39,0.5,0,0
15.31,10.42,1,0
11.14,-1.72,0,0
10.27,12.67,0,0
10.24,12.41,0,0
10.51,-2.23,0,0
13.13,-0.3,1,0
-3.21,0.19,0,0
-4.03,1.17,1,0
10.25,13.66,0,0
13.16,12.23,1,0
-2.77,10.18,0,0
10.92,-3.37,0,0
-1.78,10.42,0,0
-3.79,0.55,0,0
-2.53,0.45,1,0
14.58,12.16,1,0
11.59,-2.99,0,0
5.19,2.26,0,0
-2.75,1.4,1,0
-1.98,1.7,1,0
-2.55,0.39,0,0
14.19,-0.27,1,0
12.42,-3.05,1,0
-4.05,2.21,1,0
11.6,-2.58,0,0
10.11,11.98,0,0
9.22,-1.52,0,0
13.35,-0.52,1,0
-4.2,0.33,0,0
14.83,-1.41,1,0
12.23,-3.21,1,0
-0.02,11.44,1,0
14.75,-1.08,1,0
11.33,11.87,1,0
-1.13,10.54,0,0
11.03,-1.49,0,0
11.05,-1.18,1,0
10.32,-3.83,0,0
8.33,-2.83,0,0
15.2,11.12,1,0
-3.15,3.16,1,0
11.83,-1.03,1,0
10.44,-1.47,0,0
-4.4,1.92,1,0
-0.76,12.17,0,0
8.75,12.85,0,0
11.62,12.75,1,0
11.7,-0.64,1,0
8.49,12.03,0,0
13.67,12.53,1,0
11.19,-1.31,0,0
10.23,15.23,0,0
11.84,-1.13,0,0
3.84,4.7,0,0
12.21,-2.69,1,0
8.97,13.35,0,0
-3.96,1.68,1,0
14.24,-0.47,1,0
13.05,0.98,1,0
10.61,-1.54,0,0
9.5,12.1,0,0
7.69,12.23,0,0
13.73,-1.65,1,0
10.99,-3.87,0,0
-2.37,8.08,1,0
10.92,11.83,0,0
-4.05,0.44,0,0
13.39,-1.39,0,0
11.89,-1.33,0,0
-2.11,-1.41,0,0
12.4,11.38,1,0
11.8,0.36,1,0
-5.48,2.33,1,0
10.02,13.98,0,0
11.95,11.36,1,0
10.34,10.74,0,0
11.86,-1.14,1,0
-3.12,7.38,1,0
-5.17,0.41,1,0
11.13,-2.86,0,0
-5.06,2.24,1,0
10.07,-2.88,0,0
-2.68,-0.9,0,0
11.52,-2.99,0,0
-4.46,2.31,1,0
12.81,-0.52,1,0
11.46,-3.35,0,0
-3.23,6.89,1,0
-4.62,-1.14,0,0
8.41,13.56,0,0
12.95,-2.14,1,0
-2.67,0.33,1,0
9.42,13.38,0,0
8.3,-3.06,0,0
-3.71,-1.79,0,0
12.8,-4.63,1,0
9.24,-3.14,0,0
-2.48,2.56,1,0
-0.36,10.78,0,0
-2.46,-0.17,0,0
-4.78,1.05,1,0
14.03,11.32,1,0
11.32,-1.07,0,0
-3.89,0.9,1,0
9.45,-1.55,0,0
8.72,14.36,0,0
11.62,11.23,1,0
-3.76,0.37,0,0
10.98,13.39,0,0
9.75,15.01,0,0
11.26,-2.59,0,0
11.52,-2.75,0,0
11.15,-2.28,0,0
10.75,14.5,0,0
10.6,-1.74,0,0
12.49,-2.48,0,0
11.46,-4.75,0,0
11.13,-2.37,0,0
11.76,-5.14,0,0
10.13,-0.66,0,0
11.97,13.85,0,0
-3.05,1.74,1,0
10.15,12.46,0,0
11.68,13.2,0,0
15.92,-0.61,1,0
11.76,11.73,1,0
14.87,14.63,1,0
-4.09,2.31,1,0
10.02,-4.27,0,0
10.54,-1.7,0,0
11.99,-0.88,0,0
1.68,4.17,0,0
-3.05,3.81,1,0
-3.99,-1.49,0,0
-1.9,9.92,0,0
13.66,-0.56,1,0
13.37,9.94,1,0
11.61,13.67,0,0
13.88,10.38,1,0
11.28,-3.76,0,0
14.54,-1.23,1,0
9.55,11.59,0,0
-3.35,0.22,1,0
12.02,-4.03,1,0
-3.16,7.99,1,0
10.43,-3.44,0,0
-2.83,-0.45,0,0
13.72,-1.52,1,0
9.68,11.15,0,0
6.51,4.28,0,0
11.48,13.22,0,0
-3.65,8.98,1,0
14.41,-2.06,1,0
9.16,-1.04,0,0
-2.27,2.75,1,0
11.56,-3.56,0,0
1.73,3.18,0,0
-2.62,10.51,0,0
9.15,12.9,0,0
-1.47,9.81,1,0
11.64,-2.74,0,0
9.45,-2.07,0,0
8.56,-2.42,0,0
-2.36,1.02,1,0
13.37,-4.33,1,0
-3.94,0.66,1,0
11.83,-0.62,1,0
10.14,-2.11,0,0
-2.83,8.99,1,0
10.3,14.02,0,0
11.76,-1.13,0,0
12.51,11.67,1,0
-1.33,1.66,0,0
-3.42,-0.91,0,0
-4.32,1.11,1,0
11.13,-3.79,0,0
-2.5,1.71,1,0
12.18,-2.36,0,0
12.03,-1.95,0,0
-2.04,6.65,1,0
14.07,-1.89,1,0
11.63,13.65,0,0
8.2,13.15,0,0
-1.05,9.12,0,0
-3.14,-0.54,0,0
14.74,-2.72,1,0
13.88,-1.26,1,0
11.59,-2.92,0,0
9.74,12.19,0,0
-4.47,3.12,1,0
11.22,-2.1,0,0
-3.28,3.27,1,0
11.65,-3.0,0,0
13.84,0.24,1,0
10.89,13.78,0,0
9.51,-1.92,0,0
9.85,-1.54,0,0
13.46,11.28,1,0
11.1,-1.18,1,0
9.99,14.99,0,0
7.35,11.76,0,0
-2.13,2.49,1,0
8.51,13.49,0,0
-2.36,8.74,1,0
-2.65,-0.7,0,0
13.84,-3.06,1,0
11.98,-2.77,0,0
-3.21,1.31,1,0
9.81,12.66,0,0
2.36,7.55,0,1
11.75,-0.58,1,0
12.06,-2.22,0,0
13.43,-3.13,1,0
-4.12,-0.77,0,0
-2.15,-3.1,0,0
10.39,-2.07,0,0
11.34,12.68,0,0
8.09,14.33,0,0
10.75,-1.5,0,0
2.94,4.48,0,0
-2.18,-0.81,0,0
14.91,10.95,1,0
11.93,12.24,1,0
10.11,-2.84,0,0
9.5,-3.9,0,0
9.52,-3.2,0,0
9.92,13.33,0,0
12.39,-1.21,1,0
9.1,3.95,0,1
8.85,-3.89,0,0
11.35,12.65,0,0
-3.28,-1.03,0,0
11.13,-1.56,0,0
2.55,5.67,0,0
11.59,-1.21,0,0
-2.82,10.48,0,0
10.87,12.69,0,0
-1.56,10.95,0,0
-2.26,1.41,1,0
11.55,15.18,0,0
11.71,-1.51,1,0
10.1,-0.46,0,0
9.82,-1.21,0,0
8.74,13.15,0,0
-1.93,8.06,1,0
-3.27,2.3,1,0
12.96,-2.86,1,0
15.15,-2.93,1,0
-3.25,2.45,1,0
10.78,-2.08,0,0
13.27,-3.75,1,0
11.98,0.98,1,0
12.84,-2.36,1,0
12.04,-2.93,1,0
-3.6,-0.62,0,0
-1.92,10.76,0,0
7.68,13.05,0,0
9.77,-0.99,0,0
-2.7,7.66,1,0
8.56,-2.71,0,0
10.67,-1.4,0,0
9.85,-1.98,0,0
13.85,-1.44,1,0
-2.35,-0.49,0,0
9.86,12.92,0,0
10.35,12.78,0,0
13.79,0.63,1,0
8.84,12.55,0,0
11.71,11.73,1,0
9.02,14.32,0,0
11.79,8.59,1,0
10.9,12.76,0,0
-1.25,10.54,1,0
8.76,-3.0,0,0
12.02,-2.82,0,0
14.26,12.65,1,0
9.37,12.82,0,0
7.56,-0.72,0,0
9.11,-1.88,0,0
-3.27,-0.86,0,0
9.24,-2.88,0,0
-1.04,9.94,0,0
11.29,13.17,0,0
-2.07,2.83,1,0
-3.06,0.5,1,0
10.16,-1.31,0,0
13.89,-0.02,1,0
11.45,-1.45,0,0
13.77,-2.24,1,0
9.17,13.52,0,0
12.5,-0.74,1,0
-1.56,9.44,1,0
10.93,-3.47,0,0
11.48,13.36,0,0
-5.08,0.96,1,0
11.38,-2.0,0,0
11.96,-2.79,0,0
10.92,-3.05,0,0
12.62,11.22,1,0
-2.92,2.01,1,0
12.64,-3.27,0,0
10.54,-3.79,0,0
11.98,-3.72,1,0
11.12,13.26,0,0
12.13,-0.16,1,0
6.75,-3.84,0,0
9.63,-3.82,0,0
-3.75,9.46,0,0
10.64,14.25,0,0
9.95,-1.38,0,0
10.49,13.37,0,0
-2.56,11.68,0,0
14.81,-1.52,1,0
12.65,-2.46,0,0
-2.65,8.59,1,0
10.76,10.77,0,0
6.44,11.7,0,0
7.69,14.17,0,0
-1.76,10.35,0,0
5.68,5.48,0,0
-2.99,-1.05,0,0
10.18,10.96,0,0
-2.67,1.75,1,0
12.46,-2.29,0,0
-1.98,7.95,1,0
11.24,-2.33,0,0
14.43,9.45,1,0
9.99,-2.14,0,0
-2.14,9.98,0,0
-2.16,8.01,1,0
11.99,-2.41,0,0
8.96,-3.26,0,0
10.69,-3.36,0,0
0.86,1.22,0,0
5.59,4.67,0,0
9.67,-3.07,0,0
-3.64,1.37,0,0
-2.95,11.43,0,0
9.42,-2.74,0,0
10.26,13.36,0,0
12.6,-2.47,0,0
-3.38,9.45,1,0
4.88,4.33,0,0
12.92,10.18,1,0
13.16,11.82,1,0
12.79,-1.3,1,0
14.02,-3.37,1,0
-1.12,9.83,1,0
-2.76,11.05,0,0
-3.13,-0.4,0,0
11.75,-2.56,1,0
9.11,8.71,1,0
9.76,-2.18,0,0
-5.0,0.84,1,0
10.0,13.35,0,0
-2.78,9.9,0,0
10.39,-3.89,0,0
10.34,-4.21,0,0
10.21,-2.35,0,0
12.75,-3.66,1,0
-1.24,9.95,1,0
10.69,11.54,0,0
11.07,13.86,0,0
11.71,-4.91,0,0
-1.36,8.22,1,0
-2.66,9.54,1,0
9.01,12.81,0,0
13.02,-0.41,1,0
10.82,11.73,0,0
10.8,-3.92,0,0
12.25,14.69,1,0
5.55,5.61,0,0
-1.77,-1.77,0,0
11.98,14.39,0,0
10.38,12.2,0,0
14.65,-1.18,1,0
11.95,-2.65,1,0
13.41,-0.28,1,0
11.82,13.52,0,0
9.61,-3.12,0,0
11.82,8.53,1,0
9.85,9.86,0,0
12.26,13.08,1,0
11.44,10.02,1,0
10.31,15.31,0,0
-3.92,7.88,1,0
-1.94,1.22,1,0
9.28,-2.56,0,0
-0.46,10.47,0,0
11.44,12.06,0,0
-4.54,2.05,1,0
11.72,13.36,0,0
10.78,-1.74,0,0
-3.48,2.69,1,0
13.76,-1.43,1,0
13.29,-2.16,1,0
-4.42,-0.49,0,0
9.05,12.8,0,0
10.01,11.96,0,0
10.08,11.94,0,0
11.44,-2.49,0,0
14.11,-0.69,1,0
10.92,-0.52,1,0
10.47,-1.78,0,0
11.79,-0.6,0,0
9.71,-1.74,0,0
11.58,12.52,1,0
9.39,13.43,0,0
9.79,-3.94,0,0
11.91,13.5,0,0
9.96,-3.62,0,0
10.12,12.32,0,0
10.54,-0.58,1,0
11.43,15.35,0,0
12.17,12.51,1,0
10.72,14.27,0,0
-3.97,0.38,1,0
12.42,0.6,1,0
11.18,-1.94,0,0
13.97,-1.52,1,0
-5.73,3.76,1,0
-1.17,10.99,0,0
-1.5,8.81,1,0
11.19,12.74,0,0
-2.82,-0.29,0,0
-4.39,-0.55,0,0
10.47,-3.58,0,0
-4.06,1.76,1,0
12.51,10.84,1,0
11.5,14.77,0,0
12.94,10.31,1,0
12.49,-2.26,1,0
10.41,-1.7,0,0
-4.09,0.16,0,0
10.82,-3.29,0,0
-4.18,1.33,1,0
11.28,-1.8,0,0
14.83,-0.22,1,0
12.75,-0.51,1,0
12.06,-3.96,1,0
-2.82,8.88,1,0
9.64,-2.18,0,0
12.94,-2.42,1,0
10.23,-1.46,0,0
7.7,-1.42,0,0
13.91,1.41,1,0
8.26,-4.41,0,0
11.02,-1.3,0,0
12.44,-2.21,0,0
14.5,-1.15,1,0
12.9,-0.96,1,0
11.13,-1.31,0,0
9.99,-1.24,0,0
-6.12,4.09,1,0
11.82,-0.93,0,0
10.18,-2.8,0,0
11.27,-2.96,0,0
12.15,-0.96,1,0
11.83,-3.56,0,0
12.39,0.33,0,0
10.61,-3.43,0,0
-2.94,7.04,1,0
13.42,-0.3,1,0
10.18,13.64,0,0
14.66,-1.04,1,0
9.46,16.44,0,0
13.54,-0.42,1,0
11.55,-1.8,0,0
12.26,9.78,1,0
15.63,-0.55,1,0
9.71,-2.07,0,0
11.64,-2.54,0,0
-2.72,0.38,0,0
-3.05,0.12,0,0
-6.45,0.33,1,0
8.5,-2.1,0,0
8.89,14.11,0,0
13.78,-0.74,1,0
-4.68,0.61,1,0
12.47,15.64,1,0
-2.69,10.39,0,0
10.9,14.43,0,0
9.33,11.01,0,0
10.49,-1.1,0,0
12.93,-3.62,1,0
12.73,-2.1,0,0
9.79,-1.92,0,0
11.13,-1.15,0,0
10.72,8.51,0,0
-2.67,3.95,1,0
13.52,-0.99,1,0
13.38,-0.64,1,0
-3.2,11.04,0,0
-3.13,0.39,1,0
10.12,12.42,0,0
15.51,1.11,1,0
10.7,13.84,0,0
0.38,9.66,0,0
-4.37,-1.24,0,0
-4.66,8.1,1,0
-2.92,-0.7,0,0
11.2,-3.03,0,0
13.78,-1.6,1,0
-2.43,0.06,0,0
10.1,15.39,0,0
9.22,9.49,0,0
9.43,-4.11,0,0
-3.08,-0.67,0,0
8.28,14.69,0,0
-2.6,-0.17,0,0
-5.22,10.5,0,0
-2.46,1.65,1,0
11.52,-1.92,0,0
9.38,12.13,0,0
-2.2,1.77,1,0
10.49,-5.91,0,0
9.18,-2.97,0,0
-2.45,-0.81,0,0
12.97,-0.04,1,0
-1.95,10.5,0,0
9.38,0.15,1,0
-4.17,1.12,1,0
11.9,-0.46,0,0
-2.5,2.38,1,0
15.54,10.54,1,0
14.1,-4.25,1,0
-1.4,8.73,1,0
9.71,-2.27,0,0
9.68,-2.49,0,0
11.24,-2.16,0,0
10.63,-3.76,0,0
11.05,-2.19,0,0
-3.31,11.45,0,0
10.13,13.03,0,0
12.46,-0.33,1,0
10.61,13.73,0,0
10.83,-2.32,0,0
-0.38,8.13,1,0
8.26,13.57,0,0
13.4,-0.97,1,0
-2.76,1.8,1,0
9.86,-4.28,0,0
10.81,-1.44,0,0
-3.4,-0.73,0,0
9.82,11.48,0,0
10.62,13.81,0,0
7.46,12.92,0,0
12.79,11.97,1,0
10.21,-2.16,0,0
9.91,13.53,0,0
11.28,10.87,1,0
-4.03,2.29,1,0
10.21,-3.69,0,0
9.17,-2.34,0,0
15.81,-0.37,1,0
9.48,-3.05,0,0
10.19,12.85,0,0
14.02,11.7,1,0
11.98,14.21,0,0
-5.22,-0.14,0,0
14.12,11.46,1,0
-3.51,-0.33,0,0
-3.23,0.56,0,0
-2.47,-0.11,0,0
11.22,-2.74,0,0
12.55,-1.11,1,0
-4.24,-1.79,0,0
-2.89,-2.55,0,0
12.23,11.71,1,0
-2.46,-1.01,0,0
9.08,13.16,0,0
-3.64,4.31,1,0
10.64,12.09,0,0
-3.2,1.48,1,0
12.4,-0.45,0,0
-2.89,10.97,0,0
10.26,-3.4,0,0
12.04,-2.65,0,0
12.96,-3.36,1,0
13.97,10.7,1,0
-3.09,1.55,1,0
12.95,-1.49,1,0
9.94,-1.52,0,0
-1.78,9.83,0,0
-1.24,10.37,0,0
13.59,-0.69,1,0
13.05,-1.13,1,0
15.39,9.76,1,0
-2.54,-0.45,0,0
11.09,13.63,0,0
13.55,12.91,1,0
14.2,10.76,1,0
10.01,-4.7,0,0
12.29,10.4,1,0
-1.88,-0.0,0,0
17.24,11.13,1,0
10.22,-1.81,0,0
11.63,10.7,1,0
10.5,12.46,0,0
13.59,-0.65,1,0
11.26,-1.1,0,0
-4.4,-0.45,0,0
-2.55,-0.95,0,0
11.43,-1.94,0,0
-3.81,1.02,1,0
15.78,-0.12,1,0
-0.28,11.51,0,0
9.52,-2.76,0,0
13.27,-2.72,1,0
13.66,-1.94,1,0
14.32,-1.19,1,0
-4.07,2.61,1,0
11.44,13.81,0,0
8.19,-2.04,0,0
8.97,-3.23,0,0
-1.03,11.0,0,0
-4.51,1.23,1,0
10.6,13.54,0,0
10.36,12.83,0,0
11.35,15.57,0,0
-4.31,8.34,1,0
-2.98,-2.1,0,0
5.71,4.8,0,0
-1.89,1.39,0,0
13.45,9.75,1,0
10.71,-3.58,0,0
12.97,12.85,1,0
14.51,1.69,1,0
-0.9,10.49,0,0
11.63,-2.93,0,0
-6.7,-0.73,0,0
11.4,13.07,0,0
13.0,-0.2,1,0
11.37,-1.42,0,0
14.86,0.96,1,0
10.63,9.36,1,0
-2.39,0.61,1,0
9.26,13.71,0,0
14.98,-2.0,1,0
11.67,9.41,1,0
-1.95,8.72,1,0
-3.05,8.32,1,0
-4.27,-1.06,0,0
11.39,14.63,0,0
12.74,-0.28,1,0
-2.56,2.96,1,0
11.39,-1.32,0,0
10.63,-1.69,0,0
12.05,11.88,0,0
-2.51,0.83,0,0
-1.1,10.62,0,0
-1.96,-0.2,0,0
-4.56,0.38,0,0
16.99,0.96,1,0
13.15,-0.12,1,0
1.31,8.04,1,1
14.44,12.83,1,0
16.48,0.5,1,0
13.4,0.68,1,0
11.9,-4.55,0,0
12.05,13.82,1,0
12.57,-3.59,1,0
11.53,-2.87,0,0
10.09,-3.94,0,0
11.91,10.97,0,0
-3.21,10.67,0,0
10.2,11.83,0,0
13.55,12.85,1,0
9.24,-2.33,0,0
13.32,-1.75,0,0
10.72,9.69,1,0
12.56,-2.22,1,0
10.93,13.48,0,0
-4.06,-0.65,0,0
-4.6,-1.74,0,0
0.42,11.87,1,0
10.64,10.31,1,0
6.55,13.8,0,0
9.73,12.95,0,0
10.65,-0.89,0,0
11.55,-1.86,0,0
11.18,13.67,0,0
12.88,-3.95,1,0
-4.71,1.82,1,0
15.8,11.57,1,0
8.04,-0.58,0,0
8.0,1.54,1,1
11.12,13.17,0,0
-4.06,2.25,1,0
11.07,-1.82,0,0
9.14,-0.44,0,0
11.13,-1.36,0,0
-5.16,2.86,1,0
-2.5,1.7,1,0
10.71,-3.96,0,0
10.79,-2.23,0,0
9.89,11.97,0,0
-2.19,1.63,1,0
-3.42,2.49,1,0
10.42,14.27,0,0
10.66,13.72,0,0
10.34,-2.29,0,0
14.01,-1.28,1,0
9.35,12.7,0,0
10.6,-3.39,0,0
15.15,-0.59,1,0
12.84,-1.91,1,0
9.92,12.99,0,0
13.36,-2.28,1,0
-3.2,2.12,1,0
10.22,11.58,0,0
9.16,12.84,0,0
-2.7,0.49,0,0
-3.22,-0.16,0,0
10.86,-2.91,0,0
-2.02,9.87,0,0
10.43,-1.86,0,0
8.47,12.99,0,0
13.06,-1.9,1,0
-4.02,-0.04,0,0
13.06,9.62,1,0
-3.36,11.03,0,0
-2.24,10.95,0,0
-2.97,1.59,1,0
12.75,-0.44,1,0
10.22,-1.07,0,0
-3.36,11.63,0,0
11.69,-0.82,0,0
11.56,-0.88,0,0
11.35,0.12,1,0
10.37,12.68,0,0
13.62,-3.61,1,0
10.35,13.68,0,0
9.07,-1.14,0,0
11.8,11.37,1,0
10.65,-2.47,0,0
13.34,-1.46,1,0
13.71,12.08,1,0
9.78,12.41,0,0
-2.37,0.83,1,0
10.34,9.11,0,0
11.46,-0.82,1,0
11.51,-2.7,0,0
10.9,-0.87,0,0
-2.9,8.57,1,0
13.19,-0.95,1,0
11.72,-3.76,0,0
13.51,-2.32,1,0
13.91,0.17,1,0
10.21,0.67,1,0
-2.36,10.13,0,0
-4.37,0.42,1,0
-2.93,0.94,1,0
12.6,-2.19,1,0
-2.63,1.85,1,0
8.52,12.39,0,0
11.35,-0.97,0,0
-3.7,0.78,0,0
9.23,-4.14,0,0
10.59,-1.34,0,0
-1.66,2.59,1,0
11.15,14.29,0,0
13.45,-3.07,1,0
-4.84,1.07,0,0
11.96,-1.41,0,0
-3.26,8.19,1,0
11.08,-5.05,0,0
-3.84,4.7,1,0
8.08,-0.74,0,0
12.21,-1.12,0,0
8.09,15.25,0,0
14.49,-0.02,1,0
11.36,-3.15,0,0
14.32,13.54,1,0
-2.13,7.67,1,0
13.03,13.87,1,0
-2.76,11.79,0,0
10.3,12.93,0,0
10.52,12.35,0,0
13.7,0.12,1,0
15.08,0.44,1,0
9.81,-3.81,0,0
12.54,-2.35,0,0
-3.33,11.18,0,0
-3.96,-1.17,0,0
9.84,12.81,0,0
-4.75,0.38,1,0
-3.99,4.52,1,0
15.66,12.08,1,0
-2.75,10.33,0,0
-1.52,8.9,1,0
10.73,9.8,1,0
10.73,14.06,0,0
-3.07,-1.29,0,0
13.5,-1.66,1,0
12.81,-0.33,1,0
15.32,-0.15,1,0
6.79,-0.06,0,0
9.53,-2.48,0,0
-0.89,11.2,0,0
9.29,-1.16,0,0
-2.18,10.29,1,0
17.35,9.74,1,0
-2.6,8.79,0,0
-2.48,9.14,1,0
-2.55,10.27,0,0
11.73,13.47,1,0
10.13,14.99,0,0
-3.69,0.36,0,0
10.19,-3.03,0,0
11.65,-1.01,0,0
11.75,11.64,1,0
-4.27,1.86,1,0
-3.95,0.73,0,0
11.28,-3.46,0,0
11.71,10.13,1,0
-1.04,10.33,0,0
11.01,-3.18,0,0
11.94,-0.85,1,0
11.26,-2.71,0,0
-0.06,9.21,0,0
15.29,-0.77,1,0
-2.17,-1.21,0,0
-5.54,-1.02,0,0
-3.73,9.6,1,0
9.84,-0.16,0,0
-3.71,0.22,0,0
10.0,-3.56,0,0
-4.62,12.07,0,0
-0.81,9.01,0,0
9.51,-3.55,0,0
-3.89,0.42,1,0
15.66,-2.4,1,0
10.75,12.22,0,0
-4.18,0.16,0,0
-3.28,9.32,0,0
-4.38,-0.61,0,0
-1.38,10.87,0,0
11.4,13.66,0,0
10.81,-2.47,0,0
9.59,-3.82,0,0
-3.95,10.76,0,0
9.68,11.71,0,0
9.37,-1.01,0,0
-3.28,10.87,0,0
8.54,12.65,0,0
11.64,12.98,0,0
11.13,-1.15,0,0
12.07,-3.17,0,0
11.46,-1.18,0,0
10.39,13.56,0,0
11.64,-1.21,0,0
-5.86,10.55,1,0
13.92,10.82,1,0
8.44,-3.51,0,0
9.11,12.72,0,0
10.41,12.36,0,0
9.33,12.93,0,0
-4.85,-0.47,1,0
-4.31,4.6,1,0
-4.97,-1.87,0,0
-3.3,1.36,1,0
10.08,11.7,0,0
9.27,12.48,0,0
11.9,-1.01,0,0
11.24,-5.46,0,0
9.65,16.24,0,0
7.32,5.34,0,0
-4.57,9.66,0,0
-4.19,-1.54,0,0
10.47,11.55,0,0
5.0,4.68,0,0
12.77,-2.35,1,0
15.73,8.08,1,0
-1.61,-1.91,0,0
12.2,-2.08,1,0
12.21,-2.33,0,0
-2.91,2.66,0,0
7.49,-2.09,0,0
-2.62,1.73,1,0
10.53,13.9,0,0
12.56,-1.49,0,0
12.94,-0.22,1,0
-0.13,11.36,0,0
10.67,-3.77,0,0
10.39,-4.13,0,0
-4.24,8.7,0,0
-2.27,9.95,0,0
16.59,-0.01,1,0
-2.8,10.75,0,0
9.87,13.52,0,0
-3.45,-2.01,0,0
12.97,-2.17,1,0
9.82,11.49,0,0
-1.81,9.62,0,0
10.0,-4.16,0,0
12.88,-1.94,1,0
13.68,-2.67,1,0
11.8,-1.65,0,0
-3.63,9.87,0,0
11.48,-3.32,0,0
10.27,13.79,0,0
-3.49,9.41,1,0
8.38,13.74,0,0
11.28,13.44,0,0
13.4,-1.9,1,0
14.66,-1.3,1,0
11.02,-1.5,0,0
-4.32,-1.55,0,0
-2.2,2.65,1,0
10.79,13.18,0,0
10.63,10.91,0,0
7.28,-2.59,0,0
-3.57,0.9,1,0
13.22,-0.78,1,0
12.25,13.13,1,0
-3.52,-1.09,0,0
12.26,-5.14,0,0
7.94,-2.47,0,0
12.22,-2.82,1,0
-3.81,13.78,1,1
8.7,13.46,0,0
-1.9,1.57,1,0
14.2,11.26,1,0
11.22,14.12,0,0
9.84,12.13,0,0
-1.89,9.04,1,0
14.22,11.28,1,0
-2.54,-0.87,0,0
12.84,9.37,1,0
11.13,-3.03,0,0
14.97,-0.58,1,0
8.39,13.65,0,0
0.24,3.49,0,0
-2.31,8.53,1,0
13.4,14.46,1,0
-2.94,11.0,0,0
10.12,13.15,0,0
13.86,-2.31,1,0
11.78,13.32,1,0
7.9,-2.17,0,0
12.81,2.21,1,0
11.18,9.8,1,0
9.37,13.45,0,0
10.11,16.74,0,0
10.83,-1.66,0,0
-3.8,10.74,0,0
11.71,-1.97,1,0
5.23,3.01,0,0
8.65,13.71,0,0
-2.37,9.62,1,0
-3.07,11.12,0,0
10.64,-2.06,0,0
10.22,-3.43,0,0
11.49,12.73,0,0
11.3,-1.85,0,0
13.21,-3.75,1,0
10.28,12.54,0,0
-4.76,8.25,1,0
10.54,-3.51,0,0
10.24,12.5,0,0
11.75,13.51,0,0
13.03,-0.54,1,0
10.08,11.79,0,0
12.26,-2.85,1,0
10.19,12.96,0,0
11.61,-3.08,0,0
11.07,12.22,0,0
9.25,-1.65,0,0
11.28,-2.85,0,0
-1.62,9.61,1,0
-2.31,10.04,0,0
13.64,-0.75,0,0
10.48,-2.2,0,0
-1.49,11.53,0,0
9.58,-1.64,0,0
10.84,-1.06,0,0
10.36,-3.39,0,0
-5.45,-0.04,1,0
10.66,12.92,0,0
11.18,-2.38,0,0
-3.02,9.84,0,0
0.34,9.16,0,0
9.94,-2.46,0,0
11.13,-1.5,0,0
9.95,12.7,0,0
10.22,11.15,1,0
13.55,13.55,1,0
12.35,8.01,1,0
9.97,-1.24,0,0
8.55,-2.56,0,0
15.0,-0.99,1,0
9.15,-1.37,0,0
10.41,13.79,0,0
17.28,2.09,1,0
11.84,11.74,1,0
-6.1,0.04,0,0
-3.08,0.64,1,0
11.22,-1.2,0,0
12.6,12.62,1,0
10.93,-1.48,0,0
12.36,-3.06,1,0
14.06,-2.21,1,0
-3.89,1.74,1,0
12.2,8.64,1,0
10.47,-1.87,0,0
10.41,-1.88,0,0
13.19,-5.27,0,0
10.12,11.85,0,0
11.28,-5.28,0,0
9.7,-1.99,0,0
11.76,-0.9,0,0
-3.11,1.52,1,0
12.33,-3.45,1,0
15.07,9.69,1,0
11.75,-3.14,0,0
11.53,-5.18,0,0
12.66,-0.84,1,0
10.44,10.89,1,0
12.77,-2.36,0,0
9.91,13.46,0,0
-3.71,9.95,0,0
-1.63,9.96,0,0
10.31,-3.58,0,0
13.65,13.55,1,0
13.0,-1.96,1,0
-4.6,10.17,0,0
13.13,-1.3,1,0
12.57,-2.21,0,0
12.52,15.12,1,0
13.08,-1.5,1,0
-3.5,10.28,0,0
10.98,-1.4,0,0
14.34,-1.57,1,0
10.86,-5.05,0,0
-2.38,1.34,1,0
10.0,-3.72,0,0
10.84,-2.41,0,0
10.32,-2.07,0,0
-4.98,0.26,1,0
10.2,-2.28,0,0
9.73,11.52,0,0
9.71,-4.77,0,0
7.09,13.15,0,0
7.64,14.36,0,0
-1.37,0.04,0,0
12.42,-2.56,0,0
-0.96,-0.26,1,0
9.11,13.25,0,0
12.05,-1.53,0,0
-2.97,4.52,1,0
-4.05,0.5,1,0
14.84,1.17,1,0
11.74,10.48,1,0
11.23,-0.64,1,0
11.94,-3.14,0,0
-4.2,9.57,1,0
11.35,-0.8,1,0
13.27,0.64,1,0
14.03,11.22,1,0
8.88,-3.89,0,0
9.87,13.39,0,0
10.74,14.1,0,0
11.32,8.82,0,0
8.87,-1.1,0,0
9.92,-1.41,0,0
-2.11,7.82,1,0
9.47,-3.08,0,0
-1.07,-0.91,0,0
15.17,11.21,1,0
11.94,11.32,1,0
12.18,11.02,1,0
16.78,-0.24,1,0
9.03,13.17,0,0
12.59,-3.46,1,0
-1.15,8.93,1,0
-2.92,11.14,0,0
11.34,12.98,0,0
12.05,11.49,1,0
10.81,-2.01,0,0
10.73,-3.84,0,0
11.3,13.16,0,0
14.01,-0.7,1,0
10.03,-3.02,0,0
10.93,-2.0,0,0
10.34,14.18,0,0
9.3,13.14,0,0
11.88,-3.06,0,0
11.1,-1.25,0,0
13.25,-2.22,1,0
10.55,-1.71,0,0
9.57,-4.94,0,0
0.46,3.27,1,0
12.16,-1.19,0,0
-1.86,9.68,1,0
11.18,14.09,0,0
11.17,-2.27,0,0
9.97,12.59,0,0
9.28,12.73,0,0
-4.21,0.31,0,0
-3.13,10.53,0,0
9.33,-1.06,0,0
11.46,12.59,0,0
8.95,-3.46,0,0
-0.34,4.23,0,1
12.16,-3.2,1,0
-2.47,-1.29,0,0
10.45,-4.16,0,0
12.45,-2.57,0,0
-4.07,0.89,1,0
9.44,-2.87,0,0
9.78,-3.95,0,0
12.21,-2.95,1,0
13.13,-2.4,1,0
-1.92,0.04,0,0
12.66,-0.45,1,0
11.57,-1.39,0,0
9.93,-3.37,0,0
11.06,-3.44,0,0
9.86,13.76,0,0
-2.8,-1.45,0,0
13.11,-2.04,1,0
-3.17,0.1,1,0
11.87,-3.04,0,0
-2.95,-0.24,0,0
13.31,-4.04,1,0
9.96,-1.82,0,0
11.57,-2.01,0,0
8.97,-3.96,0,0
13.01,-2.18,0,0
12.26,13.95,0,0
12.07,-1.35,0,0
9.39,12.96,0,0
-3.56,1.41,1,0
-5.22,0.18,1,0
12.25,-0.92,1,0
-1.42,9.78,1,0
-4.5,11.67,0,0
12.09,-1.99,0,0
-1.71,11.1,0,0
-1.67,10.13,0,0
13.2,-1.85,1,0
16.43,-0.02,1,0
-0.27,6.57,1,0
10.39,11.86,0,0
11.45,0.31,1,0
-4.55,2.71,1,0
11.73,-4.43,0,0
-5.21,0.91,1,0
12.8,-3.38,1,0
12.49,-2.72,0,0
12.01,13.13,1,0
-4.42,1.57,1,0
-5.05,2.18,1,0
10.71,-1.68,0,0
-3.96,10.87,0,0
11.66,-1.08,0,0
9.36,12.39,0,0
-2.53,-0.67,0,0
12.78,-2.49,1,0
-4.78,2.87,1,0
12.9,-0.5,1,0
7.96,-2.7,0,0
7.39,14.32,0,0
-4.38,10.11,0,0
10.69,-3.29,0,0
10.96,-2.02,0,0
-3.07,10.5,0,0
10.96,11.28,0,0
9.93,-1.83,0,0
9.66,-2.19,0,0
13.98,-1.88,1,0
-1.13,10.54,0,0
-2.33,0.35,0,0
-1.56,11.68,0,0
15.18,7.85,1,0
12.75,12.37,0,0
9.85,-2.89,0,0
-0.7,6.74,1,0
9.79,12.93,0,0
-1.8,10.44,0,0
11.57,-0.89,0,0
12.09,13.08,0,0
9.17,4.62,1,1
-2.78,1.83,1,0
9.27,-4.23,0,0
11.18,-1.15,0,0
11.92,0.01,1,0
-2.9,0.41,1,0
9.61,12.97,0,0
11.51,-3.43,0,0
11.94,13.68,0,0
13.15,-0.22,1,0
9.95,11.77,0,0
-1.77,10.35,0,0
12.51,-2.39,0,0
13.43,-2.07,1,0
11.91,-2.8,0,0
11.44,-4.33,1,0
13.21,8.09,1,0
4.77,5.9,0,0
8.69,-2.85,0,0
-4.44,1.39,1,0
9.27,13.22,0,0
-0.75,9.77,0,0
9.16,13.89,0,0
11.6,-3.08,0,0
-3.75,0.27,0,0
13.79,-1.78,1,0
-1.99,-1.61,0,0
8.85,12.04,0,0
14.71,13.56,1,0
12.53,13.11,1,0
5.4,3.2,0,0
-2.8,10.0,1,0
-4.5,0.75,0,0
-3.33,0.56,1,0
10.44,11.4,0,0
10.39,13.46,0,0
-2.79,1.93,1,0
10.75,-1.6,0,0
10.57,-1.97,0,0
10.14,12.9,0,0
-4.45,9.67,0,0
10.44,-3.71,0,0
9.83,12.48,0,0
10.69,-1.94,0,0
11.41,-0.97,1,0
-5.1,0.25,0,0
-2.23,0.44,0,0
-3.6,9.84,0,0
10.31,-2.5,0,0
9.4,-2.4,0,0
11.98,-1.82,0,0
10.04,11.33,0,0
-1.99,1.36,1,0
-4.77,1.8,1,0
11.6,-3.15,0,0
9.7,-2.25,0,0
11.97,-2.83,0,0
10.49,-1.07,0,0
-2.91,1.29,1,0
-3.58,7.65,1,0
8.55,13.14,0,0
8.36,-0.66,0,0
11.84,-3.93,1,0
10.08,-2.19,0,0
-4.59,-1.52,0,0
12.81,-2.04,1,0
-4.02,-0.62,0,0
10.59,11.79,0,0
14.45,-1.96,1,0
13.1,-0.41,1,0
9.58,-2.23,0,0
5.1,4.1,0,0
13.69,9.61,1,0
-2.58,4.34,1,0
-2.1,3.58,1,0
13.39,-1.44,1,0
12.59,10.88,1,0
13.91,-1.48,1,0
12.01,-2.39,1,0
-2.31,2.47,1,0
-3.34,-1.08,0,0
12.94,1.07,1,0
10.92,-1.69,0,0
10.03,10.98,1,0
11.96,11.22,1,0
10.62,-1.7,0,0
11.19,-1.29,0,0
1.73,6.92,0,1
-2.7,-0.96,0,0
12.07,-3.23,0,0
-1.6,7.49,1,0
11.88,11.81,0,0
-4.65,2.43,1,0
11.77,-2.9,0,0
12.29,0.46,1,0
9.23,-2.23,0,0
-4.59,3.13,1,0
9.24,-1.78,0,0
11.16,-1.01,1,0
-2.97,1.47,1,0
-3.65,10.83,0,0
-4.1,1.36,1,0
12.64,0.6,1,0
9.63,-2.32,0,0
11.43,-1.16,0,0
10.17,12.23,0,0
9.95,12.17,0,0
10.19,14.15,0,0
-2.05,-0.64,0,0
11.61,13.44,0,0
-1.19,10.51,0,0
-2.81,8.56,1,0
9.68,11.07,0,0
8.98,-4.69,0,0
10.81,-3.2,0,0
9.99,-3.97,0,0
-3.66,8.05,1,0
9.65,-0.92,0,0
-3.14,0.65,0,0
-2.5,10.61,0,0
11.9,-4.04,0,0
9.91,12.48,0,0
9.97,11.33,0,0
11.7,-0.83,0,0
12.06,12.62,1,0
8.55,-2.5,0,0
0.11,0.84,0,0
-2.16,7.96,1,0
12.22,11.85,1,0
-2.03,0.98,1,0
-2.77,1.1,1,0
1.66,7.19,0,1
11.58,12.15,0,0
-3.08,11.06,0,0
-4.22,-1.01,0,0
-4.22,0.67,1,0
10.71,9.54,0,0
6.39,7.58,0,1
14.71,0.3,1,0
9.04,-1.28,0,0
8.51,13.43,0,0
-4.19,8.87,1,0
10.5,11.44,1,0
-2.94,0.77,0,0
11.27,13.49,0,0
-2.68,2.28,1,0
11.54,-1.55,0,0
11.69,14.23,0,0
-5.32,4.63,1,0
-3.46,2.28,1,0
-4.6,3.28,1,0
-2.73,0.35,0,0
12.29,-1.63,0,0
10.57,-1.75,0,0
13.44,-1.16,1,0
-4.97,0.56,1,0
9.79,-3.28,0,0
14.14,0.81,1,0
-3.04,10.82,1,0
11.92,-1.71,1,0
-3.99,1.65,1,0
-4.39,-0.16,0,0
-3.08,-0.94,0,0
11.98,-0.47,1,0
13.85,14.16,1,0
8.82,14.05,0,0
12.98,-4.54,1,0
9.28,-2.03,0,0
-2.95,0.53,0,0
9.24,13.05,0,0
11.78,-1.29,0,0
-3.95,0.25,0,0
13.58,-0.45,1,0
12.76,0.64,1,0
10.09,13.84,0,0
-4.03,0.53,1,0
10.64,10.36,0,0
10.87,-1.3,0,0
-1.92,0.21,0,0
11.68,-0.74,0,0
13.36,11.6,1,0
-2.15,10.26,0,0
-2.56,-1.54,0,0
9.39,-2.31,0,0
-1.58,11.27,1,0
13.44,-2.84,1,0
-3.93,7.32,1,0
12.73,-2.6,0,0
9.69,-2.03,0,0
11.72,-2.6,0,0
7.57,13.78,0,0
11.95,9.48,1,0
8.8,-2.83,0,0
15.26,10.53,1,0
-2.57,1.57,0,0
13.42,-1.9,1,0
9.53,12.05,0,0
-3.99,1.69,1,0
-2.29,12.21,0,0
-4.0,0.44,0,0
-1.24,3.11,1,0
11.37,-2.58,0,0
10.59,-2.15,0,0
-3.55,9.38,0,0
-3.43,0.31,0,0
9.59,13.35,0,0
13.65,-3.66,1,0
12.19,-0.88,0,0
-1.27,-1.31,1,0
13.53,-1.18,1,0
-3.32,9.69,0,0
9.28,-1.95,0,0
10.86,-2.67,0,0
-2.01,6.2,1,0
-3.25,-0.33,0,0
13.9,-2.12,1,0
-4.16,-1.88,0,0
15.43,-1.64,1,0
9.6,-4.9,0,0
2.68,5.43,0,0
10.78,-1.38,0,0
10.71,-0.7,1,0
16.92,0.65,1,0
-5.22,-1.03,0,0
-3.72,3.77,1,0
6.89,-2.67,0,0
14.11,11.35,1,0
-5.35,-0.21,0,0
13.03,13.1,1,0
11.11,13.98,0,0
10.5,-3.74,0,0
10.83,11.71,0,0
10.86,12.82,0,0
11.21,13.72,0,0
-2.17,1.25,1,0
11.54,13.69,0,0
11.26,13.95,0,0
10.1,-1.77,0,0
7.48,13.31,0,0
10.68,-3.48,0,0
10.53,14.69,0,0
-2.36,0.62,1,0
-2.43,11.17,0,0
-5.12,7.69,1,0
-4.35,9.52,0,0
12.37,11.32,1,0
13.07,12.64,1,0
6.74,3.93,0,0
-3.96,10.65,0,0
12.32,-0.87,0,0
14.24,9.48,1,0
5.29,5.86,0,0
13.64,1.22,1,0
9.84,-2.99,0,0
13.16,0.02,1,0
-2.72,0.73,0,0
9.92,11.11,0,0
9.55,-1.34,0,0
10.57,13.1,0,0
10.3,-2.66,0,0
8.98,-3.27,0,0
12.25,-1.3,1,0
11.02,-3.81,0,0
12.66,12.04,1,0
11.41,-3.14,0,0
8.4,-3.01,0,0
12.86,-3.15,1,0
10.49,10.54,1,0
15.17,13.16,1,0
13.16,11.4,1,0
-0.7,0.01,0,0
-1.84,9.18,0,0
11.5,12.16,0,0
12.58,0.02,1,0
13.74,-1.11,1,0
-3.86,1.61,1,0
-2.49,3.21,1,0
-3.23,0.6,0,0
11.22,-2.12,0,0
9.56,13.87,0,0
10.33,12.03,0,0
8.0,13.81,0,0
11.47,11.82,1,0
-3.36,1.11,1,0
8.63,-2.78,0,0
11.09,-2.1,0,0
11.34,-1.2,0,0
12.18,11.87,1,0
12.47,-3.97,0,0
8.46,13.58,0,0
9.6,-2.51,0,0
-3.83,-1.57,0,0
9.05,12.91,0,0
8.68,-2.59,0,0
12.0,-1.84,0,0
-3.82,1.45,1,0
11.52,12.69,0,0
5.68,4.56,0,0
-1.79,11.55,0,0
-1.33,9.27,0,0
-2.54,8.88,1,0
10.92,14.08,0,0
8.8,12.36,0,0
-1.08,9.11,1,0
9.98,11.66,0,0
10.69,-1.58,0,0
9.48,13.87,0,0
-0.79,11.71,0,0
9.92,13.55,0,0
11.15,13.46,0,0
9.91,-1.05,0,0
9.53,-4.42,0,0
8.93,-2.93,0,0
-1.58,10.17,0,0
9.35,13.78,0,0
9.75,-2.46,0,0
12.96,-0.08,1,0
10.86,13.77,0,0
10.8,-2.34,0,0
11.11,-1.24,0,0
10.99,-1.06,0,0
13.44,-2.0,1,0
10.7,-0.5,1,0
-4.06,-0.9,0,0
-5.22,0.43,1,0
12.08,10.38,1,0
12.95,-1.15,1,0
12.44,-2.56,0,0
12.54,11.68,1,0
10.51,-2.33,1,0
-2.66,-0.92,0,0
12.23,-0.81,0,0
12.31,7.84,1,0
9.87,-3.17,0,0
13.05,0.05,1,0
-2.48,1.34,1,0
11.68,-1.06,0,0
-1.82,10.94,0,0
-1.9,-0.25,0,0
-1.28,-0.5,0,0
10.74,-2.22,0,0
-4.81,1.33,1,0
-3.91,-0.38,0,0
11.92,-1.17,0,0
-4.62,0.02,1,0
10.69,-1.74,0,0
-2.18,2.53,1,0
-2.46,1.07,1,0
11.42,-3.46,0,0
-2.91,1.35,1,0
9.7,11.22,0,0
-3.41,11.49,0,0
13.27,13.87,1,0
-6.59,2.95,1,0
1.63,5.78,1,0
11.04,-2.59,0,0
10.42,12.55,0,0
12.58,-1.34,1,0
12.67,-0.59,1,0
-3.44,9.81,1,0
12.36,10.18,1,0
9.02,12.68,0,0
13.23,-0.29,1,0
8.65,14.47,0,0
11.47,-1.79,0,0
12.07,-3.14,0,0
7.59,-2.04,0,0
10.26,13.92,0,0
10.47,-1.84,0,0
9.86,-1.64,0,0
12.3,1.08,1,0
10.47,-2.37,0,0
9.59,11.88,0,0
12.17,9.28,1,0
12.15,-3.02,1,0
13.8,-2.1,1,0
-3.93,-0.28,0,0
10.33,-3.63,0,0
-2.37,11.35,0,0
11.46,11.39,1,0
13.5,-0.53,1,0
12.51,-3.31,1,0
11.75,13.41,0,0
-4.0,12.21,0,0
-4.12,7.0,1,0
-3.07,0.66,0,0
11.89,11.62,1,0
10.52,-0.82,0,0
8.74,-2.81,0,0
11.8,11.81,1,0
-3.35,8.12,1,0
13.54,10.94,1,0
-2.04,9.48,1,0
11.73,11.87,1,0
-1.61,0.64,0,0
-5.0,0.93,1,0
9.52,10.92,0,0
-2.44,8.5,1,0
12.2,12.16,1,0
10.31,-3.93,0,0
10.8,11.26,1,0
-3.92,2.14,1,0
-3.02,10.84,0,0
0.32,7.95,1,0
-2.67,-0.58,0,0
12.28,-1.0,1,0
-4.15,-0.9,0,0
8.14,12.56,0,0
10.95,-1.38,0,0
13.79,-1.57,1,0
13.76,-1.46,1,0
12.66,-2.28,0,0
-3.03,-0.71,0,0
10.54,12.47,0,0
8.55,12.75,0,0
5.13,4.16,0,0
-4.61,-1.67,0,0
-3.93,-1.08,0,0
6.12,2.8,0,0
11.39,13.1,0,0
-1.66,10.16,1,0
-2.78,-0.28,0,0
-2.38,0.03,0,0
9.93,-2.38,0,0
-3.73,9.99,0,0
11.35,-2.86,0,0
-1.44,10.27,0,0
-7.16,6.49,1,1
10.4,-3.51,0,0
8.87,11.74,0,0
12.57,-0.95,1,0
14.4,-2.33,1,0
10.93,-2.17,0,0
10.39,14.59,0,0
-3.15,13.07,0,0
10.12,14.7,0,0
9.8,-1.66,0,0
10.5,9.77,0,0
12.62,12.07,1,0
11.24,-3.01,0,0
12.62,11.51,1,0
-3.37,0.19,0,0
-4.01,0.87,1,0
-2.96,3.78,1,0
8.68,-1.56,0,0
-2.61,0.44,0,0
13.71,-1.11,1,0
9.4,-2.31,0,0
13.47,-0.97,1,0
11.95,-2.55,0,0
-4.26,1.32,1,0
10.93,-0.17,0,0
10.14,-1.44,0,0
-2.49,10.62,0,0
12.17,-1.26,0,0
13.56,-0.32,1,0
11.28,11.84,0,0
8.37,12.64,0,0
10.95,-1.11,0,0
10.58,15.5,0,0
-2.23,-0.01,0,0
9.01,-4.08,0,0
11.51,12.73,0,0
0.68,7.52,1,0
11.06,12.91,0,0
11.61,-3.72,0,0
10.94,0.31,1,0
11.78,-3.97,0,0
11.6,12.77,1,0
10.9,12.13,0,0
11.01,13.68,0,0
12.51,9.51,1,0
14.4,0.08,1,0
11.65,-3.61,1,0
-5.55,2.57,1,0
13.08,-0.13,1,0
10.1,-1.55,0,0
11.83,13.28,0,0
10.9,-1.72,0,0
-3.38,12.34,0,0
-1.58,10.71,0,0
11.12,-2.65,0,0
10.67,-1.69,0,0
-4.49,2.3,1,0
-2.56,2.8,1,0
8.88,-2.18,0,0
13.89,-1.26,1,0
11.77,-1.77,1,0
10.09,15.19,0,0
-3.59,11.16,0,0
12.63,8.82,1,0
12.5,13.24,1,0
11.45,-1.48,0,0
8.8,-2.81,0,0
12.51,-0.96,1,0
10.04,11.97,0,0
-3.63,-0.68,0,0
-3.09,-0.12,0,0
9.41,12.26,0,0
11.52,0.32,1,0
9.64,11.94,0,0
14.41,-0.09,1,0
10.57,14.88,0,0
11.85,-2.8,0,0
10.27,-3.41,0,0
8.6,-1.83,0,0
11.48,9.86,1,0
9.23,-1.92,0,0
10.54,11.88,0,0
10.79,-3.67,0,0
-3.25,-0.59,0,0
-4.73,-0.84,0,0
12.1,-1.15,0,0
-3.33,0.33,0,0
11.33,-1.05,0,0
10.53,12.09,0,0
10.89,-2.47,0,0
9.96,-2.62,0,0
8.73,13.34,0,0
12.74,-3.37,0,0
11.52,-3.05,0,0
12.47,-0.19,1,0
12.28,12.2,1,0
12.91,-1.93,0,0
10.4,-3.53,0,0
11.06,-2.63,0,0
10.64,-2.66,0,0
10.68,11.19,1,0
-4.06,0.74,1,0
12.82,-2.08,0,0
11.1,12.27,0,0
8.9,-2.28,0,0
-3.99,-0.43,0,0
-4.37,10.02,0,0
15.36,11.29,1,0
-3.61,9.81,0,0
10.91,12.06,0,0
-4.07,2.16,1,0
11.13,-2.03,0,0
12.03,12.96,1,0
14.95,-2.03,1,0
7.92,16.44,0,1
-3.04,-0.63,0,0
12.07,-2.94,0,0
14.47,1.45,1,0
9.92,-2.78,0,0
-4.14,0.35,0,0
-4.11,0.75,1,0
-0.05,1.35,0,0
-1.44,9.21,1,0
-3.91,-0.59,0,0
8.01,-2.8,0,0
10.28,-3.95,0,0
11.8,11.37,1,0
16.72,-1.65,1,0
10.9,-1.5,0,0
-0.71,10.85,0,0
9.51,12.06,0,0
11.01,-3.26,0,0
10.43,12.58,0,0
10.26,-4.14,0,0
9.53,12.17,0,0
11.33,-1.14,0,0
11.16,13.32,0,0
9.84,12.28,0,0
14.08,-1.31,1,0
7.24,13.62,0,0
11.43,-1.6,0,0
-2.2,-0.06,0,0
12.1,-2.62,0,0
13.36,-2.51,1,0
-4.2,9.58,1,0
-2.09,0.35,0,0
-1.69,10.74,0,0
-2.08,0.64,1,0
9.25,12.95,0,0
12.05,-0.29,1,0
8.69,13.38,0,0
-3.18,10.57,0,0
10.87,12.24,0,0
10.95,14.26,0,0
8.87,-0.38,0,0
11.24,-0.44,1,0
10.57,12.57,0,0
13.68,-3.17,1,0
9.41,13.52,0,0
-4.49,3.24,1,0
-2.95,0.85,0,0
10.26,-2.16,0,0
9.05,12.37,0,0
-3.74,6.69,1,0
10.62,-2.28,0,0
12.98,-3.18,1,0
-4.64,0.71,0,0
9.8,-0.17,1,0
-3.98,0.09,0,0
10.33,-1.48,0,0
9.76,-2.27,0,0
11.39,-3.5,0,0
12.4,-2.49,1,0
5.8,10.87,1,1
3.39,6.61,0,1
8.83,12.69,0,0
10.56,-2.2,0,0
-1.62,2.58,0,0
-4.12,-0.77,0,0
10.92,0.12,1,0
13.5,-0.44,1,0
7.92,13.35,0,0
11.57,12.38,0,0
11.08,11.99,0,0
15.06,-1.79,1,0
-3.76,6.15,0,0
11.08,-0.73,0,0
8.26,14.38,0,0
9.52,-1.48,0,0
15.75,1.36,1,0
10.64,-1.96,0,0
8.96,-2.82,0,0
11.08,-3.57,0,0
12.99,11.81,1,0
-1.36,2.47,1,0
11.81,-1.13,0,0
9.05,12.74,0,0
11.97,-2.2,0,0
-3.35,10.6,0,0
-4.85,4.18,1,0
10.35,12.5,1,0
16.44,-0.01,1,0
10.36,-1.74,0,0
11.51,-3.74,0,0
16.81,-0.88,1,0
11.54,-1.2,1,0
-3.01,8.18,1,0
13.14,-2.71,1,0
8.67,15.73,0,0
-2.28,9.95,0,0
10.67,-4.09,0,0
13.4,-3.14,1,0
1.0,10.59,0,1
-3.29,0.21,0,0
11.49,-1.54,1,0
11.5,13.7,0,0
11.93,10.26,1,0
12.58,11.18,1,0
-1.44,10.38,0,0
12.58,13.5,0,0
10.92,11.74,0,0
10.52,13.52,0,0
9.24,14.09,0,0
-2.37,10.33,1,0
11.58,-4.15,0,0
11.94,-3.09,0,0
10.64,-3.4,0,0
8.75,-2.9,0,0
12.48,11.04,1,0
10.64,12.12,0,0
7.67,-3.52,0,0
9.8,-1.22,0,0
-6.23,3.3,1,0
-4.02,9.34,1,0
-1.97,4.47,1,0
11.65,12.35,1,0
9.26,-1.08,0,0
11.24,-1.33,0,0
12.46,-2.7,0,0
11.68,-1.72,1,0
13.35,13.9,1,0
-3.95,5.66,1,0
10.97,-4.59,0,0
-4.45,9.73,0,0
10.75,14.56,0,0
11.93,-1.14,0,0
13.42,-4.91,1,0
10.1,13.4,0,0
9.63,11.87,0,0
0.88,3.58,0,0
-1.13,6.17,1,0
11.54,-1.86,0,0
12.33,-0.5,1,0
9.59,-2.43,0,0
16.06,12.88,1,0
10.95,-1.21,0,0
-2.13,8.99,1,0
8.91,12.64,0,0
11.86,-0.27,1,0
9.48,12.79,0,0
9.23,-1.44,0,0
9.96,15.39,0,0
14.82,-1.24,1,0
15.55,0.97,1,0
-4.56,-0.59,0,0
10.03,11.34,0,0
13.06,-0.23,1,0
11.7,-0.83,1,0
-3.0,0.58,0,0
-2.32,-2.57,0,0
-1.76,9.51,0,0
11.91,11.7,0,0
-2.09,-0.61,0,0
11.3,-3.7,0,0
-4.09,-0.73,0,0
11.45,-0.62,1,0
8.61,13.81,0,0
-2.19,8.34,1,0
-2.23,7.99,1,0
11.32,-0.76,0,0
5.45,4.7,0,0
11.64,-2.67,0,0
10.23,-1.49,0,0
14.7,13.7,1,0
11.45,-1.84,1,0
10.1,12.35,0,0
11.75,8.61,1,0
9.03,-0.7,0,0
13.88,-1.32,1,0
7.65,-4.26,0,0
9.89,12.65,0,0
-5.01,2.44,1,0
13.86,0.93,1,0
-1.45,-1.68,0,0
-3.98,10.86,0,0
13.85,-0.2,1,0
9.61,13.7,0,0
10.93,10.29,1,0
11.23,-3.12,0,0
-0.84,10.21,1,0
-2.05,9.87,0,0
9.99,12.22,0,0
11.06,-3.52,0,0
12.5,-4.04,1,0
8.54,13.61,0,0
-2.12,2.68,1,0
8.81,-2.37,0,0
10.53,-0.18,1,0
10.22,0.23,0,0
16.03,-0.07,1,0
12.14,10.89,1,0
12.95,12.36,1,0
10.69,-2.46,0,0
-0.61,8.53,1,0
10.87,-1.81,0,0
12.6,-0.66,1,0
-5.36,0.28,1,0
-3.53,1.62,1,0
10.35,-4.59,0,0
9.82,0.23,0,0
-2.52,2.01,1,0
11.32,-1.47,0,0
-4.38,-0.86,0,0
4.18,4.62,0,0
11.02,-1.57,0,0
10.97,-4.44,0,0
-5.57,2.5,1,0
-3.08,2.03,1,0
10.76,-1.53,0,0
10.09,14.03,0,0
-4.45,2.45,1,0
-1.39,10.61,0,0
9.29,-2.01,0,0
11.07,-2.04,0,0
9.42,13.56,0,0
11.13,-0.97,0,0
12.92,-3.33,1,0
-2.94,7.79,1,0
7.98,13.71,0,0
12.85,-0.68,1,0
11.87,-0.92,0,0
11.05,11.99,0,0
8.8,-2.88,0,0
11.49,10.66,1,0
-2.11,-1.81,0,0
13.18,11.73,1,0
-3.48,7.31,1,0
11.51,10.36,1,0
-2.82,-0.32,0,0
14.85,7.64,1,0
10.66,13.6,0,0
-1.66,-0.68,0,0
10.61,-1.94,0,0
-4.22,1.02,1,0
8.21,-4.06,0,0
9.02,-1.74,0,0
15.06,-0.87,1,0
10.38,-1.98,0,0
13.47,-1.73,1,0
-3.96,0.49,1,0
11.29,12.48,0,0
8.48,12.4,0,0
-3.67,-0.87,0,0
11.95,-1.02,0,0
9.52,12.73,0,0
10.79,12.48,0,0
-4.39,9.45,1,0
10.55,-3.06,0,0
2.54,5.28,0,0
14.97,-2.13,1,0
-1.89,8.82,1,0
8.36,12.15,0,0
11.04,-2.16,0,0
8.89,-3.66,0,0
10.86,-3.66,0,0
-2.29,4.74,1,0
-4.02,3.64,1,0
10.27,12.24,1,0
-5.84,1.96,1,0
8.58,12.88,0,0
9.25,-2.72,0,0
10.71,11.79,0,0
10.59,-3.62,0,0
10.06,12.97,0,0
10.11,-4.15,0,0
11.83,-3.23,1,0
11.3,15.18,0,0
12.35,-3.73,1,0
14.14,13.95,1,0
10.51,-3.78,0,0
12.55,-3.1,1,0
13.37,-0.3,1,0
8.42,-2.34,0,0
6.81,3.54,0,0
-2.59,-0.38,0,0
-2.65,1.87,1,0
8.73,15.78,0,0
-5.04,0.56,1,0
9.6,12.61,0,0
13.34,-0.54,1,0
10.28,-3.32,0,0
-2.73,10.93,0,0
10.69,11.99,0,0
-2.1,2.2,1,0
11.17,13.23,0,0
-3.82,9.13,0,0
13.01,-0.14,1,0
-3.83,0.88,0,0
9.16,-4.62,0,0
10.89,-2.51,0,0
14.35,-0.39,1,0
10.05,11.67,0,0
-3.05,8.72,1,0
8.7,11.83,0,0
-1.63,-0.79,0,0
11.26,-1.44,0,0
11.36,13.13,0,0
9.58,13.25,0,0
10.63,-3.69,0,0
11.09,-2.16,0,0
-3.9,0.22,0,0
9.98,-3.88,0,0
11.38,-3.52,0,0
-2.33,2.51,1,0
8.75,-3.32,0,0
10.36,-2.95,0,0
10.49,13.58,0,0
12.32,-3.26,1,0
13.13,9.85,1,0
12.12,-2.57,0,0
-3.81,-0.69,0,0
-1.83,11.04,1,0
-2.25,9.08,0,0
14.05,-0.49,1,0
9.03,-4.98,0,0
-3.47,9.99,0,0
10.11,-4.23,0,0
13.74,11.76,1,0
10.31,12.24,0,0
9.38,13.24,0,0
-2.63,11.62,1,0
14.02,-2.17,1,0
15.3,-2.01,1,0
11.12,12.64,0,0
13.93,14.6,1,0
-4.34,8.04,1,0
8.44,13.18,0,0
10.71,-3.4,0,0
12.12,15.26,0,0
9.19,-3.19,0,0
10.62,-2.06,0,0
10.35,-3.94,0,0
-0.77,10.69,1,0
-3.41,6.89,1,0
-1.23,10.94,0,0
12.66,-2.36,1,0
10.52,12.61,0,0
11.0,-2.68,0,0
-4.09,0.86,1,0
15.92,10.45,1,0
10.84,13.19,0,0
0.01,10.56,0,0
13.04,-0.52,1,0
-1.69,9.76,1,0
11.06,-5.86,0,0
-2.49,1.76,1,0
-3.79,-2.25,0,0
12.83,-2.48,1,0
-2.68,-0.68,0,0
9.86,15.6,0,0
13.95,8.67,1,0
-0.75,7.32,1,0
11.24,-1.37,0,0
9.12,13.77,0,0
-2.85,9.77,1,0
-3.89,7.8,1,0
10.96,13.11,0,0
-3.79,1.52,1,0
-5.62,0.91,1,0
10.51,-2.15,0,0
-3.74,-0.88,0,0
5.89,5.83,0,0
-2.48,0.81,1,0
-4.13,3.0,1,0
10.32,10.35,0,0
-5.14,0.03,0,0
11.45,-3.81,0,0
6.43,7.85,0,1
11.97,-3.16,0,0
12.93,-1.15,1,0
12.68,-1.47,1,0
16.2,-0.74,1,0
-3.76,10.01,0,0
11.01,-4.0,0,0
9.48,12.42,0,0
9.9,13.49,0,0
-1.33,10.01,0,0
13.49,-2.33,1,0
9.82,-2.16,0,0
11.66,-1.42,1,0
5.5,6.92,0,0
-4.25,1.8,1,0
11.25,-2.23,0,0
12.11,-3.28,1,0
-5.79,3.24,1,0
11.84,-1.85,0,0
10.92,-1.39,0,0
10.65,-3.31,0,0
12.35,-3.01,1,0
9.36,-1.9,0,0
8.52,-1.83,0,0
9.46,-2.5,0,0
11.21,14.21,0,0
13.57,0.38,1,0
12.52,0.6,1,0
8.91,11.87,0,0
12.31,-0.43,1,0
8.51,-2.24,0,0
14.0,-1.38,1,0
5.55,3.84,0,0
9.79,13.33,0,0
11.71,0.88,1,0
-2.79,4.08,1,0
12.36,-2.98,0,0
10.97,-2.3,0,0
14.29,-1.02,1,0
-3.43,9.46,0,0
-0.93,-0.87,0,0
-4.11,0.68,1,0
11.86,-1.63,0,0
12.82,16.46,0,0
9.56,-1.76,0,0
10.37,12.35,0,0
12.72,-2.9,1,0
9.67,15.79,0,0
-5.39,1.31,1,0
8.3,13.63,0,0
-5.0,1.13,1,0
9.29,-2.52,0,0
12.98,-1.99,1,0
13.03,10.26,1,0
12.72,-2.37,1,0
-2.19,2.27,1,0
-4.23,-0.34,0,0
8.68,-1.25,0,0
-3.19,1.26,0,0
10.09,-1.73,0,0
11.12,-0.8,1,0
11.83,10.29,1,0
-3.95,0.45,0,0
-3.1,11.66,0,0
-3.49,2.73,1,0
11.38,-2.75,0,0
9.22,-2.67,0,0
12.39,-1.84,0,0
11.3,-1.14,0,0
10.52,10.47,0,0
14.15,-0.25,1,0
-4.75,-0.14,1,0
9.78,13.44,0,0
10.74,-3.24,0,0
-3.63,10.93,1,0
9.12,-2.75,0,0
10.84,-3.18,0,0
10.82,10.13,0,0
-1.94,8.99,1,0
10.86,-1.49,0,0
8.26,11.75,0,0
10.74,-3.2,0,0
-4.58,1.74,1,0
11.92,-2.9,0,0
15.85,1.25,1,0
11.75,-1.21,0,0
16.75,-0.5,1,0
9.57,-3.43,0,0
13.01,13.72,1,0
-3.77,0.19,0,0
-1.55,8.67,1,0
9.69,16.09,0,0
13.92,-0.52,1,0
10.84,-3.77,0,0
17.0,0.82,1,0
10.36,-3.42,0,0
8.51,14.58,0,0
-3.73,8.2,1,0
16.06,10.03,1,0
11.29,13.87,0,0
9.87,12.92,0,0
-1.78,1.69,1,0
-2.99,3.3,1,0
-2.62,5.92,1,0
10.26,-2.44,0,0
10.53,13.28,0,0
-3.78,1.11,1,0
10.2,-2.61,0,0
11.8,-1.14,0,0
9.34,-2.57,0,0
12.75,0.46,1,0
9.3,-4.43,0,0
12.51,12.09,1,0
10.76,-2.36,0,0
10.57,11.75,0,0
9.43,-2.03,0,0
10.88,0.67,1,0
11.09,-1.81,0,0
-1.96,10.6,0,0
10.99,-3.4,0,0
0.82,4.95,0,0
-3.07,1.47,1,0
-2.16,1.9,1,0
13.2,10.19,1,0
10.53,-1.78,0,0
-1.25,9.06,1,0
-1.99,3.72,1,0
5.09,4.25,0,0
-3.6,0.14,1,0
11.91,-0.9,0,0
9.31,12.58,0,0
11.45,13.62,0,0
7.93,-1.04,0,0
12.08,0.04,1,0
9.72,-0.7,0,0
-2.97,11.72,0,0
9.16,-1.89,0,0
12.45,-0.91,1,0
-4.94,1.21,1,0
-1.84,0.78,0,0
11.43,13.63,0,0
14.51,8.34,1,0
13.98,-2.89,1,0
10.6,-1.39,0,0
8.0,-1.67,0,0
10.95,12.3,0,0
10.49,-1.92,0,0
10.43,-1.73,0,0
9.41,14.06,0,0
10.65,14.04,0,0
9.94,10.9,0,0
13.4,-2.73,1,0
10.89,12.79,0,0
11.9,-1.81,0,0
-4.2,-0.64,0,0
-1.73,-1.51,0,0
8.56,-2.37,0,0
12.28,8.85,1,0
-3.86,1.17,1,0
9.66,-2.55,0,0
-1.82,10.88,0,0
-4.01,-0.63,0,0
-4.11,10.75,0,0
12.39,-1.5,1,0
10.85,-2.17,0,0
9.28,0.93,0,0
12.99,-3.12,1,0
8.49,-2.25,0,0
11.94,9.2,1,0
10.95,13.35,0,0
9.68,-2.59,0,0
14.24,-0.57,1,0
-4.07,-0.7,0,0
9.39,13.5,0,0
12.4,-2.52,0,0
-1.64,9.61,1,0
12.83,0.49,0,0
11.51,12.38,0,0
-2.56,7.61,1,0
8.97,-2.97,0,0
10.71,-1.37,0,0
-4.15,-0.34,0,0
11.7,-2.25,0,0
10.91,-3.46,0,0
-2.0,10.95,0,0
-2.01,8.47,1,0
9.75,-2.24,0,0
12.63,-3.41,1,0
12.21,12.5,1,0
12.22,13.27,1,0
10.98,-0.58,1,0
10.82,13.28,0,0
-2.52,-1.79,0,0
-3.1,-0.5,0,0
11.17,14.16,0,0
9.8,12.32,0,0
-0.87,0.28,0,0
12.31,-0.75,1,0
10.65,14.06,0,0
11.77,15.88,0,0
12.48,-3.65,1,0
-1.77,10.28,0,0
11.05,-1.13,0,0
9.93,12.1,0,0
-2.77,11.25,0,0
14.83,-1.83,1,0
12.08,-0.92,0,0
-3.96,4.96,1,0
10.57,12.95,0,0
10.24,-1.74,0,0
-4.4,-1.0,0,0
10.8,-2.94,0,0
10.56,0.16,0,0
11.06,15.92,0,0
11.99,-1.9,0,0
12.44,-2.39,1,0
10.69,12.48,0,0
-4.36,0.87,1,0
10.33,-1.84,0,0
9.28,-1.16,0,0
-1.7,8.3,1,0
9.49,-3.9,0,0
-4.27,0.42,0,0
-3.99,1.38,1,0
-3.95,0.71,1,0
-2.13,10.1,0,0
14.27,-0.21,1,0
14.98,1.31,1,0
13.73,11.99,1,0
-1.94,-1.3,0,0
11.45,12.02,0,0
12.92,-1.66,1,0
1.82,6.6,0,1
10.42,11.73,0,0
8.94,-3.05,0,0
-3.29,1.82,1,0
11.73,12.52,1,0
11.2,-3.44,0,0
9.69,13.3,0,0
-3.44,9.83,0,0
11.06,-2.87,0,0
10.2,-2.09,0,0
9.89,-1.79,0,0
6.14,3.83,0,0
-2.38,9.36,1,0
-2.02,0.7,0,0
-1.43,10.09,0,0
12.15,-3.19,1,0
-2.73,0.14,1,0
11.13,-0.8,1,0
10.37,13.09,0,0
-0.76,9.89,1,0
-2.25,8.63,1,0
10.02,-1.29,0,0
8.55,-2.12,0,0
12.5,13.83,1,0
13.63,-1.88,1,0
12.73,-2.18,0,0
10.31,-2.83,0,0
-4.15,-0.13,0,0
13.77,-1.88,1,0
14.05,-3.9,1,0
11.23,12.13,0,0
12.13,-4.03,1,0
10.37,13.98,0,0
12.85,-1.02,1,0
-3.99,0.39,0,0
7.97,13.08,0,0
-4.3,1.09,0,0
10.58,11.5,0,0
11.08,-1.12,0,0
12.23,-0.55,1,0
-3.04,1.59,1,0
11.7,-3.12,0,0
10.68,14.94,0,0
-3.6,9.86,1,0
8.34,13.85,0,0
14.15,-1.69,1,0
12.14,13.57,0,0
-3.75,0.0,0,0
10.62,-0.16,1,0
9.48,-3.07,0,0
9.01,-2.41,0,0
9.53,13.57,0,0
13.47,-2.9,1,0
-4.13,1.74,1,0
10.29,11.99,0,0
11.59,-2.67,0,0
11.47,-1.2,0,0
15.63,9.95,1,0
9.97,-2.97,0,0
-5.09,-2.59,0,0
-5.36,2.07,1,0
-2.9,10.92,0,0
10.29,0.76,1,0
-1.79,7.49,1,0
11.07,10.97,1,0
11.64,-4.78,0,0
-3.12,2.53,1,0
8.62,13.5,0,0
13.07,-3.68,1,0
-3.39,1.77,1,0
9.61,13.55,0,0
11.39,-1.01,1,0
9.98,-2.64,0,0
9.8,-2.1,0,0
11.91,-2.59,0,0
9.87,-2.39,0,0
-4.21,-0.18,0,0
-1.48,10.92,0,0
-3.48,-0.74,0,0
-3.17,-1.65,0,0
12.39,-1.45,1,0
0.35,13.3,0,1
13.64,-2.98,0,0
11.58,-0.47,1,0
-1.92,10.16,0,0
11.04,-1.65,0,0
-0.84,9.72,0,0
11.95,-1.39,1,0
-2.04,-0.48,0,0
9.38,15.37,0,0
-4.43,3.67,1,0
-3.08,9.03,1,0
-2.81,2.92,1,0
8.9,-2.42,0,0
10.35,11.81,0,0
-4.04,-1.02,0,0
14.26,-2.51,1,0
12.53,11.82,1,0
10.68,-3.95,0,0
10.06,-4.09,0,0
-1.97,10.08,0,0
12.85,-0.39,1,0
10.31,-0.16,1,0
-0.23,10.32,0,0
-1.69,-0.82,0,0
10.47,13.72,0,0
11.53,14.05,0,0
-3.24,0.05,0,0
-2.66,5.53,1,0
-3.2,3.59,1,0
-4.05,8.13,1,0
12.07,-2.67,0,0
16.14,9.82,1,0
12.3,-1.08,1,0
14.21,-1.71,1,0
-4.61,3.63,1,0
12.54,-2.01,1,0
-4.8,-0.43,0,0
11.35,-1.25,0,0
12.44,-1.41,1,0
2.31,3.84,0,0
-4.37,1.65,1,0
9.46,-3.54,0,0
8.52,-4.13,0,0
7.95,11.09,0,0
12.97,13.86,1,0
15.17,0.58,1,0
-2.52,2.32,1,0
-3.86,0.82,1,0
11.09,-1.3,0,0
-1.51,0.62,1,0
-3.44,2.02,1,0
12.73,-1.44,1,0
11.31,-1.36,0,0
-4.53,0.92,1,0
-3.54,11.23,0,0
8.78,-2.43,0,0
11.4,12.55,0,0
10.07,0.85,1,0
11.21,-2.31,0,0
16.37,-0.94,1,0
-4.51,-0.36,0,0
10.53,13.59,0,0
12.23,-2.06,0,0
9.93,-2.92,0,0
-4.36,2.71,1,0
10.93,-0.85,1,0
10.9,11.39,1,0
11.5,-1.58,0,0
12.34,-1.29,0,0
9.88,-2.76,0,0
9.59,15.21,0,0
9.39,-1.89,0,0
10.23,14.25,0,0
8.09,12.18,0,0
-4.58,-0.17,0,0
8.86,13.32,0,0
10.36,9.84,0,0
10.67,-2.65,0,0
11.12,14.2,0,0
-2.78,-0.25,0,0
11.87,-1.62,0,0
-2.9,10.77,0,0
11.49,-1.35,0,0
7.53,13.91,0,0
10.06,11.06,1,0
11.96,12.22,0,0
12.02,9.93,1,0
11.11,11.8,1,0
10.58,13.82,0,0
12.16,10.05,1,0
9.95,13.67,0,0
9.68,-2.28,0,0
-4.46,11.18,0,0
11.15,13.56,0,0
9.18,-2.3,0,0
9.36,13.25,0,0
16.47,-0.38,1,0
9.07,12.4,0,0
-2.12,7.91,1,0
-3.35,10.55,0,0
13.51,13.79,1,0
-2.38,0.3,0,0
11.12,12.55,0,0
4.86,3.29,0,0
4.85,5.92,0,0
10.0,-3.44,0,0
13.73,-3.22,1,0
-1.6,9.97,0,0
10.85,-1.2,0,0
9.24,12.24,0,0
12.35,-2.24,1,0
16.81,-0.43,1,0
-1.12,3.29,1,0
-1.73,0.39,0,0
12.99,-4.32,1,0
9.42,-4.93,0,0
12.62,-4.19,1,0
15.34,9.84,1,0
-5.0,0.96,1,0
-2.88,-0.16,0,0
10.98,14.02,0,0
3.33,3.76,0,0
-3.73,2.13,1,0
11.22,12.12,0,0
9.79,-2.56,0,0
9.96,-3.07,0,0
-3.62,10.68,0,0
9.05,13.78,0,0
10.63,-3.66,0,0
10.05,13.1,0,0
11.79,12.08,0,0
10.9,13.64,0,0
10.54,-1.29,0,0
-4.9,4.76,1,0
13.3,-0.42,1,0
8.41,13.55,0,0
-3.92,11.92,0,0
-4.15,10.94,0,0
10.52,12.26,0,0
12.37,-0.94,0,0
10.85,-3.6,0,0
-1.44,10.27,0,0
-2.38,-0.11,0,0
-4.27,0.33,1,0
-1.04,10.49,0,0
9.57,13.2,0,0
12.88,-2.61,1,0
11.63,-1.77,0,0
12.84,11.21,1,0
9.63,12.73,0,0
-2.41,0.92,1,0
12.5,13.82,1,0
13.84,-2.89,1,0
5.55,2.58,0,0
12.85,-0.58,1,0
-5.04,2.69,1,0
-2.6,7.64,1,0
9.81,14.2,0,0
10.92,-1.72,0,0
-3.7,3.3,1,0
12.24,-0.77,1,0
-4.89,-0.78,0,0
12.79,-0.46,1,0
13.11,-2.61,1,0
11.67,-3.14,0,0
14.85,11.56,1,0
12.9,13.45,1,0
15.65,0.23,1,0
11.15,-2.18,0,0
13.0,-1.5,1,0
-2.7,0.12,0,0
9.75,-3.22,0,0
-4.56,-0.28,0,0
14.24,-1.24,1,0
11.71,-1.17,0,0
-1.16,7.0,1,0
10.2,12.38,0,0
12.53,-1.59,0,0
11.04,-0.81,1,0
10.64,-2.39,0,0
11.94,-1.62,1,0
15.28,0.36,1,0
-1.49,8.89,1,0
-3.36,8.89,1,0
10.45,15.74,0,0
7.82,14.28,0,0
-3.1,2.08,1,0
-4.02,2.9,1,0
13.4,-2.4,1,0
10.01,14.17,0,0
9.76,-1.81,0,0
8.22,13.16,0,0
15.55,-0.07,1,0
12.31,-0.9,1,0
-3.46,1.26,0,0
2.52,3.66,0,0
-4.54,1.37,1,0
11.64,12.32,1,0
11.33,-1.04,0,0
-2.82,2.44,1,0
9.39,12.09,0,0
10.03,-4.63,0,0
-1.74,9.21,1,0
-2.33,0.58,0,0
-3.36,0.98,1,0
13.81,-1.54,1,0
9.69,11.48,0,0
-2.3,-0.91,0,0
-2.64,-1.97,0,0
-3.0,0.34,0,0
11.15,10.94,1,0
11.99,-1.65,1,0
9.52,-2.01,0,0
-2.21,4.61,1,0
11.79,-4.02,0,0
-4.2,-1.39,0,0
9.4,11.7,1,0
11.59,-1.19,0,0
-3.43,-0.36,0,0
10.65,14.54,0,0
14.0,-2.04,1,0
-4.01,0.64,0,0
7.62,12.93,0,0
-0.84,-2.76,0,0
11.95,-0.24,1,0
11.36,14.44,0,0
-3.76,8.46,1,0
-0.67,10.33,0,0
9.45,12.1,0,0
10.79,-1.96,0,0
7.27,4.57,0,0
9.19,-1.3,0,0
9.8,-2.26,0,0
-2.73,3.0,1,0
17.23,1.93,1,0
9.27,13.12,0,0
-2.66,2.65,1,0
9.1,12.2,0,0
10.14,-1.46,0,0
-2.48,-1.22,0,0
9.56,12.77,0,0
7.79,12.32,0,0
10.91,-2.01,0,0
14.73,9.13,1,0
10.42,-1.68,0,0
9.21,-2.46,0,0
11.44,-2.99,0,0
9.24,11.88,0,0
-3.04,-0.58,0,0
12.89,-0.74,1,0
11.73,-2.85,0,0
-2.29,8.84,1,0
9.81,-2.9,0,0
11.07,-2.02,0,0
11.29,-3.29,0,0
12.21,-2.97,1,0
10.72,-4.03,0,0
13.37,-2.25,1,0
12.03,-2.04,0,0
-2.84,1.82,1,0
11.52,10.58,1,0
-3.99,-1.76,0,0
-1.32,2.94,0,0
8.97,13.91,0,0
13.52,-3.39,0,0
13.07,-2.13,0,0
-6.34,-0.34,1,0
9.64,12.73,0,0
-0.36,10.12,0,0
9.94,13.51,0,0
11.6,-1.25,0,0
10.24,-1.51,0,0
11.59,14.15,0,0
-3.52,3.42,1,0
11.53,13.33,0,0
16.37,10.63,1,0
16.68,1.42,1,0
5.65,4.39,0,0
-4.2,1.73,1,0
9.61,10.52,0,0
8.68,12.01,0,0
12.74,12.73,1,0
10.3,-0.95,0,0
-2.09,-0.56,0,0
13.73,-2.18,1,0
-3.66,2.92,1,0
-2.45,1.61,1,0
10.04,9.57,0,0
-2.98,2.27,1,0
-3.8,11.09,0,0
10.67,-1.81,0,0
-2.85,0.4,0,0
-3.48,1.53,1,0
13.73,0.64,1,0
9.92,14.2,0,0
12.93,11.8,1,0
-3.31,10.6,0,0
11.79,-2.84,0,0
-3.86,4.44,1,0
11.48,12.82,0,0
-0.89,1.12,1,0
10.11,9.63,0,0
-2.78,0.16,0,0
12.86,-2.8,0,0
14.08,-1.62,1,0
12.44,11.84,1,0
9.22,-3.23,0,0
12.16,0.19,1,0
12.93,-1.2,1,0
10.93,14.33,0,0
10.9,-2.91,0,0
12.77,-3.02,1,0
11.08,-1.62,0,0
14.13,-0.85,1,0
16.79,0.59,1,0
9.38,12.45,0,0
-1.87,-0.13,1,0
11.32,-1.53,0,0
12.03,-2.09,0,0
8.65,13.43,0,0
10.05,12.47,0,0
15.5,0.15,1,0
13.71,0.4,1,0
11.24,-3.44,0,0
13.44,-1.8,1,0
-2.43,0.62,1,0
9.38,13.42,0,0
12.51,-0.63,1,0
11.19,11.19,1,0
-5.66,4.73,1,0
10.97,-3.78,0,0
11.0,13.76,0,0
10.03,-0.88,0,0
11.35,13.06,0,0
-1.91,9.59,0,0
-3.2,11.58,0,0
11.56,-2.85,0,0
9.44,12.74,0,0
12.33,10.03,1,0
11.69,10.14,1,0
11.47,-3.36,0,0
-2.41,0.11,0,0
-3.3,10.14,0,0
11.86,-2.75,0,0
-3.16,10.15,0,0
-5.5,-2.5,0,0
10.66,14.26,0,0
12.63,-2.66,0,0
-3.55,10.64,0,0
7.32,15.88,0,0
12.56,11.89,1,0
-4.62,0.87,1,0
11.33,-1.22,1,0
-3.64,-0.02,0,0
7.31,12.45,0,0
-2.64,0.44,0,0
11.91,-1.2,0,0
11.82,-0.93,0,0
12.28,-0.44,1,0
10.26,-4.0,0,0
13.75,-1.2,1,0
10.72,12.35,0,0
12.87,-2.18,1,0
11.28,-3.71,0,0
9.22,12.99,0,0
10.71,11.49,0,0
12.0,-3.25,0,0
-4.53,3.75,1,0
-1.72,9.82,0,0
10.1,-2.61,0,0
13.62,-0.4,1,0
12.75,12.12,1,0
-3.4,-1.03,0,0
8.92,14.41,0,0
9.16,13.21,0,0
-1.82,1.71,1,0
10.03,12.21,0,0
-4.32,3.92,1,0
-2.24,7.16,1,0
13.08,-0.38,1,0
12.54,-0.25,0,0
10.69,-0.18,1,0
12.83,-0.36,1,0
12.69,13.69,1,0
9.21,-2.27,0,0
-2.2,2.2,1,0
10.55,-1.42,0,0
9.62,-1.64,0,0
-3.79,-1.59,0,0
-1.57,8.55,1,0
9.54,-2.85,0,0
10.99,13.45,0,0
-2.29,1.23,1,0
-5.35,10.66,0,0
-2.18,1.44,1,0
10.68,-3.64,0,0
11.53,-2.95,0,0
9.94,-1.97,0,0
13.43,14.07,1,0
-4.05,-0.92,0,0
-4.23,9.18,0,0
15.38,8.35,1,0
11.58,-1.77,0,0
13.5,-1.76,1,0
10.38,12.77,0,0
11.72,-2.5,0,0
-4.24,2.3,1,0
14.5,-0.21,1,0
16.51,0.92,1,0
12.02,10.98,1,0
8.6,-2.19,0,0
11.95,-0.11,1,0
10.71,-2.05,0,0
11.01,-4.13,0,0
11.09,12.97,0,0
12.4,-0.79,1,0
9.21,12.43,0,0
10.98,-2.33,0,0
-2.54,-0.65,0,0
13.58,12.68,1,0
10.27,-4.15,0,0
14.78,-1.28,1,0
11.11,0.01,1,0
8.58,12.23,0,0
10.5,13.35,0,0
13.53,-1.78,1,0
-6.29,1.98,1,0
9.46,12.99,0,0
10.62,9.31,0,0
11.78,-1.23,0,0
10.13,-0.91,0,0
11.17,0.95,1,0
-1.87,1.42,0,0
10.24,12.07,0,0
10.62,-3.77,0,0
-2.77,-0.13,0,0
12.25,13.81,0,0
-1.38,10.17,0,0
8.64,-2.6,0,0
-5.19,0.81,1,0
13.07,-4.61,1,0
11.51,-2.56,0,0
-1.45,0.7,0,0
-3.29,-0.65,0,0
-5.76,1.49,1,0
11.72,-3.87,0,0
8.86,13.06,0,0
8.47,11.72,0,0
-1.87,10.04,0,0
-0.89,11.49,1,0
-1.76,8.39,1,0
-1.17,9.81,0,0
14.21,-1.36,1,0
14.66,-1.07,1,0
11.69,-1.84,0,0
9.92,-1.53,0,0
9.91,13.56,0,0
6.87,-0.01,0,0
13.7,-0.33,0,0
13.35,-0.64,1,0
11.43,-3.37,0,0
12.9,-1.24,1,0
10.52,-2.01,0,0
-4.79,2.45,1,0
-1.0,9.02,1,0
10.28,12.41,0,0
10.44,-1.46,0,0
12.85,12.03,1,0
-2.86,-0.79,0,0
-3.84,1.66,1,0
11.23,13.73,0,0
14.31,-3.26,1,0
10.5,-2.46,0,0
10.72,-1.68,0,0
-3.17,2.49,1,0
11.34,-0.54,1,0
-3.36,1.62,1,0
-2.78,6.57,1,0
11.84,-2.62,0,0
10.44,-0.79,0,0
9.91,-2.37,0,0
12.35,14.52,1,0
-1.69,7.69,1,0
10.62,-1.79,0,0
13.03,-0.98,1,0
-5.13,0.45,1,0
8.9,-2.7,0,0
12.39,10.37,1,0
10.11,-3.67,0,0
12.55,-0.73,1,0
-3.59,0.71,1,0
-0.43,9.45,1,0
8.5,12.58,0,0
11.08,13.36,0,0
11.02,-1.08,0,0
12.7,14.06,1,0
-3.6,-0.32,0,0
9.95,12.73,0,0
-2.75,-0.87,0,0
-2.09,0.67,0,0
-1.68,8.9,1,0
11.69,-1.73,0,0
10.07,-1.19,0,0
-2.24,7.67,1,0
-4.19,1.46,1,0
10.25,-4.56,0,0
11.04,-1.52,0,0
-5.15,5.52,1,0
11.61,-2.74,0,0
9.91,-4.2,0,0
11.45,-0.6,1,0
-2.97,-0.56,0,0
8.57,13.79,0,0
10.44,14.69,0,0
-2.27,-1.12,0,0
12.32,-2.18,1,0
8.35,-2.3,0,0
10.1,-2.55,0,0
-2.76,0.11,0,0
-2.43,-0.81,0,0
12.58,-0.93,0,0
10.99,-1.11,0,0
-1.74,10.36,0,0
9.61,-5.29,0,0
12.08,12.72,1,0
10.05,-2.33,0,0
10.18,13.77,0,0
-4.69,0.59,1,0
13.39,-0.28,1,0
8.08,-3.39,0,0
8.48,11.73,0,0
14.49,9.67,1,0
11.52,-3.84,0,0
-1.04,7.85,1,0
11.02,14.05,0,0
10.67,9.86,1,0
-3.98,0.19,0,0
11.95,10.9,1,0
1.24,5.85,0,0
9.81,-2.64,0,0
12.22,11.08,1,0
-4.09,-0.12,0,0
9.64,-0.68,0,0
11.48,-1.82,0,0
12.05,15.54,0,0
13.51,-0.88,1,0
11.01,11.83,1,0
-0.58,0.55,0,0
10.93,-3.54,0,0
-5.49,6.47,1,0
9.47,-2.97,0,0
8.1,-1.83,0,0
8.98,-3.52,0,0
-0.38,9.38,1,0
9.58,14.12,0,0
12.03,-2.93,0,0
9.61,-3.17,0,0
11.02,-1.57,0,0
8.9,-2.82,0,0
13.35,10.85,1,0
10.08,13.8,0,0
9.5,-3.04,0,0
10.61,13.59,0,0
11.77,-2.94,0,0
12.64,1.13,1,0
9.81,13.38,0,0
10.2,-2.21,0,0
15.62,10.28,1,0
-3.68,9.65,1,0
-4.24,1.22,1,0
12.0,-0.81,1,0
10.36,-2.62,0,0
12.76,-2.28,0,0
7.45,12.87,0,0
11.84,11.67,1,0
11.22,13.32,0,0
9.58,-2.14,0,0
-2.13,9.51,1,0
9.38,-1.81,0,0
10.99,-1.91,0,0
-3.75,2.22,1,0
-2.14,1.24,0,0
8.28,-2.57,0,0
11.06,-2.26,0,0
11.43,-2.96,0,0
5.59,2.8,0,0
9.75,13.09,0,0
8.57,9.35,0,0
13.05,11.67,1,0
8.9,13.4,0,0
-4.57,0.84,0,0
-2.0,10.68,0,0
15.09,-1.96,1,0
-3.91,9.51,0,0
-3.72,8.48,1,0
8.39,-0.92,0,0
10.65,-2.26,0,0
10.29,12.81,0,0
11.66,10.3,1,0
-4.57,3.92,1,0
10.6,-2.3,0,0
-3.48,7.83,1,0
-2.44,0.08,0,0
11.65,0.01,0,0
11.73,-0.69,1,0
10.12,-2.49,0,0
-3.93,0.53,0,0
-3.79,-0.95,0,0
10.04,-4.03,0,0
9.42,-2.21,0,0
-2.61,-0.33,0,0
-2.41,8.98,1,0
-0.87,6.56,1,0
-4.12,8.54,1,0
8.9,14.89,0,0
11.28,-4.09,0,0
7.5,-1.65,0,0
8.73,13.14,0,0
6.45,-2.58,0,0
11.74,12.87,0,0
9.62,12.27,0,0
-3.71,0.7,0,0
-3.3,9.84,0,0
-2.68,9.1,1,0
11.13,13.23,0,0
13.76,-2.4,1,0
-1.78,0.16,0,0
10.47,-1.06,0,0
11.45,-3.03,0,0
-1.72,8.12,1,0
11.67,-2.36,1,0
-0.77,10.81,1,0
11.83,-1.04,0,0
11.13,-1.18,0,0
13.33,-0.84,1,0
12.14,-0.93,0,0
-2.75,0.31,0,0
11.98,14.06,0,0
10.38,-1.67,0,0
12.11,-3.42,0,0
10.69,-4.8,0,0
10.9,10.83,1,0
-4.44,0.07,1,0
9.75,-1.75,0,0
9.83,-3.69,0,0
-3.79,0.52,1,0
-0.66,8.77,1,0
12.3,-2.55,0,0
14.99,-2.27,1,0
-2.01,5.66,1,0
11.73,-1.05,0,0
-2.76,10.41,1,0
10.67,11.74,1,0
-3.62,10.64,0,0
-3.63,0.03,0,0
11.99,12.92,1,0
13.33,11.03,1,0
14.98,0.16,1,0
11.64,8.12,1,0
10.64,13.92,0,0
9.41,12.46,0,0
12.01,13.55,1,0
-4.17,-0.91,1,0
14.81,2.37,1,0
12.36,13.45,1,0
-4.6,-0.67,0,0
-4.45,0.49,0,0
8.9,13.9,0,0
11.87,-1.08,0,0
12.26,-2.76,0,0
12.92,12.66,1,0
8.27,12.56,0,0
5.46,5.35,0,0
10.47,12.55,0,0
10.56,12.02,0,0
9.94,-1.75,0,0
-4.1,-0.04,1,0
14.01,-1.22,1,0
-2.57,0.34,0,0
13.26,-1.02,1,0
-4.75,1.32,1,0
-1.03,11.25,0,0
-2.79,-1.76,0,0
-1.25,10.17,0,0
2.57,3.12,0,0
8.39,13.51,0,0
14.1,-1.34,1,0
-2.75,0.34,0,0
-4.23,-0.6,0,0
-4.3,1.54,1,0
10.39,-1.96,0,0
-1.65,3.66,1,0
10.43,-1.4,0,0
-2.96,0.88,1,0
11.58,-0.73,1,0
-3.57,9.6,0,0
-4.14,10.7,0,0
11.21,-1.73,0,0
14.27,-0.67,1,0
9.36,-0.87,0,0
10.7,-2.28,0,0
10.42,14.13,0,0
13.65,8.96,1,0
-3.42,1.94,1,0
11.42,14.24,0,0
11.45,-2.96,0,0
11.54,12.66,0,0
-1.21,10.32,0,0
9.87,-1.44,0,0
12.41,12.03,1,0
-1.35,-0.55,0,0
10.44,-1.21,0,0
-2.34,-0.55,0,0
10.97,-3.71,0,0
14.57,-2.38,1,0
-3.51,2.08,1,0
-4.45,2.43,1,0
9.6,11.08,0,0
-3.44,-0.01,0,0
-4.15,-1.31,0,0
11.57,12.41,0,0
9.11,12.43,0,0
-2.78,5.98,1,0
12.62,-0.28,1,0
10.84,-1.6,0,0
-2.9,0.3,0,0
-6.52,3.91,1,0
11.21,13.33,0,0
11.87,-2.52,0,0
-2.21,-2.58,0,0
10.39,-3.8,0,0
-1.44,2.0,1,0
12.46,11.56,1,0
13.26,-2.86,1,0
13.13,-1.25,1,0
8.77,-2.45,0,0
10.81,-1.74,0,0
-3.37,0.22,0,0
9.86,13.5,0,0
10.43,14.74,0,0
10.17,13.47,0,0
12.19,-0.8,1,0
13.08,-2.15,1,0
-3.98,3.02,1,0
12.02,-3.81,0,0
8.21,12.81,0,0
-4.19,0.57,0,0
12.36,-0.65,0,0
-4.38,1.58,1,0
10.53,15.76,0,0
9.69,11.43,0,0
-4.22,4.13,1,0
-4.67,9.8,0,0
-1.38,6.89,1,0
11.68,12.42,1,0
9.53,13.02,0,0
16.23,-0.15,1,0
-2.78,9.6,1,0
11.27,-1.2,0,0
-5.42,1.36,1,0
9.78,-2.13,0,0
-3.81,8.81,1,0
8.97,-2.59,0,0
-2.55,0.56,0,0
-2.25,9.01,1,0
10.11,-2.27,0,0
-3.67,2.35,1,0
-4.67,2.33,1,0
8.99,-2.0,0,0
11.13,-2.1,0,0
11.28,14.23,0,0
11.49,14.05,0,0
11.97,-3.07,0,0
10.33,-4.19,0,0
9.81,-2.46,0,0
12.81,-1.28,1,0
8.99,14.91,0,0
10.13,-2.26,0,0
12.83,-1.34,1,0
10.04,14.96,0,0
-4.45,1.56,1,0
8.33,11.64,0,0
-1.8,1.02,0,0
11.89,-0.83,1,0
-3.05,13.13,0,0
12.01,-0.84,1,0
10.79,-0.31,1,0
13.39,14.92,1,0
12.48,0.37,1,0
12.13,-4.0,0,0
8.99,13.44,0,0
11.01,-2.84,0,0
11.75,14.84,0,0
14.92,-2.11,1,0
14.14,-3.1,1,0
-3.27,8.95,1,0
10.84,-3.26,0,0
12.17,-3.37,1,0
9.64,-4.9,0,0
5.67,6.71,0,0
10.51,11.14,0,0
-4.94,8.71,1,0
10.94,-0.91,0,0
-4.06,0.16,0,0
12.91,-2.29,1,0
12.16,-4.19,1,0
12.74,-2.04,0,0
9.34,-2.76,0,0
-1.9,10.9,0,0
-2.03,9.6,0,0
-1.52,9.41,0,0
9.87,-1.94,0,0
12.61,-1.94,1,0
14.52,0.34,1,0
-1.48,-0.43,0,0
13.33,-5.02,0,0
16.7,0.15,1,0
11.89,-1.82,0,0
12.64,-2.25,0,0
-3.96,-0.45,0,0
-2.78,-4.06,0,1
11.01,-1.44,0,0
0.69,4.99,0,0
-4.12,1.54,1,0
-2.63,-1.15,0,0
11.47,-1.9,0,0
-2.43,1.17,1,0
14.95,-1.49,1,0
8.22,13.07,0,0
8.24,12.16,0,0
10.97,13.51,0,0
10.73,12.54,0,0
12.38,12.86,1,0
-4.02,-0.97,0,0
9.11,13.05,0,0
10.43,-0.9,0,0
10.84,-2.65,0,0
9.81,11.98,0,0
7.03,13.54,0,0
10.26,15.5,0,0
10.92,-0.46,0,0
9.31,-3.4,0,0
10.13,11.98,0,0
11.04,-1.61,0,0
10.37,13.06,0,0
-4.09,3.41,1,0
-3.15,-0.67,0,0
9.02,-2.74,0,0
14.48,-1.25,1,0
10.08,13.97,0,0
-4.27,2.24,1,0
-2.3,-1.24,0,0
10.47,13.92,0,0
-3.47,-1.4,0,0
11.18,13.01,0,0
9.48,12.54,0,0
-2.4,6.25,1,0
11.26,-2.15,0,0
10.58,-1.37,0,0
-2.05,10.27,0,0
-1.77,10.96,0,0
11.76,-0.57,1,0
11.22,-3.11,0,0
8.88,11.7,0,0
-3.38,0.28,0,0
8.46,-3.6,0,0
10.24,-1.53,0,0
-1.51,-0.34,0,0
14.29,-1.42,1,0
11.85,-0.21,1,0
10.69,-2.36,0,0
-4.17,-0.47,0,0
13.9,-0.64,1,0
12.11,14.21,0,0
14.98,-1.44,1,0
10.88,-3.97,0,0
8.45,14.39,0,0
10.21,11.78,0,0
-2.98,-0.1,0,0
9.54,12.69,0,0
12.17,-0.36,1,0
11.31,11.24,1,0
10.49,-1.62,0,0
12.78,-2.21,0,0
11.65,-0.61,0,0
13.14,0.36,1,0
14.23,-0.37,1,0
-4.11,11.03,0,0
-3.0,0.06,0,0
-3.02,0.71,0,0
9.57,-2.58,0,0
-1.31,3.47,1,0
10.81,14.17,0,0
9.76,-1.92,0,0
12.11,-1.73,1,0
10.82,-1.05,0,0
13.61,-2.83,1,0
11.64,-1.86,0,0
12.9,0.57,1,0
12.6,-3.14,0,0
9.56,-1.71,0,0
12.5,-2.01,1,0
10.22,12.81,0,0
-2.49,0.69,1,0
10.8,-2.33,0,0
-2.16,7.81,1,0
-3.63,4.34,1,0
10.22,13.3,0,0
9.79,12.96,0,0
11.41,-1.53,1,0
13.86,0.33,1,0
12.32,-3.48,0,0
-1.93,-0.94,0,0
11.25,-1.99,0,0
13.39,-0.36,1,0
10.42,-1.37,0,0
10.27,11.94,0,0
11.09,13.14,0,0
11.18,10.93,1,0
9.33,-3.3,0,0
1.95,5.47,0,0
10.0,12.25,0,0
8.71,12.78,0,0
14.11,-0.59,1,0
12.05,-2.94,0,0
12.3,-1.09,1,0
9.68,-2.54,0,0
-2.39,0.33,0,0
12.07,-0.99,0,0
16.6,0.4,1,0
9.82,10.98,0,0
11.52,-5.04,0,0
12.02,-4.29,0,0
10.78,11.48,1,0
10.12,12.77,0,0
11.09,14.77,0,0
14.94,8.92,1,0
10.88,13.61,0,0
10.41,-1.88,0,0
9.57,-1.7,0,0
-2.67,-0.15,0,0
13.37,-1.9,1,0
12.85,-2.37,1,0
9.89,-1.84,0,0
-2.49,0.31,0,0
14.0,-0.12,1,0
10.27,-1.75,0,0
10.48,13.4,0,0
13.15,12.64,1,0
-2.88,0.79,0,0
14.16,0.06,1,0
-2.58,0.96,1,0
11.01,12.97,0,0
8.41,-1.49,0,0
11.82,11.69,1,0
-1.7,11.03,0,0
-1.59,8.59,1,0
8.77,12.7,0,0
9.62,-3.79,0,0
-2.15,10.68,0,0
9.53,12.64,0,0
10.47,-0.78,0,0
-2.92,0.81,1,0
-3.9,1.91,1,0
9.89,-2.68,0,0
10.41,11.3,0,0
11.99,-2.54,0,0
10.82,14.22,0,0
-1.66,9.32,1,0
-1.19,3.39,1,0
-2.64,-1.53,0,0
-3.13,1.16,1,0
-5.14,3.6,1,0
11.05,-4.95,0,0
11.15,0.58,1,0
14.4,8.13,1,0
11.48,-2.91,0,0
4.95,7.6,0,0
10.25,-2.85,0,0
11.62,-1.59,0,0
10.87,-2.5,0,0
-5.45,-1.39,0,0
10.42,12.94,0,0
-2.93,-0.24,0,0
12.06,15.16,0,0
10.31,10.62,0,0
11.07,13.16,0,0
9.84,-2.92,0,0
10.01,11.53,0,0
15.02,-2.02,1,0
11.9,-2.64,0,0
-3.94,4.6,1,0
4.92,5.74,0,0
10.07,13.14,0,0
-1.73,10.63,0,0
11.94,-0.99,0,0
-2.13,-1.25,0,0
9.32,-3.24,0,0
-3.54,9.21,1,0
-1.61,8.83,1,0
14.57,-2.49,1,0
13.05,-2.05,1,0
11.8,-0.82,1,0
10.8,-3.66,0,0
-4.23,0.16,1,0
12.39,0.29,1,0
13.25,6.85,1,1
-2.12,9.6,0,0
13.46,-0.19,1,0
-4.66,1.11,1,0
14.78,-1.1,1,0
10.51,14.14,0,0
-2.88,-0.38,0,0
10.6,12.87,0,0
10.36,11.89,0,0
10.86,13.09,0,0
9.82,10.05,0,0
12.19,-2.48,0,0
-4.02,9.3,1,0
14.36,-1.66,1,0
8.88,12.82,0,0
11.69,-3.73,0,0
11.17,10.16,0,0
12.38,-3.87,1,0
8.75,13.42,0,0
-2.65,-0.13,0,0
11.37,11.14,1,0
-4.29,-1.94,0,0
9.72,-2.12,0,0
11.08,-1.36,0,0
-4.62,1.17,1,0
9.34,-3.38,0,0
7.51,12.05,0,0
8.22,-2.38,0,0
9.46,13.35,0,0
13.59,0.91,1,0
8.16,13.69,0,0
10.82,-1.67,0,0
9.56,12.7,0,0
-2.48,1.83,1,0
11.0,12.16,0,0
14.32,-1.31,1,0
13.03,-0.35,1,0
1.62,4.57,0,0
11.42,-1.51,0,0
9.86,-1.86,0,0
10.84,-1.62,0,0
11.17,-1.38,0,0
-2.26,1.48,1,0
10.86,-2.03,0,0
-4.23,0.33,0,0
10.79,-4.11,0,0
10.13,-4.0,0,0
9.7,-1.95,0,0
-3.94,-0.03,1,0
10.96,-2.44,0,0
15.31,9.8,1,0
10.26,8.1,1,0
11.51,0.97,1,0
11.04,-1.39,0,0
-3.27,-0.07,0,0
10.85,-2.89,0,0
10.6,-3.22,0,0
-3.87,10.27,0,0
-5.67,2.93,1,0
13.04,9.4,1,0
14.1,-3.44,1,0
9.38,-2.4,0,0
11.35,-1.96,0,0
10.07,12.84,0,0
10.81,13.49,0,0
10.26,10.72,0,0
12.86,-2.58,1,0
9.64,13.19,0,0
10.91,-0.81,0,0
10.73,-1.51,0,0
11.05,13.94,0,0
-1.13,-1.96,0,0
11.76,12.72,1,0
-1.86,9.81,0,0
-3.7,-1.2,0,0
-4.79,1.62,1,0
10.77,-1.51,0,0
9.83,11.25,0,0
6.78,12.91,0,0
13.86,-1.58,1,0
8.02,12.71,0,0
11.77,11.23,1,0
11.87,13.0,0,0
-3.52,0.57,0,0
10.96,11.97,0,0
9.02,13.21,0,0
12.87,-1.09,0,0
-4.58,-2.55,0,0
11.09,10.84,1,0
10.24,-2.25,0,0
9.35,-2.82,0,0
17.2,0.87,1,0
-2.81,-0.25,0,0
13.83,-1.02,1,0
5.61,3.99,0,0
16.5,1.36,1,0
11.32,13.36,0,0
9.01,13.77,0,0
-4.13,2.23,1,0
11.05,-1.12,1,0
-3.65,9.42,0,0
11.76,-3.25,0,0
13.28,14.11,1,0
15.57,-0.77,1,0
9.91,-2.21,0,0
13.6,-2.84,1,0
10.44,-1.93,0,0
2.42,3.61,0,0
10.9,-1.34,0,0
11.88,-3.2,0,0
11.82,-2.87,0,0
10.87,-3.44,0,0
8.95,-2.21,0,0
12.48,-2.23,0,0
-4.37,8.86,0,0
11.18,-1.38,0,0
-3.21,-0.26,0,0
-3.7,0.46,0,0
-5.38,11.67,0,0
-3.32,0.97,1,0
9.17,12.68,0,0
-2.45,-2.01,0,0
10.17,-2.63,0,0
13.85,11.49,1,0
9.72,0.28,0,0
14.32,-1.54,1,0
13.62,0.45,1,0
14.84,-0.83,1,0
11.09,-2.1,0,0
11.34,-4.77,0,0
10.46,-3.32,0,0
-3.03,0.14,0,0
-2.78,1.63,1,0
13.81,7.42,1,0
-1.14,10.34,1,0
-4.05,1.05,1,0
-4.96,-0.69,1,0
-2.01,10.17,0,0
11.41,-2.69,0,0
14.82,9.6,1,0
14.88,-2.58,1,0
12.59,-1.0,1,0
10.01,15.04,0,0
9.47,-3.88,0,0
13.1,10.15,1,0
-5.45,1.26,1,0
8.48,12.69,0,0
-4.9,-0.24,0,0
10.76,13.49,0,0
8.6,-1.74,0,0
13.17,-2.01,1,0
11.44,12.94,0,0
11.35,-2.07,0,0
11.28,13.21,0,0
12.36,-1.55,0,0
12.6,-2.18,0,0
13.26,-2.55,1,0
12.54,10.77,1,0
11.61,12.53,0,0
14.15,-1.95,1,0
9.64,-1.25,0,0
-1.92,7.48,1,0
-5.57,-2.02,0,0
10.45,-3.94,0,0
-5.4,3.37,1,0
15.07,-0.69,1,0
11.04,-0.94,0,0
-3.76,12.09,0,0
12.27,-2.18,0,0
-2.7,7.9,1,0
11.77,-3.32,0,0
10.77,-0.67,1,0
11.26,-4.57,0,0
13.11,0.45,1,0
-3.87,1.22,1,0
12.38,-1.69,0,0
-2.28,10.91,0,0
-1.81,9.99,0,0
-2.24,-0.63,0,0
9.23,-2.61,0,0
11.02,-3.26,0,0
11.15,-3.24,0,0
-4.03,-1.54,0,0
10.31,-1.16,0,0
8.28,14.49,0,0
11.82,-3.16,0,0
11.08,-2.86,0,0
11.64,-3.63,0,0
-4.48,-0.38,0,0
-2.98,10.7,0,0
9.32,-2.5,0,0
-3.26,0.19,0,0
-3.2,-1.27,0,0
10.2,-0.97,0,0
10.91,-1.36,0,0
-4.94,10.15,0,0
12.51,-3.44,1,0
13.66,-1.9,1,0
13.34,-0.72,1,0
10.09,-0.3,0,0
9.11,9.53,0,0
14.31,-1.86,1,0
-3.31,1.46,1,0
11.7,-1.11,0,0
8.52,13.48,0,0
9.7,13.62,0,0
12.37,10.85,1,0
9.4,-2.97,0,0
11.48,-3.47,0,0
12.68,-0.83,1,0
11.05,-3.03,0,0
9.15,-1.8,0,0
10.26,13.1,0,0
-3.75,8.83,1,0
-3.09,11.03,0,0
-4.16,4.2,1,0
9.95,13.2,0,0
-2.07,-1.87,0,0
11.14,-1.22,0,0
10.87,-3.2,0,0
11.22,10.68,1,0
-2.43,-0.69,0,0
-3.29,10.57,0,0
10.04,-3.12,0,0
11.88,-3.13,0,0
-2.63,11.08,0,0
9.33,-2.44,0,0
-1.45,10.33,0,0
12.42,-0.71,1,0
12.79,-3.51,0,0
11.99,-2.88,0,0
-5.55,2.76,1,0
-2.0,10.16,0,0
9.66,14.16,0,0
10.3,10.22,0,0
10.94,-1.84,0,0
12.36,12.98,1,0
11.64,-4.07,0,0
5.59,3.78,0,0
11.1,-3.56,0,0
11.5,10.96,1,0
10.49,-4.13,0,0
-2.47,1.93,1,0
8.13,-0.85,0,0
-4.15,-0.54,0,0
-4.15,-0.74,0,0
-3.0,0.04,0,0
12.32,12.64,0,0
11.12,-2.5,0,0
11.7,-2.42,0,0
10.89,-3.58,0,0
-3.98,1.34,1,0
13.78,-1.53,1,0
9.13,13.57,0,0
-4.11,10.76,0,0
9.86,-2.94,0,0
9.21,12.46,0,0
-0.96,11.11,0,0
12.26,12.3,1,0
-2.42,-1.03,0,0
-2.58,8.07,1,0
11.27,13.14,0,0
9.28,-2.53,0,0
11.28,-0.15,1,0
11.44,-2.03,0,0
14.27,1.32,1,0
-2.05,2.29,1,0
10.95,-0.54,1,0
9.75,-4.76,0,0
10.0,17.67,0,1
9.76,-2.9,0,0
-0.79,3.15,1,0
13.22,14.08,1,0
8.99,13.6,0,0
12.02,-2.54,0,0
12.46,-1.49,1,0
-3.24,-0.58,0,0
15.15,-1.37,1,0
-3.66,9.58,0,0
-0.77,10.96,1,0
11.8,-1.87,0,0
12.12,-0.06,1,0
8.75,-1.97,0,0
15.06,-1.8,1,0
8.21,13.92,0,0
11.3,-2.06,0,0
-4.76,0.73,1,0
12.17,0.57,1,0
-3.2,10.77,0,0
12.22,-3.15,1,0
12.38,-2.82,0,0
11.6,14.13,0,0
12.76,-2.89,1,0
-2.4,1.22,1,0
11.14,-1.56,0,0
-4.82,0.03,1,0
14.85,-0.31,1,0
-2.1,-1.56,0,0
9.95,14.69,0,0
10.37,12.74,0,0
-4.23,0.75,0,0
13.34,-2.94,1,0
-3.67,11.68,0,0
9.97,14.13,0,0
10.93,-1.5,0,0
9.84,11.73,0,0
14.1,-3.21,1,0
10.62,13.81,0,0
-4.72,-0.36,1,0
-2.31,-0.28,0,0
-1.0,11.18,0,0
14.07,11.32,1,0
-2.04,1.67,1,0
-3.11,-0.14,0,0
-3.56,1.83,1,0
-4.39,3.44,1,0
11.02,10.84,0,0
11.92,-2.77,0,0
-3.48,7.94,1,0
-3.02,0.64,0,0
12.44,-2.85,1,0
-2.55,0.26,0,0
12.68,-2.44,1,0
10.84,-1.86,0,0
10.75,-3.51,0,0
11.44,12.62,1,0
12.45,-2.54,0,0
13.28,12.72,1,0
11.64,-0.63,1,0
11.41,-2.96,0,0
10.25,-3.99,0,0
13.73,-2.75,1,0
14.02,13.12,1,0
10.89,-2.28,0,0
7.24,13.8,0,0
10.5,0.18,1,0
11.04,-1.58,0,0
12.37,-0.44,1,0
11.46,-2.77,0,0
-2.44,7.53,1,0
10.4,12.52,0,0
14.08,-1.43,1,0
-1.78,9.67,1,0
-2.81,11.64,0,0
-2.88,8.15,1,0
12.21,-2.41,1,0
-1.47,9.63,1,0
-4.42,9.92,0,0
-2.76,10.68,0,0
10.77,-4.1,0,0
16.94,2.24,1,0
9.82,-0.04,1,0
14.25,1.23,1,0
9.19,12.74,0,0
7.58,-3.69,0,0
-4.23,3.16,1,0
11.37,-0.86,0,0
9.7,12.62,0,0
11.47,-3.04,0,0
10.06,-1.57,0,0
-2.72,2.17,1,0
14.26,-2.74,1,0
12.11,-3.16,0,0
-2.34,9.6,0,0
12.47,9.58,1,0
7.29,11.73,0,0
11.83,-3.16,0,0
9.52,13.33,0,0
10.57,-0.82,0,0
11.37,12.23,0,0
15.22,12.62,1,0
-3.93,0.65,0,0
12.35,-1.77,0,0
9.01,13.57,0,0
-1.41,-1.76,0,0
-1.28,9.63,0,0
13.5,13.04,1,0
15.33,-2.34,1,0
-2.46,-0.58,0,0
12.19,-0.36,1,0
9.81,12.41,0,0
-1.11,9.82,1,0
11.44,-2.56,0,0
8.91,-2.84,0,0
-0.96,7.98,1,0
9.74,13.73,0,0
8.67,13.82,0,0
-4.21,2.3,1,0
13.43,7.99,1,0
-2.51,1.75,1,0
13.62,0.35,1,0
13.33,-2.15,1,0
10.73,-3.36,0,0
10.99,-0.95,0,0
-2.54,1.05,1,0
7.9,5.68,0,0
-1.31,8.53,1,0
9.46,-1.26,0,0
-5.08,8.8,0,0
-3.08,10.53,0,0
10.78,-1.71,0,0
16.57,0.78,1,0
11.47,-1.26,0,0
11.61,-3.26,0,0
11.27,-3.22,0,0
11.65,-1.84,0,0
10.68,14.87,0,0
9.2,-2.0,0,0
-3.63,10.36,0,0
9.92,-1.09,0,0
10.59,-1.71,0,0
10.28,-2.74,0,0
15.22,0.22,1,0
-2.18,-1.54,0,0
-3.3,0.44,0,0
10.87,-1.15,0,0
12.87,14.19,0,0
11.97,-1.14,0,0
10.16,-1.24,0,0
-1.96,-1.96,0,0
8.4,11.6,0,0
11.32,-1.64,0,0
11.47,-3.32,0,0
-3.72,2.42,1,0
12.44,-1.58,0,0
9.34,13.25,0,0
9.17,-2.36,0,0
13.07,11.75,1,0
-1.19,10.03,0,0
11.4,-2.39,0,0
8.05,-1.72,0,0
-2.8,-1.66,0,0
10.21,14.49,0,0
-4.51,0.27,1,0
15.97,9.18,1,0
-3.51,-1.25,0,0
13.27,-0.94,1,0
16.31,11.01,1,0
10.27,-0.81,0,0
-2.5,8.11,1,0
-4.94,1.27,1,0
10.63,14.51,0,0
9.97,-1.2,1,0
10.94,-3.27,0,0
12.33,-2.03,0,0
-2.47,2.47,1,0
13.81,-1.69,1,0
-3.21,11.85,0,0
7.98,13.73,0,0
13.26,-3.73,1,0
-5.28,1.5,1,0
10.41,-3.89,0,0
-3.06,0.68,0,0
-4.13,1.47,1,0
9.69,-2.63,0,0
12.01,-1.74,0,0
9.85,-3.72,0,0
11.22,9.12,1,0
-2.56,11.25,0,0
10.48,-1.56,0,0
-2.92,5.76,1,0
-1.89,7.9,1,0
11.61,-2.86,0,0
9.43,-2.5,0,0
11.28,13.48,0,0
12.27,-3.73,0,0
-1.04,1.48,0,0
-2.76,0.76,0,0
15.89,11.35,1,0
-4.15,10.52,0,0
11.73,12.35,1,0
-4.28,-0.31,0,0
-2.97,10.86,0,0
14.75,-0.03,1,0
8.94,-2.35,0,0
10.04,14.59,0,0
13.23,-4.35,0,0
12.47,-1.66,0,0
9.78,-2.88,0,0
-1.74,10.46,0,0
9.0,-2.52,0,0
15.34,-0.49,1,0
8.64,-3.55,0,0
10.44,-0.56,0,0
11.23,-3.61,0,0
12.38,-0.47,1,0
-3.86,-0.25,0,0
11.54,15.2,0,0
11.53,10.5,1,0
10.52,-1.55,0,0
13.89,-0.79,1,0
5.45,4.67,0,0
-5.18,-0.51,0,0
8.81,11.53,0,0
-3.94,2.98,1,0
-2.69,0.54,1,0
10.17,12.22,0,0
11.9,10.17,1,0
13.89,0.69,1,0
-3.86,-0.14,0,0
11.13,-1.35,0,0
11.67,11.94,1,0
10.67,12.35,0,0
10.03,14.52,0,0
-2.24,-1.88,0,0
14.13,10.99,1,0
12.04,-1.67,0,0
12.54,-3.24,1,0
12.03,-4.0,0,0
10.8,10.98,1,0
-3.89,0.25,0,0
12.5,-2.12,1,0
9.71,-3.05,0,0
11.07,11.39,1,0
14.35,-1.45,1,0
11.13,14.04,0,0
7.73,14.1,0,0
15.71,13.55,1,0
10.03,12.11,0,0
11.86,13.2,0,0
-2.4,-1.46,0,0
13.25,-1.79,1,0
13.37,-0.61,0,0
-3.68,9.74,0,0
9.58,11.84,0,0
11.52,14.35,0,0
10.81,-4.42,0,0
9.62,12.86,0,0
-3.17,11.52,0,0
12.54,-2.84,1,0
10.27,13.63,0,0
6.92,-1.23,0,0
-5.82,0.62,1,0
10.55,-1.78,0,0
12.61,10.46,1,0
10.56,12.4,0,0
-5.34,1.84,1,0
12.33,-1.38,1,0
13.35,-3.05,1,0
-2.98,3.71,1,0
-2.02,0.3,0,0
-2.68,7.34,1,0
11.77,-1.01,0,0
-2.27,1.65,1,0
13.52,-0.2,1,0
13.92,0.35,1,0
10.41,13.52,0,0
-4.25,1.12,1,0
15.56,-0.62,1,0
11.87,-3.23,0,0
-2.01,0.21,1,0
-1.74,9.53,0,0
-1.54,-0.42,0,0
-4.41,2.03,1,0
9.65,-2.36,0,0
-3.75,9.84,0,0
11.19,13.41,0,0
10.34,14.45,0,0
12.39,-3.75,1,0
10.62,12.76,0,0
11.3,-2.52,0,0
11.82,0.27,1,0
-2.53,9.26,1,0
12.53,-1.44,0,0
10.66,-1.26,0,0
-1.83,4.01,1,0
9.61,13.22,0,0
10.33,-1.44,0,0
1.51,5.55,0,0
-3.97,-1.33,0,0
10.68,-3.53,0,0
9.98,13.66,0,0
14.46,-0.0,1,0
10.71,13.53,0,0
9.32,12.58,0,0
13.77,8.73,1,0
-4.32,3.31,1,0
10.46,15.37,0,0
-2.53,0.79,1,0
-2.57,10.39,0,0
10.97,-1.45,0,0
15.62,10.02,1,0
16.9,10.82,1,0
12.42,-0.73,1,0
11.98,-0.97,1,0
11.81,-2.59,0,0
10.26,14.56,0,0
10.31,-2.51,0,0
9.22,13.34,0,0
-2.51,-0.76,0,0
10.0,-4.29,0,0
-2.64,3.07,1,0
10.73,14.31,0,0
12.58,12.75,1,0
11.8,14.31,0,0
9.23,-4.32,0,0
-2.36,0.98,0,0
12.25,-2.92,1,0
-1.26,7.85,1,0
-2.94,7.57,1,0
9.95,12.61,0,0
-2.05,8.14,1,0
13.8,8.39,1,0
-6.33,0.48,1,0
13.5,-3.79,1,0
10.37,-4.14,0,0
10.97,-2.21,0,0
13.88,-1.58,1,0
11.98,-3.01,0,0
10.82,12.02,0,0
14.74,13.67,1,0
-3.55,10.57,1,0
10.55,-1.25,0,0
-2.22,0.2,0,0
13.37,-0.78,1,0
10.47,9.88,1,0
10.76,9.9,1,0
8.95,-1.59,0,0
-3.56,10.86,0,0
9.84,14.31,0,0
-2.73,11.67,0,0
-3.05,-1.06,0,0
10.67,13.26,0,0
9.09,-3.14,0,0
10.99,-1.42,0,0
10.19,11.39,0,0
11.49,-2.42,0,0
-3.16,9.14,1,0
13.14,0.92,1,0
-5.11,-0.38,1,0
13.89,-3.07,1,0
-1.85,10.44,0,0
10.07,-2.23,0,0
12.86,-1.43,1,0
7.48,14.1,0,0
-4.13,0.28,0,0
12.36,-3.81,1,0
10.4,-3.93,0,0
11.04,-1.23,0,0
-2.72,-1.1,0,0
11.05,-4.1,0,0
13.04,10.1,1,0
14.07,0.13,1,0
5.94,3.9,0,0
9.38,13.4,0,0
12.22,-1.75,0,0
10.26,13.32,0,0
11.45,-0.94,1,0
10.04,13.55,0,0
11.1,-1.66,0,0
-2.88,11.06,0,0
9.12,-2.36,0,0
13.63,-2.98,1,0
-1.68,10.31,0,0
8.8,12.64,0,0
4.25,6.7,0,0
12.39,12.73,1,0
11.06,9.4,1,0
-1.67,9.54,0,0
10.5,-2.86,0,0
-2.78,0.35,0,0
8.24,-3.49,0,0
11.6,9.86,1,0
10.92,11.16,0,0
12.32,-2.38,0,0
-1.81,10.74,1,0
12.58,2.79,1,0
8.98,-1.39,0,0
9.2,10.95,0,0
-2.81,6.36,0,0
11.69,-0.9,1,0
12.16,-4.1,0,0
13.59,-1.88,1,0
13.62,-2.55,1,0
12.51,12.41,1,0
9.61,-1.82,0,0
5.76,6.62,0,0
9.44,13.27,0,0
8.04,13.47,0,0
17.15,0.97,1,0
-4.46,1.25,1,0
-3.99,4.09,1,0
10.3,-2.05,0,0
12.59,-0.45,1,0
11.53,-1.4,0,0
-4.48,0.92,0,0
-3.6,10.56,0,0
11.93,0.28,1,0
10.12,12.01,0,0
13.43,-3.22,1,0
11.71,-0.9,1,0
14.7,-1.36,1,0
11.77,12.28,1,0
8.6,-1.3,0,0
8.91,12.14,0,0
13.83,-1.62,1,0
-3.51,0.19,0,0
11.31,-2.84,0,0
11.52,-1.29,0,0
12.09,12.4,0,0
11.92,-1.18,0,0
11.66,-4.3,0,0
-3.72,0.97,1,0
-3.54,0.48,0,0
-4.04,-0.69,0,0
12.83,-0.95,1,0
-2.06,0.48,1,0
10.13,-1.21,0,0
-5.67,0.49,1,0
-4.17,11.36,1,0
9.42,10.41,0,0
13.44,11.9,1,0
9.86,-3.34,0,0
10.51,-1.48,0,0
-1.69,10.45,0,0
12.73,11.85,1,0
-2.36,0.42,0,0
-2.22,11.73,0,0
-3.42,10.24,0,0
11.12,0.52,1,0
-1.81,11.22,0,0
11.31,-3.95,0,0
-2.44,0.78,1,0
9.29,13.65,0,0
9.24,12.94,0,0
-2.76,-0.98,0,0
-2.0,-0.61,0,0
10.52,-1.36,1,0
11.36,-2.69,0,0
4.64,5.62,0,0
-2.94,0.72,0,0
8.5,-2.63,0,0
10.08,-1.48,0,0
9.86,12.95,0,0
13.13,-0.43,1,0
-1.82,-1.11,0,0
10.42,-4.46,0,0
10.57,13.87,0,0
10.49,-3.64,0,0
-2.62,-0.08,1,0
14.29,12.06,1,0
12.74,-2.37,0,0
12.62,-0.45,1,0
11.64,12.86,1,0
-5.07,3.3,1,0
-1.03,11.46,0,0
9.75,-2.13,0,0
9.24,-2.27,0,0
11.43,-0.82,1,0
13.73,-0.76,1,0
11.68,-3.11,0,0
14.51,-0.24,1,0
-0.83,6.26,1,0
9.34,13.03,0,0
12.81,-2.39,1,0
9.97,-3.95,0,0
11.28,-1.13,0,0
8.54,-2.63,0,0
10.94,-2.3,0,0
13.05,-2.75,1,0
11.2,13.08,0,0
10.03,11.92,0,0
12.69,-2.37,0,0
-4.85,9.14,0,0
10.24,-3.88,0,0
-2.52,1.98,1,0
-3.83,13.73,0,1
13.11,-2.4,1,0
9.03,13.31,0,0
-1.74,9.16,1,0
9.94,-2.93,0,0
12.0,11.47,0,0
-3.68,9.62,0,0
16.56,-0.43,1,0
12.24,9.16,1,0
11.69,12.48,0,0
0.99,2.89,0,0
10.77,14.59,0,0
-4.64,-0.99,0,0
13.18,9.65,1,0
-2.23,4.13,1,0
11.14,-5.89,0,0
-1.41,1.49,1,0
12.65,-2.41,0,0
-0.6,10.52,0,0
-3.93,0.65,1,0
9.86,12.27,0,0
10.92,14.06,0,0
-4.06,0.23,0,0
12.18,-1.6,0,0
9.24,13.38,0,0
10.44,12.43,0,0
9.98,13.8,0,0
11.32,-3.04,0,0
9.54,10.09,1,0
10.95,-3.11,0,0
-3.27,10.89,0,0
13.05,1.62,1,0
-4.12,8.49,1,0
-0.5,10.1,0,0
-4.41,1.09,1,0
11.62,12.39,1,0
-1.12,10.11,0,0
10.05,14.22,0,0
11.86,-2.71,0,0
9.59,-2.09,0,0
-3.36,3.9,1,0
-1.87,9.36,0,0
11.03,13.59,0,0
16.08,10.13,1,0
14.56,-1.71,1,0
10.86,14.17,0,0
10.01,12.73,0,0
14.51,11.11,1,0
10.22,12.1,0,0
10.99,-1.33,0,0
11.48,13.27,0,0
-3.51,-0.5,0,0
13.82,-0.36,1,0
10.59,-1.82,0,0
-4.22,-0.82,0,0
-3.64,6.71,1,0
-3.6,-2.22,0,0
12.44,-0.59,1,0
7.82,13.59,0,0
9.86,12.76,0,0
11.19,13.19,0,0
17.4,1.12,1,0
11.0,-1.21,0,0
10.9,-1.22,0,0
14.66,11.84,1,0
-2.08,1.64,1,0
-3.07,11.51,0,0
9.43,14.35,0,0
-2.27,8.27,1,0
9.97,11.98,0,0
9.33,13.88,0,0
8.91,12.37,0,0
9.76,13.89,0,0
-3.32,0.71,0,0
12.51,-2.17,0,0
-3.81,9.6,0,0
14.58,-1.45,1,0
9.56,11.96,0,0
11.33,-3.11,0,0
-2.59,1.68,1,0
11.07,-3.05,0,0
14.0,12.88,1,0
-4.29,11.11,0,0
13.22,10.22,1,0
11.41,-3.82,0,0
-2.52,9.48,1,0
-2.54,10.57,0,0
13.11,12.15,1,0
13.16,11.17,1,0
8.92,13.18,0,0
-3.71,1.97,1,0
11.85,13.2,0,0
10.5,-3.93,0,0
-2.86,9.61,1,0
12.1,-1.18,1,0
10.8,-3.59,0,0
10.75,12.4,0,0
12.03,-1.6,0,0
12.74,2.18,1,0
12.32,11.78,1,0
6.62,3.15,0,0
10.68,-4.4,0,0
10.54,13.02,0,0
-3.04,10.08,0,0
9.12,-1.25,0,0
13.27,-1.92,1,0
-0.86,-0.98,0,0
-2.77,9.53,1,0
14.98,12.54,1,0
9.54,-3.37,0,0
10.83,-1.16,0,0
11.38,-1.07,1,0
-0.95,10.17,1,0
-1.72,8.77,1,0
-3.28,10.18,0,0
8.65,13.26,0,0
9.35,-2.17,0,0
-3.08,1.11,1,0
11.73,-3.25,0,0
10.59,-1.72,0,0
9.34,14.04,0,0
11.19,14.33,0,0
10.3,-1.86,0,0
17.08,1.56,1,0
10.99,-2.05,0,0
-4.56,9.68,0,0
11.39,-2.63,0,0
12.87,8.14,1,0
-2.23,11.69,0,0
-1.58,11.66,0,0
12.82,10.61,1,0
9.93,10.66,0,0
16.57,-0.18,1,0
-3.7,11.65,0,0
10.75,-1.89,0,0
-3.34,-0.29,0,0
-3.05,2.56,1,0
11.37,-3.34,0,0
-2.78,4.58,1,0
-4.39,8.32,1,0
11.27,13.38,0,0
-1.33,10.54,0,0
2.39,4.12,0,0
11.8,11.88,1,0
15.17,0.57,1,0
9.86,-2.81,0,0
9.19,10.85,0,0
10.57,9.94,1,0
11.47,-3.25,0,0
10.7,14.55,0,0
12.56,-1.86,0,0
9.81,-1.91,0,0
12.31,9.26,1,0
9.77,-2.92,0,0
10.98,12.22,1,0
9.47,-3.22,0,0
-5.44,0.68,0,0
11.46,-2.89,0,0
9.72,12.9,0,0
-1.32,7.69,1,0
-1.64,0.6,0,0
-2.58,11.17,0,0
9.44,-1.94,0,0
-3.76,7.88,1,0
13.38,-2.21,1,0
9.55,-3.85,0,0
10.98,-3.8,0,0
8.59,-4.6,0,0
11.5,11.3,1,0
9.93,-2.56,0,0
11.25,15.2,0,0
12.76,12.71,1,0
10.87,-1.13,0,0
12.91,-1.03,1,0
13.95,8.93,1,0
10.87,13.56,0,0
11.67,-2.86,0,0
9.74,12.88,0,0
11.91,-3.31,0,0
12.6,-3.49,0,0
12.28,-0.87,0,0
13.64,-2.33,1,0
9.95,12.76,0,0
10.97,-3.45,0,0
10.61,-1.39,0,0
-3.53,8.89,1,0
-3.17,0.0,0,0
11.84,14.03,0,0
8.83,13.05,0,0
12.15,-1.0,1,0
8.85,-2.97,0,0
11.13,-3.88,0,0
10.48,12.63,0,0
-2.87,0.14,0,0
9.23,-2.11,0,0
-2.85,9.54,0,0
11.16,13.35,0,0
7.89,-2.25,0,0
8.37,13.18,0,0
9.51,13.29,0,0
-4.69,2.87,1,0
11.15,-1.04,0,0
12.26,12.02,1,0
12.18,-3.3,1,0
11.17,-3.38,0,0
9.79,12.1,0,0
16.86,1.43,1,0
10.08,11.64,0,0
11.77,13.57,0,0
13.23,12.25,1,0
10.52,-2.35,0,0
12.01,9.12,1,0
-1.45,1.75,1,0
10.38,13.3,0,0
11.77,-2.98,0,0
-2.67,1.37,1,0
14.13,-1.75,1,0
-2.77,7.97,1,0
-3.0,-0.15,0,0
9.46,13.23,0,0
6.72,12.6,0,0
14.83,10.7,1,0
-4.05,-0.23,0,0
11.77,-1.54,0,0
-2.48,2.18,1,0
-3.54,1.31,1,0
10.62,-2.07,0,0
15.48,-1.75,1,0
-3.75,0.35,0,0
11.14,-1.86,0,0
-4.48,2.18,1,0
14.32,-0.4,0,0
-3.13,-0.7,0,0
11.64,-3.76,0,0
14.0,-3.15,1,0
-1.99,10.28,0,0
9.69,-3.18,0,0
14.97,9.86,1,0
-3.4,5.29,1,0
-3.2,-0.4,0,0
7.19,-3.12,0,0
11.86,-1.78,0,0
12.18,-4.12,1,0
10.93,-1.25,0,0
10.63,-1.22,0,0
10.58,11.64,0,0
-3.92,0.26,0,0
11.16,-1.21,0,0
-2.68,-0.69,0,0
9.1,12.23,0,0
10.41,15.16,0,0
3.24,5.22,0,0
10.95,-0.66,0,0
13.12,-2.39,1,0
-4.33,-0.01,0,0
-0.36,8.16,1,0
12.17,-1.12,1,0
10.89,-1.85,0,0
9.34,13.04,0,0
10.57,-2.32,0,0
9.43,-3.11,0,0
11.46,10.98,1,0
11.15,14.64,0,0
12.11,-2.36,0,0
9.39,-3.23,0,0
12.03,-1.63,0,0
10.95,-1.4,0,0
8.44,-2.38,0,0
9.98,11.94,0,0
-2.87,-1.53,0,0
10.11,-0.87,0,0
10.91,-1.62,0,0
10.57,12.3,0,0
16.68,10.6,1,0
12.98,-0.62,1,0
7.64,12.93,0,0
10.56,13.72,0,0
-5.39,0.27,1,0
9.52,-1.57,0,0
11.23,12.95,0,0
13.79,-0.6,1,0
9.37,12.57,0,0
9.2,-2.78,0,0
-3.79,0.04,0,0
11.75,-2.79,0,0
11.64,-2.65,0,0
9.66,14.07,0,0
-3.98,10.64,0,0
13.14,11.58,1,0
-3.09,1.11,1,0
9.93,11.91,0,0
-4.23,3.29,1,0
10.86,14.52,0,0
9.07,-2.71,0,0
11.7,-2.58,0,0
10.68,-3.17,0,0
11.49,-0.61,1,0
11.66,-1.75,0,0
10.75,12.91,0,0
-3.89,0.28,0,0
10.8,-3.58,0,0
8.93,12.12,0,0
13.7,-0.43,1,0
11.23,12.74,1,0
1.48,3.85,0,0
11.35,-3.53,0,0
10.66,-5.94,0,0
6.43,2.15,0,0
11.05,-3.33,0,0
13.54,-2.18,1,0
-3.63,11.49,0,0
8.02,-4.56,0,0
-4.81,0.46,1,0
12.2,-1.05,0,0
-3.22,10.09,0,0
9.81,-3.58,0,0
-2.47,11.26,0,0
-3.36,-0.37,0,0
11.21,-2.35,0,0
-4.15,-0.92,0,0
-4.26,1.3,1,0
10.34,-1.57,0,0
11.5,-0.3,1,0
-3.62,0.22,0,0
-1.05,9.28,0,0
16.52,11.61,1,0
12.7,-1.38,1,0
-0.61,-1.08,0,0
-1.97,-0.28,0,0
11.87,12.07,1,0
10.4,-1.72,0,0
10.23,14.38,0,0
-3.82,-0.75,0,0
11.05,13.17,0,0
11.42,-0.92,0,0
-3.21,-0.9,0,0
10.7,13.9,0,0
-1.39,10.9,1,0
10.59,-3.39,0,0
10.91,12.02,0,0
-2.79,10.19,1,0
10.18,12.02,0,0
13.65,-1.39,1,0
10.67,9.91,1,0
-2.89,0.22,0,0
3.42,5.29,0,0
-5.86,2.35,1,0
12.72,-4.68,0,0
11.22,-1.83,0,0
-3.82,1.5,1,0
9.92,-4.08,0,0
8.78,12.4,0,0
13.32,-0.61,1,0
12.88,9.5,1,0
-1.94,10.47,0,0
-2.68,-0.68,0,0
-2.67,9.63,0,0
-3.43,0.07,0,0
10.53,12.27,0,0
14.26,13.22,1,0
9.71,12.55,0,0
13.23,-1.78,1,0
11.37,-2.95,0,0
-0.99,10.61,0,0
-4.15,11.32,0,0
14.22,2.03,1,0
-1.82,10.67,0,0
8.93,-4.53,0,0
13.96,-2.32,1,0
1.15,4.7,0,0
5.16,3.6,0,0
-3.87,0.28,0,0
11.72,13.28,1,0
12.69,11.52,1,0
10.95,-3.87,0,0
10.9,14.47,0,0
-2.32,0.18,0,0
13.54,-0.47,1,0
15.12,-1.6,1,0
12.57,-0.45,1,0
11.23,12.81,0,0
14.25,-0.39,1,0
10.86,-2.45,0,0
11.83,-0.04,1,0
10.34,-1.95,0,0
-2.78,-0.94,0,0
-4.78,0.55,1,0
-1.34,10.68,0,0
9.17,11.29,0,0
-2.45,4.09,1,0
12.96,-0.42,1,0
-2.68,0.91,1,0
11.67,11.73,1,0
-2.25,-0.39,0,0
12.65,-2.46,1,0
10.42,11.25,0,0
12.99,-3.46,1,0
12.11,-0.34,1,0
12.37,-4.37,0,0
-2.71,9.39,1,0
-2.42,1.11,1,0
-0.34,8.96,0,0
11.71,-2.95,0,0
-2.07,11.05,0,0
14.71,1.47,1,0
13.61,10.6,1,0
11.29,13.84,0,0
11.96,12.98,1,0
-4.0,0.29,0,0
-2.75,2.11,1,0
10.74,13.81,0,0
-2.27,0.49,0,0
8.9,-2.22,0,0
8.59,-2.46,0,0
13.84,-4.0,1,0
9.37,-2.52,0,0
-3.71,-0.5,0,0
-1.97,10.41,0,0
8.06,-3.7,0,0
11.31,-3.03,0,0
9.82,-2.01,0,0
11.41,13.48,0,0
9.9,12.55,0,0
-2.92,0.78,0,0
15.6,11.1,1,0
11.1,-4.89,0,0
9.23,13.1,0,0
10.33,13.85,0,0
12.46,-4.08,1,0
10.96,-4.02,0,0
11.73,-1.42,0,0
-1.76,-1.51,0,0
9.29,14.05,0,0
-3.76,0.21,0,0
-2.81,9.23,0,0
9.25,13.7,0,0
10.4,11.71,0,0
10.13,-2.86,0,0
1.25,3.45,0,0
-5.21,0.87,1,0
11.34,-3.15,0,0
11.25,12.02,1,0
10.19,13.01,0,0
10.72,-2.05,0,0
12.29,12.5,0,0
10.5,-3.45,0,0
9.85,11.96,0,0
-4.78,0.37,1,0
12.62,-2.16,1,0
10.76,-2.09,0,0
9.89,-2.14,0,0
11.75,11.36,1,0
9.81,-2.15,0,0
-2.95,9.03,1,0
-2.6,-0.35,0,0
-3.68,9.52,1,0
9.47,12.54,0,0
10.4,14.77,0,0
13.82,-2.94,1,0
-4.3,-0.44,0,0
14.78,10.08,1,0
11.3,-4.65,0,0
10.2,14.41,0,0
-3.08,9.86,0,0
10.93,-4.36,0,0
11.74,-0.9,1,0
7.82,13.94,0,0
10.55,14.68,0,0
10.67,-0.77,1,0
5.96,2.62,0,0
-2.25,6.68,1,0
10.54,-1.72,0,0
11.75,15.15,0,0
-2.36,9.46,1,0
-3.87,0.06,0,0
-3.44,9.83,0,0
13.0,-0.56,1,0
4.96,4.3,0,0
14.72,8.65,1,0
-1.15,1.76,1,0
9.83,-0.86,0,0
10.09,11.87,0,0
14.92,-2.72,1,0
10.72,-3.3,0,0
-2.74,1.7,1,0
7.1,4.01,0,0
-1.44,12.74,0,0
9.63,-2.11,0,0
9.86,12.66,0,0
12.02,-4.21,1,0
-3.78,0.41,0,0
-3.79,11.19,0,0
12.39,-0.28,0,0
-3.22,10.84,0,0
8.38,13.9,0,0
11.3,-3.13,0,0
9.19,13.22,0,0
15.51,11.66,1,0
11.9,-0.25,1,0
11.33,14.32,0,0
-2.77,-0.58,0,0
-3.47,3.57,1,0
11.39,-4.23,0,0
-1.62,0.18,0,0
9.67,-2.04,0,0
8.13,-1.77,0,0
10.68,13.3,0,0
12.99,8.95,1,0
10.9,-1.99,0,0
12.64,12.73,1,0
13.59,0.88,1,0
7.16,11.61,0,0
15.14,-0.52,1,0
9.64,-2.47,0,0
11.02,-4.28,0,0
12.87,-2.02,0,0
11.05,-2.98,0,0
11.6,10.33,1,0
10.1,11.89,0,0
12.49,10.41,1,0
8.19,11.96,0,0
13.97,11.16,1,0
14.87,2.89,1,0
10.84,-1.98,0,0
11.88,11.41,1,0
8.52,13.32,0,0
13.03,0.59,1,0
-2.28,1.59,1,0
13.53,-2.07,1,0
-1.98,-0.94,0,0
10.03,-1.53,0,0
12.27,-3.91,1,0
-3.33,0.95,1,0
12.77,-2.09,0,0
9.93,-1.81,0,0
-2.79,4.11,1,0
4.69,7.23,0,0
8.8,-3.09,0,0
-4.55,8.9,1,0
12.3,-0.65,1,0
-3.08,3.49,1,0
11.03,-3.39,0,0
8.95,12.28,0,0
-2.37,-0.26,0,0
12.37,-2.85,0,0
10.12,9.64,0,0
12.51,-2.95,1,0
11.61,14.17,0,0
10.51,-3.74,0,0
11.22,12.74,0,0
13.27,1.9,1,0
-0.79,9.89,1,0
-2.84,0.63,1,0
11.62,-2.55,0,0
9.57,13.79,0,0
13.85,-3.08,0,0
11.83,-3.81,0,0
-4.24,1.14,1,0
11.71,-2.82,0,0
10.42,-2.25,0,0
-3.6,2.54,1,0
9.23,-1.61,0,0
-2.19,1.81,1,0
10.87,13.19,0,0
-2.58,-0.38,0,0
9.27,12.57,0,0
10.64,-1.68,0,0
11.88,-0.92,1,0
-3.61,2.17,1,0
14.85,-2.64,1,0
8.49,12.68,0,0
10.0,13.18,0,0
9.88,-1.83,0,0
-4.87,4.93,1,0
12.31,10.24,1,0
-3.91,3.24,1,0
9.96,-1.98,0,0
9.94,11.89,0,0
8.83,-1.65,0,0
13.48,-1.71,1,0
13.93,-0.06,1,0
9.74,12.84,0,0
14.15,-1.62,1,0
12.67,11.73,1,0
-5.91,3.28,1,0
3.05,4.66,0,0
8.25,12.35,0,0
17.49,12.22,1,0
14.63,-1.64,1,0
-3.15,4.06,1,0
-3.87,-0.43,0,0
10.48,15.26,0,0
-1.97,6.94,1,0
13.58,14.15,1,0
-2.09,9.99,0,0
10.51,13.48,0,0
9.69,-3.53,0,0
10.3,14.48,0,0
9.11,-0.18,0,0
-5.33,4.32,1,0
11.43,-1.09,1,0
10.36,-1.71,0,0
-2.48,3.81,1,0
14.19,-2.16,1,0
11.5,-3.08,0,0
-2.51,10.49,0,0
10.18,-4.04,0,0
-1.73,10.56,0,0
11.79,15.44,0,0
11.11,16.29,0,0
-2.57,-0.06,0,0
16.41,-1.08,1,0
10.84,12.25,0,0
11.9,10.4,1,0
5.89,3.57,0,0
-3.68,8.73,1,0
-3.5,8.89,1,0
10.13,11.87,0,0
12.51,-0.61,1,0
9.81,12.64,0,0
14.41,-0.56,1,0
7.53,13.69,0,0
11.44,0.39,1,0
11.17,12.56,0,0
-6.78,7.37,1,1
13.74,-2.06,1,0
11.2,-0.28,0,0
9.6,13.05,0,0
-1.47,8.58,1,0
9.75,13.34,0,0
-5.23,0.34,0,0
-1.08,6.86,1,0
12.04,-2.58,0,0
8.53,12.27,0,0
12.75,13.56,1,0
11.6,-3.15,0,0
11.15,-3.39,0,0
11.92,14.86,0,0
13.74,-1.08,1,0
11.17,-2.17,0,0
10.7,14.68,0,0
11.54,-3.34,0,0
11.34,13.67,0,0
9.79,11.92,0,0
-3.93,-0.97,0,0
13.12,-1.11,1,0
10.47,11.25,0,0
9.9,-1.13,0,0
12.19,-3.22,0,0
-3.43,6.26,1,0
14.85,-1.11,1,0
-1.47,9.57,1,0
12.04,-2.57,0,0
12.78,13.33,1,0
11.46,12.47,0,0
-1.76,9.18,1,0
14.26,0.58,1,0
-4.11,0.59,1,0
10.85,-3.67,0,0
-4.08,1.05,0,0
9.39,-1.1,0,0
-2.91,10.94,1,0
-1.15,1.69,1,0
10.9,-0.93,0,0
10.07,13.16,0,0
8.44,14.31,0,0
9.5,-2.75,0,0
8.9,-3.65,0,0
10.63,-3.76,0,0
-4.17,0.27,0,0
12.11,13.42,1,0
-3.15,8.44,1,0
10.81,12.96,0,0
9.98,12.54,0,0
12.32,-2.47,0,0
-3.39,9.61,1,0
-5.28,0.57,1,0
9.48,-1.85,0,0
10.8,11.99,1,0
7.1,5.85,0,0
12.24,13.26,1,0
-4.05,2.14,1,0
12.72,-2.28,0,0
12.44,0.42,1,0
12.29,-2.86,0,0
-0.26,2.71,0,0
-4.49,1.63,1,0
7.92,13.69,0,0
10.42,11.39,0,0
-1.97,8.04,1,0
10.31,-3.23,0,0
11.47,-2.55,0,0
13.0,10.38,1,0
-2.23,0.82,1,0
-3.83,-0.64,0,0
13.06,-1.79,1,0
9.87,12.8,0,0
-2.04,1.35,1,0
9.61,8.17,1,0
14.12,-0.34,1,0
13.93,-4.03,1,0
-4.92,0.39,1,0
-2.28,7.07,1,0
-3.61,-0.81,0,0
-2.68,0.31,0,0
-3.64,9.09,0,0
11.06,13.23,0,0
10.63,-1.94,0,0
-3.4,10.65,0,0
-2.32,0.21,0,0
11.2,-2.53,0,0
10.08,-4.4,0,0
11.34,13.13,0,0
14.32,12.97,1,0
9.91,12.51,0,0
-2.29,0.93,1,0
12.33,-0.34,1,0
-3.84,1.29,0,0
11.81,11.58,1,0
9.32,15.54,0,0
9.32,12.43,0,0
12.0,-0.43,1,0
10.91,-1.76,0,0
-2.03,6.93,1,0
13.72,-1.14,1,0
-1.76,8.77,1,0
10.81,14.69,0,0
12.22,-0.26,1,0
12.22,-1.65,0,0
14.57,-2.9,1,0
10.76,-2.37,0,0
12.27,9.13,1,0
-3.23,11.05,0,0
12.5,-4.27,1,0
9.27,-2.81,0,0
5.88,5.71,0,0
-4.14,-1.44,0,0
10.92,-1.47,0,0
-3.01,7.97,1,0
11.1,15.82,0,0
-4.35,1.25,1,0
7.11,-0.27,0,0
10.06,-1.85,0,0
12.22,11.01,1,0
13.66,12.12,1,0
10.85,10.68,0,0
11.06,12.1,0,0
10.94,-1.71,0,0
-2.59,0.44,1,0
-4.16,0.44,0,0
12.55,11.96,1,0
-3.67,-0.88,0,0
10.47,-4.37,0,0
11.36,-2.12,0,0
-5.37,4.66,1,0
12.17,10.82,1,0
-4.13,-0.66,0,0
13.15,-1.92,0,0
11.95,-0.53,0,0
-1.83,9.74,1,0
12.07,-2.8,0,0
-2.91,7.85,1,0
10.34,15.66,0,0
-3.63,-1.36,0,0
10.59,-1.91,0,0
8.31,13.07,0,0
12.05,-3.8,0,0
-1.08,9.86,0,0
-2.11,1.07,1,0
-2.9,11.13,0,0
-1.58,1.74,0,0
-3.78,0.1,0,0
11.27,-3.97,0,0
-0.62,-2.3,0,0
13.92,12.57,1,0
10.12,-1.28,0,0
11.94,-2.82,0,0
11.18,12.43,1,0
12.76,-2.06,1,0
8.95,14.19,0,0
15.25,12.72,1,0
10.67,-4.88,0,0
11.22,-1.02,0,0
12.43,-3.73,1,0
10.71,14.66,0,0
-5.52,5.93,1,0
-3.95,9.27,1,0
8.45,14.01,0,0
11.29,14.02,0,0
9.92,12.32,0,0
12.62,10.44,1,0
15.81,-0.3,1,0
10.5,-4.07,0,0
9.52,11.31,0,0
10.89,-2.98,0,0
-3.09,2.97,1,0
10.96,-1.44,0,0
-1.6,10.23,0,0
11.3,9.96,1,0
12.02,-4.16,1,0
15.6,-0.82,1,0
-3.96,-0.54,0,0
12.47,-3.2,1,0
-4.26,-0.08,0,0
10.79,-1.22,0,0
7.43,-4.85,0,0
11.72,-1.0,1,0
10.09,13.23,0,0
12.06,-3.64,0,0
-3.41,1.43,1,0
8.81,14.53,0,0
9.47,11.99,0,0
-2.38,-0.35,0,0
12.12,-1.98,0,0
12.49,-0.81,1,0
13.54,13.0,1,0
-1.7,10.83,0,0
-3.93,1.07,1,0
15.64,12.29,1,0
9.17,-1.62,0,0
9.96,-3.85,0,0
10.01,12.24,0,0
10.59,12.67,0,0
10.64,-3.23,0,0
-4.01,0.52,1,0
9.1,-1.63,0,0
-2.61,8.97,1,0
10.54,8.34,1,0
11.22,-1.81,0,0
8.16,-2.03,0,0
12.19,-2.32,0,0
11.28,10.81,1,0
10.45,0.26,1,0
11.92,12.89,1,0
10.7,11.1,0,0
-2.31,-1.28,0,0
-2.51,1.85,1,0
12.21,-1.2,0,0
-5.49,2.83,1,0
-4.27,2.14,1,0
9.58,-4.24,0,0
-1.42,10.37,0,0
10.99,15.93,0,0
-2.2,11.08,0,0
15.03,-0.79,1,0
10.11,14.32,0,0
11.45,-3.12,0,0
11.91,14.65,0,0
10.63,11.73,0,0
9.87,-3.39,0,0
-4.2,0.74,1,0
12.16,11.6,1,0
9.33,12.53,0,0
11.04,-1.54,0,0
12.1,-1.2,0,0
12.51,10.31,1,0
-4.5,10.46,0,0
-4.12,-0.39,0,0
12.64,-2.4,0,0
-1.12,11.63,1,0
12.39,14.03,0,0
12.04,-0.77,1,0
12.32,-2.55,0,0
12.48,-2.76,0,0
10.44,-3.29,0,0
-2.99,11.09,0,0
7.86,-2.29,0,0
8.74,14.36,0,0
9.44,-2.26,0,0
-1.96,7.92,1,0
11.55,-1.2,0,0
13.25,-2.47,1,0
-3.92,2.4,1,0
-0.68,11.0,0,0
-3.84,-0.38,0,0
-3.14,2.79,1,0
9.69,-2.17,0,0
9.9,-2.98,0,0
11.8,-2.83,0,0
10.33,-2.52,0,0
15.49,-1.46,1,0
11.41,-2.95,0,0
9.61,-3.19,0,0
-4.93,2.02,1,0
-3.71,6.96,1,0
12.56,-2.43,0,0
8.58,11.98,0,0
-1.09,9.02,1,0
12.22,10.96,1,0
10.16,11.33,1,0
12.48,-1.3,1,0
11.06,-1.94,0,0
12.25,-0.57,1,0
8.88,13.49,0,0
-5.85,3.36,1,0
-3.28,-2.44,0,0
11.63,-1.91,1,0
9.27,10.77,0,0
11.2,-3.99,0,0
9.92,-1.28,0,0
-2.88,1.64,1,0
10.53,12.44,0,0
16.99,1.0,1,0
-4.18,0.37,0,0
10.21,-3.68,0,0
11.96,13.18,1,0
8.31,13.3,0,0
11.12,13.29,0,0
12.84,-1.42,1,0
12.67,-2.48,0,0
11.21,-1.97,0,0
16.07,-2.3,1,0
0.52,12.12,0,1
-3.53,10.93,0,0
11.52,-3.01,0,0
9.05,-1.89,0,0
10.47,14.06,0,0
13.19,-0.39,1,0
-3.89,2.61,1,0
8.37,12.17,0,0
9.55,13.12,0,0
-4.4,1.28,1,0
10.58,-4.52,0,0
-1.82,9.53,1,0
-4.33,8.16,1,0
9.69,-3.33,0,0
10.43,13.97,0,0
11.48,12.73,0,0
12.96,0.08,1,0
11.11,11.68,0,0
11.45,13.3,0,0
10.83,-3.36,0,0
-3.56,0.43,1,0
-2.96,2.88,1,0
-3.51,7.96,1,0
12.08,10.85,1,0
12.19,11.21,0,0
-3.35,7.53,1,0
13.47,-0.31,1,0
11.86,-1.07,1,0
11.37,-3.32,0,0
-0.66,2.97,1,0
8.78,14.0,0,0
13.34,0.78,1,0
12.04,-3.5,0,0
-2.39,-1.11,0,0
-4.49,3.96,1,0
11.31,12.67,0,0
-5.12,0.03,1,0
-3.41,10.58,0,0
7.94,13.52,0,0
9.74,13.77,0,0
-0.71,7.65,1,0
-2.39,-3.15,0,0
-6.12,8.31,1,0
10.85,14.25,0,0
14.52,0.16,1,0
13.0,-4.99,1,0
9.76,-3.42,0,0
11.12,-2.01,0,0
10.31,-1.61,0,0
10.45,-3.13,0,0
8.9,13.4,0,0
9.91,11.83,0,0
13.63,-1.48,1,0
-3.21,10.47,0,0
12.99,-0.21,1,0
11.58,-2.31,0,0
13.55,10.69,1,0
15.0,-0.61,1,0
15.34,9.74,1,0
13.13,-5.76,0,0
7.76,-4.32,0,0
-1.64,-2.62,0,0
11.96,-3.03,1,0
-2.76,-0.39,0,0
-2.5,-0.09,1,0
11.14,-1.84,0,0
15.34,0.62,1,0
9.42,12.8,0,0
9.78,-2.43,0,0
-3.25,11.1,0,0
10.79,12.01,0,0
12.02,-5.06,0,0
-2.66,11.25,0,0
10.49,12.88,0,0
9.01,-2.38,0,0
12.25,0.04,1,0
10.28,-1.96,0,0
11.15,-2.16,0,0
-2.2,-0.36,0,0
-2.19,9.4,1,0
-3.51,11.03,0,0
10.51,-3.26,0,0
12.23,10.63,1,0
9.9,-2.02,0,0
-3.03,2.73,1,0
10.04,-3.61,0,0
-3.17,0.31,0,0
-2.13,2.6,1,0
-1.38,10.4,0,0
-1.4,10.49,0,0
14.04,-2.12,1,0
-3.2,0.19,0,0
10.3,-1.74,0,0
12.46,-1.34,0,0
-1.52,8.44,1,0
12.83,-0.58,1,0
10.15,13.31,0,0
10.38,14.01,0,0
9.63,12.75,0,0
13.08,15.1,1,0
-2.39,8.26,1,0
12.33,-1.02,1,0
11.22,12.99,0,0
11.29,-3.75,0,0
-4.7,2.76,1,0
-2.91,0.1,1,0
-3.58,0.26,1,0
11.08,11.87,1,0
14.3,-1.4,1,0
11.44,13.91,0,0
10.85,13.33,0,0
10.37,11.1,1,0
10.62,12.02,0,0
11.87,12.17,0,0
11.61,13.59,0,0
11.1,-2.24,0,0
10.44,14.53,0,0
12.62,11.19,1,0
12.21,-2.12,1,0
12.52,-0.95,1,0
12.68,12.86,1,0
-2.14,-0.42,0,0
13.32,11.2,1,0
13.76,-0.08,1,0
-3.87,0.77,1,0
10.71,-1.95,0,0
10.68,-2.54,0,0
-1.76,10.61,0,0
-3.79,-1.12,0,0
10.46,-1.74,0,0
12.0,-0.86,0,0
12.36,-2.54,0,0
7.17,14.42,0,0
9.66,-1.71,0,0
11.35,-0.85,1,0
-3.85,-1.54,0,0
8.45,-1.49,0,0
9.03,12.52,0,0
5.27,3.95,0,0
16.15,8.94,1,0
10.37,13.21,0,0
12.07,11.02,1,0
11.4,-2.74,0,0
10.89,-3.84,0,0
9.64,-2.15,0,0
-1.78,0.78,1,0
5.42,7.56,0,0
0.0,8.1,1,0
-2.0,3.08,1,0
10.5,13.65,0,0
-0.43,11.15,0,0
13.49,-4.1,1,0
-4.21,-0.52,0,0
-3.7,0.42,0,0
12.66,-2.58,1,0
-6.56,1.83,1,0
-2.45,1.42,1,0
-4.3,10.59,0,0
-3.57,7.64,1,0
13.52,-3.67,1,0
9.71,-0.16,1,0
11.2,-3.05,0,0
9.9,-1.88,0,0
6.38,3.43,0,0
11.38,0.71,1,0
10.49,13.02,0,0
12.12,13.23,0,0
10.9,-2.31,0,0
9.07,-2.9,0,0
13.78,-1.19,1,0
10.7,-2.61,0,0
9.28,-2.14,0,0
-3.18,8.67,1,0
12.34,12.59,1,0
9.75,14.43,0,0
12.13,-1.12,0,0
-3.38,-0.45,0,0
6.34,4.75,0,0
9.68,-4.01,0,0
9.69,14.76,0,0
9.65,14.37,0,0
-3.58,-0.51,0,0
-2.34,0.21,0,0
11.64,-2.22,0,0
14.06,8.58,1,0
-4.54,0.42,1,0
12.83,-2.88,1,0
11.1,14.03,0,0
12.24,-0.65,1,0
12.61,-0.37,1,0
11.69,-4.18,0,0
11.06,-1.3,0,0
11.2,-1.42,0,0
5.67,4.17,0,0
10.94,-1.33,0,0
-3.41,2.32,1,0
11.85,-1.46,0,0
15.57,1.68,1,0
-2.68,0.93,1,0
13.61,13.31,1,0
-1.56,-0.02,0,0
-0.96,10.48,0,0
9.74,14.88,0,0
11.43,-3.43,0,0
11.63,-3.4,0,0
10.03,14.21,0,0
9.83,-1.96,0,0
15.17,-1.53,1,0
10.63,12.28,0,0
12.89,-2.32,1,0
13.89,10.94,1,0
-2.22,-1.37,0,0
12.04,-3.17,0,0
9.23,12.47,0,0
11.18,-2.04,0,0
-5.07,1.29,1,0
15.23,8.03,1,0
-4.03,-0.58,0,0
13.36,-0.97,1,0
12.62,-4.19,1,0
-3.24,6.03,1,0
14.99,10.22,1,0
-3.29,8.02,1,0
13.38,14.39,1,0
12.42,-0.55,0,0
-3.91,-0.32,0,0
9.77,-1.09,0,0
13.4,-0.28,1,0
9.84,13.2,0,0
10.64,-3.85,0,0
9.03,-0.46,0,0
9.01,-2.49,0,0
11.99,0.2,1,0
-5.07,-0.11,0,0
-2.67,12.24,0,0
-3.85,11.1,0,0
8.18,13.89,0,0
-4.12,-0.03,0,0
10.46,10.97,0,0
11.55,-1.21,0,0
9.14,14.61,0,0
11.61,-1.78,0,0
12.19,-4.74,0,0
11.44,-1.07,1,0
13.71,11.48,1,0
5.34,3.96,0,0
10.38,14.25,0,0
10.73,-1.64,0,0
11.07,-1.97,0,0
13.13,11.64,1,0
16.14,9.15,1,0
12.36,-3.31,1,0
7.67,12.79,0,0
-0.43,0.77,1,0
12.66,-1.28,1,0
-3.31,9.33,1,0
-2.88,0.09,0,0
12.41,-4.58,1,0
10.72,-1.58,0,0
11.57,12.78,1,0
12.32,13.36,1,0
13.03,-6.96,1,1
10.06,11.95,0,0
-2.46,0.99,1,0
8.36,13.3,0,0
-1.39,5.99,1,0
-3.47,2.68,1,0
13.42,15.07,0,0
13.4,7.17,1,0
13.19,-5.08,1,0
16.27,0.11,1,0
9.22,13.46,0,0
8.87,12.01,0,0
-3.56,11.78,0,0
1.31,3.64,0,0
7.59,-1.71,0,0
12.49,-2.61,1,0
10.34,10.32,1,0
9.18,12.67,0,0
-3.89,9.97,0,0
11.43,0.84,1,0
11.68,-2.68,0,0
9.71,-2.84,0,0
12.39,12.1,1,0
-4.03,-0.51,0,0
10.76,-1.69,0,0
11.26,-4.2,0,0
11.37,-3.73,0,0
4.89,4.27,0,0
12.93,13.38,1,0
10.27,-2.97,0,0
8.94,-3.0,0,0
9.62,12.36,0,0
-1.44,9.79,0,0
12.09,12.62,1,0
10.83,13.01,0,0
10.02,-3.36,0,0
12.28,-2.73,0,0
11.57,12.39,1,0
9.1,-3.25,0,0
10.35,15.07,0,0
11.53,-1.66,0,0
12.03,-2.41,0,0
-0.37,10.38,0,0
11.46,11.39,0,0
11.58,11.22,1,0
12.52,-4.33,1,0
10.87,10.5,0,0
13.47,-3.08,1,0
10.93,11.53,1,0
-6.94,3.11,1,0
11.71,-1.97,1,0
9.4,14.2,0,0
9.8,-3.01,0,0
9.48,13.95,0,0
-3.88,-1.09,0,0
12.39,-1.03,0,0
12.54,9.99,1,0
8.46,14.86,0,0
9.28,-2.25,0,0
12.32,0.56,1,0
10.71,-1.45,0,0
-3.96,-1.57,0,0
-4.0,-0.08,0,0
11.34,12.69,0,0
14.15,-2.65,1,0
-2.62,10.86,1,0
14.3,-1.38,1,0
-3.45,10.3,0,0
11.55,-4.77,0,0
10.85,10.36,1,0
10.49,-1.9,0,0
-3.97,-0.29,0,0
8.44,-3.61,0,0
-1.9,-0.12,0,0
10.38,10.73,0,0
11.01,-1.42,0,0
9.9,12.68,0,0
-4.8,10.2,0,0
9.76,-4.71,0,0
-2.31,9.8,1,0
9.64,-1.88,0,0
10.05,-2.44,0,0
11.84,10.17,1,0
-2.54,-0.28,0,0
9.0,13.36,0,0
-5.2,1.6,1,0
11.39,-3.03,0,0
10.6,12.16,0,0
-3.54,10.09,0,0
11.01,11.5,0,0
-4.94,0.91,1,0
-2.71,0.39,0,0
9.39,-4.29,0,0
10.77,11.99,0,0
13.17,-1.95,1,0
10.83,-2.33,0,0
11.36,13.22,0,0
0.8,2.83,0,0
10.85,-2.63,0,0
10.15,-2.35,0,0
-1.78,10.36,0,0
11.15,13.26,0,0
11.92,10.04,1,0
14.49,-1.98,1,0
-2.99,0.68,0,0
15.8,-0.35,1,0
-5.5,1.41,1,0
9.7,-2.23,0,0
-2.88,0.24,0,0
11.46,-1.7,0,0
9.32,-3.49,0,0
11.95,-3.11,1,0
13.77,13.72,1,0
-3.19,10.55,0,0
12.07,11.14,1,0
12.88,-2.72,1,0
11.75,12.58,1,0
-1.59,10.92,0,0
-5.1,10.69,0,0
9.43,12.64,0,0
10.24,13.39,0,0
-2.52,4.34,1,0
11.27,-0.74,0,0
8.71,-3.9,0,0
11.15,-1.89,0,0
-2.82,0.74,1,0
-2.54,0.7,0,0
10.28,-3.76,0,0
-4.26,0.77,1,0
12.3,-5.78,1,0
10.38,14.58,0,0
10.61,-3.83,0,0
10.7,-4.24,0,0
14.78,-0.22,1,0
11.15,-2.01,0,0
11.05,-1.64,0,0
9.93,-1.86,0,0
11.09,-3.48,0,0
9.94,-1.85,0,0
10.95,13.88,0,0
-3.94,0.59,0,0
13.15,-2.56,1,0
-4.02,2.64,1,0
12.49,-1.51,1,0
-4.0,3.86,1,0
15.08,0.76,1,0
9.82,11.85,0,0
-1.11,9.75,0,0
12.66,-2.33,0,0
12.32,-1.5,1,0
11.35,14.37,0,0
11.75,12.38,0,0
-5.23,-1.2,0,0
-0.78,10.56,0,0
-4.93,1.92,1,0
11.1,-2.23,0,0
-5.08,2.3,1,0
12.51,-1.25,1,0
-2.34,8.49,1,0
12.48,-1.71,1,0
9.44,-2.27,0,0
12.19,15.26,0,0
-1.49,11.58,0,0
-2.59,10.62,0,0
11.18,13.51,0,0
-2.21,11.41,0,0
10.04,12.39,0,0
13.99,-0.2,1,0
-1.6,8.61,1,0
12.7,-0.25,1,0
9.73,-3.22,0,0
11.79,-1.8,0,0
-4.53,3.93,1,0
11.77,12.5,1,0
-2.03,8.01,1,0
8.95,13.11,0,0
9.84,-2.17,0,0
10.83,-1.38,0,0
9.73,-4.46,0,0
11.01,12.61,0,0
-3.41,-0.62,0,0
-2.67,10.23,0,0
-3.18,0.57,0,0
11.09,-1.19,1,0
7.8,13.73,0,0
13.29,10.01,1,0
10.69,-0.99,0,0
-4.02,-0.66,0,0
10.84,-1.3,0,0
-0.66,11.42,0,0
13.22,9.8,1,0
9.2,13.74,0,0
9.6,13.18,0,0
-4.22,8.18,1,0
-1.8,7.63,1,0
10.93,13.25,0,0
9.31,12.82,0,0
12.62,-1.36,1,0
8.31,14.67,0,0
3.35,4.12,0,0
8.12,13.56,0,0
-4.22,-0.89,0,0
12.31,11.29,1,0
-2.39,9.73,1,0
9.39,14.46,0,0
-2.04,-0.26,0,0
13.36,-2.52,1,0
-2.21,8.8,1,0
-3.45,2.14,1,0
10.43,12.57,0,0
-6.72,3.92,1,0
10.8,-3.66,0,0
9.92,-1.91,0,0
12.34,10.49,1,0
9.99,14.15,0,0
-1.32,10.9,0,0
9.17,-2.01,0,0
11.62,-3.61,0,0
-2.39,-0.62,0,0
7.78,14.56,0,0
9.36,-2.37,0,0
17.07,0.39,1,0
-3.55,10.64,0,0
8.9,-3.06,0,0
11.38,11.23,1,0
10.07,14.27,0,0
9.18,-2.32,0,0
-3.56,0.94,1,0
7.88,-3.56,0,0
10.81,13.72,0,0
11.67,12.43,1,0
8.5,-1.32,0,0
8.89,12.14,0,0
9.17,11.78,0,0
-4.52,3.54,1,0
9.3,11.84,0,0
-3.32,2.06,1,0
-1.91,-0.66,0,0
-2.56,7.07,1,0
15.23,11.09,1,0
-2.74,9.15,1,0
10.98,-2.31,0,0
12.43,-0.66,1,0
-4.16,0.65,1,0
9.3,-2.44,0,0
11.81,-2.66,0,0
9.67,11.96,0,0
-4.75,-0.13,1,0
11.19,-0.25,0,0
-2.52,-0.07,0,0
11.96,-3.5,1,0
9.35,-2.71,0,0
-1.92,9.87,0,0
-3.87,1.56,1,0
14.39,-0.31,1,0
13.21,-2.35,1,0
-4.91,-0.24,0,0
12.86,13.26,1,0
-4.94,3.44,1,0
10.92,-2.33,0,0
11.95,-2.62,0,0
-3.27,8.99,1,0
-1.16,0.32,0,0
-3.3,0.68,0,0
11.07,13.35,0,0
8.06,14.59,0,0
-4.0,1.1,1,0
-2.52,-0.75,0,0
10.31,-3.76,0,0
11.3,-1.91,0,0
-0.34,10.91,1,0
11.18,12.24,0,0
10.94,-2.26,0,0
9.33,12.67,0,0
11.73,-2.73,0,0
11.44,-1.06,0,0
8.87,-3.49,0,0
8.85,10.88,0,0
10.5,-1.88,0,0
11.72,-0.8,1,0
10.95,-1.11,0,0
11.15,-3.12,0,0
10.74,14.3,0,0
10.65,-2.7,0,0
-3.58,0.02,0,0
9.0,13.24,0,0
9.77,-1.94,0,0
10.49,-2.35,0,0
11.39,-3.79,0,0
10.93,-1.31,0,0
12.89,0.29,1,0
-4.24,1.98,1,0
8.77,-2.17,0,0
13.66,-2.02,1,0
13.05,-0.33,1,0
11.93,-3.35,0,0
10.99,9.48,1,0
12.36,-2.78,0,0
11.82,-1.88,0,0
10.72,11.15,1,0
12.42,-3.1,1,0
10.45,-2.52,0,0
-0.59,6.61,1,0
13.93,-1.04,1,0
11.0,-2.22,0,0
-6.03,2.23,1,0
13.15,0.32,1,0
10.89,13.77,0,0
-3.23,0.17,0,0
12.49,10.72,1,0
-6.09,3.93,1,0
14.94,-1.58,1,0
11.37,10.98,1,0
10.69,12.38,0,0
0.61,2.55,0,0
12.1,11.8,1,0
10.2,-3.59,0,0
13.81,-0.63,1,0
-3.82,0.74,0,0
11.93,-3.51,0,0
14.17,-0.45,1,0
-4.85,0.67,1,0
13.41,-2.35,1,0
13.2,-2.52,1,0
-3.79,-0.06,0,0
11.3,12.09,0,0
11.5,-1.98,0,0
11.99,13.72,0,0
10.27,10.86,1,0
-3.53,3.68,1,0
10.58,-1.71,0,0
15.55,1.08,1,0
-1.91,0.52,0,0
9.26,11.35,0,0
-2.67,-0.35,0,0
11.18,-1.55,0,0
-2.57,11.08,0,0
12.99,15.9,0,0
14.63,-1.47,1,0
10.05,-2.5,0,0
12.84,11.81,1,0
14.94,-0.88,1,0
-2.96,1.41,1,0
11.98,-0.8,0,0
16.37,-0.02,1,0
12.22,10.34,1,0
15.54,4.02,1,1
10.98,13.79,0,0
-2.55,2.49,1,0
11.37,-2.06,0,0
13.15,11.69,1,0
13.14,-3.61,1,0
10.48,-2.06,0,0
-3.74,-0.21,0,0
9.81,-2.24,0,0
13.32,0.23,1,0
12.7,11.78,0,0
-4.87,2.47,1,0
-3.14,-1.56,0,0
2.64,0.67,0,1
9.28,-2.95,0,0
-2.06,9.21,0,0
10.89,0.49,1,0
9.22,-2.97,0,0
-4.04,11.29,0,0
11.64,6.89,1,1
-2.64,10.1,0,0
-2.94,-0.84,0,0
13.66,13.16,1,0
-2.68,11.35,0,0
1.82,3.4,0,0
10.5,-1.86,0,0
9.47,13.79,0,0
-4.49,-0.37,1,0
-5.79,-1.06,0,0
12.75,-1.29,1,0
10.09,14.48,0,0
8.62,-2.53,0,0
9.68,-2.33,0,0
11.48,-0.28,1,0
11.37,-0.99,1,0
13.5,0.27,1,0
9.62,12.88,0,0
15.07,10.01,1,0
11.96,-3.43,0,0
10.29,13.83,0,0
10.42,9.84,1,0
11.42,-2.99,0,0
-2.92,9.31,1,0
10.7,-1.22,0,0
10.63,-4.42,0,0
13.38,-0.48,1,0
11.34,0.87,1,0
10.63,13.81,0,0
-3.28,10.48,0,0
9.61,13.7,0,0
10.24,12.96,0,0
8.58,-3.91,0,0
-5.28,0.54,1,0
12.25,-2.68,0,0
-3.67,-0.17,1,0
11.89,-0.06,1,0
9.29,13.41,0,0
-3.52,-0.42,0,0
-4.04,-1.22,0,0
12.49,-3.99,0,0
13.3,10.07,1,0
13.98,-0.72,1,0
-3.49,0.03,0,0
5.98,4.31,0,0
9.26,12.99,0,0
9.04,12.95,0,0
15.45,0.68,1,0
13.49,-2.47,1,0
-3.1,9.65,1,0
8.92,12.68,0,0
8.67,13.54,0,0
13.19,11.57,1,0
10.49,13.01,0,0
-1.17,11.01,0,0
10.14,13.3,0,0
9.62,-2.32,0,0
10.97,-1.2,0,0
11.65,-1.93,0,0
-2.0,2.14,1,0
11.14,13.34,0,0
-3.44,1.43,1,0
14.45,-0.29,1,0
10.39,-2.41,0,0
8.93,12.89,0,0
-3.07,0.35,1,0
7.93,-1.25,0,0
9.29,11.79,0,0
11.18,-1.5,0,0
13.71,-2.1,1,0
-0.83,10.24,0,0
12.55,-1.31,0,0
11.19,13.36,0,0
10.6,-1.81,0,0
13.03,9.32,1,0
14.36,-1.81,1,0
8.66,-2.64,0,0
11.89,15.14,0,0
11.42,-2.9,0,0
11.62,-0.7,1,0
13.19,-2.09,1,0
-3.48,9.91,0,0
2.85,5.54,0,0
15.92,10.05,1,0
8.84,13.77,0,0
16.81,1.31,1,0
13.06,-2.18,1,0
-4.23,1.03,1,0
12.25,10.94,1,0
9.0,-3.02,0,0
-1.85,8.05,1,0
-3.64,-0.12,0,0
13.22,-2.17,1,0
-4.89,-1.2,0,0
-3.87,7.12,1,0
8.47,13.15,0,0
10.06,-1.63,0,0
-2.91,11.42,0,0
12.74,-0.4,1,0
12.08,-1.61,0,0
-2.84,11.15,0,0
11.8,0.71,1,0
-1.26,10.82,0,0
11.28,12.77,0,0
11.89,12.56,0,0
13.62,-1.77,1,0
8.11,13.71,0,0
-1.94,-0.99,0,0
-2.77,0.29,0,0
9.69,13.12,0,0
10.71,13.43,0,0
9.81,-2.23,0,0
10.4,14.5,0,0
-2.21,0.49,0,0
13.13,-3.44,1,0
11.88,12.13,1,0
-1.23,9.64,1,0
8.62,-1.99,0,0
9.62,11.92,0,0
11.97,-0.8,0,0
13.63,-2.25,1,0
-1.47,10.61,0,0
-1.86,0.14,1,0
16.13,-0.56,1,0
-3.42,9.93,1,0
-4.39,-0.61,1,0
9.27,-3.72,0,0
13.62,-1.75,1,0
-4.85,0.57,1,0
13.39,14.22,0,0
16.13,11.79,1,0
10.31,-2.35,0,0
12.72,12.65,1,0
10.68,-3.32,0,0
-4.71,9.9,0,0
14.16,0.54,1,0
12.51,1.2,1,0
-1.59,7.23,1,0
9.23,13.29,0,0
10.52,-0.99,1,0
12.46,-0.55,1,0
12.96,-3.35,1,0
-5.3,0.31,0,0
-3.71,-1.01,0,0
8.28,13.63,0,0
-1.94,-0.58,0,0
10.4,-3.01,0,0
12.21,10.1,1,0
9.08,12.37,0,0
-2.27,0.58,0,0
-4.63,1.03,1,0
13.43,11.94,1,0
-2.95,-0.71,0,0
9.0,14.1,0,0
11.51,-2.69,0,0
11.57,9.01,1,0
13.44,-2.19,1,0
-0.44,-0.29,0,0
10.53,11.53,0,0
12.47,9.71,1,0
11.52,-2.84,0,0
8.53,13.33,0,0
10.83,-2.6,1,0
10.55,-0.14,0,0
10.76,-2.23,0,0
8.49,15.96,0,0
8.35,11.42,0,0
-1.58,2.66,1,0
9.19,11.81,0,0
-3.88,-0.19,0,0
10.24,13.43,0,0
10.86,-0.22,0,0
10.65,-3.63,0,0
14.23,-1.28,1,0
10.79,-1.74,0,0
11.21,14.87,0,0
-1.94,-2.08,0,0
-3.23,1.08,1,0
10.34,12.42,0,0
12.79,-0.74,1,0
-0.3,5.43,0,0
12.79,-1.0,1,0
10.17,12.6,0,0
10.28,-4.51,0,0
12.89,-0.37,1,0
9.52,-2.34,0,0
11.74,0.04,0,0
9.71,0.08,0,0
11.38,-1.85,0,0
10.34,12.44,0,0
9.67,-1.07,0,0
-1.35,9.02,1,0
10.16,-0.1,0,0
6.2,3.94,0,0
11.12,11.83,0,0
8.79,12.21,0,0
-4.21,-0.26,0,0
9.17,-2.61,0,0
11.04,0.24,1,0
-2.36,11.74,0,0
-3.48,4.61,1,0
-0.76,11.51,0,0
9.93,-3.71,0,0
10.74,10.47,0,0
15.42,11.75,1,0
-4.25,0.51,0,0
9.87,12.95,0,0
-3.98,0.2,0,0
-6.06,0.28,1,0
11.1,-3.62,0,0
11.66,-3.7,0,0
9.81,13.88,0,0
13.55,-2.0,1,0
11.43,-0.74,0,0
13.91,-2.32,1,0
10.04,-2.37,0,0
8.64,-2.44,0,0
9.68,-2.28,0,0
10.84,-2.3,0,0
10.98,12.46,0,0
-4.7,1.15,1,0
13.56,-1.14,0,0
-1.53,10.49,0,0
9.15,12.67,0,0
12.66,-1.46,1,0
14.24,-1.21,1,0
15.35,10.31,1,0
-2.32,-0.35,0,0
14.3,-1.12,1,0
-2.28,-1.05,0,0
11.76,-1.27,0,0
9.27,13.26,0,0
-1.23,10.04,1,0
12.15,-2.11,1,0
10.55,-3.67,0,0
-3.27,12.04,0,0
10.24,-4.07,0,0
9.52,-4.85,0,0
-1.69,1.9,1,0
11.33,-0.96,1,0
9.85,11.93,0,0
-3.98,-0.35,0,0
10.97,-1.41,0,0
12.37,-1.3,1,0
11.69,13.37,0,0
10.68,-3.82,0,0
16.48,15.67,1,1
-3.15,0.48,0,0
-3.83,-0.5,0,0
10.22,-1.44,0,0
-4.04,1.22,1,0
14.94,10.9,1,0
12.02,-3.14,1,0
-4.63,2.28,1,0
12.88,-1.52,1,0
10.69,11.95,0,0
-3.39,3.85,1,0
13.29,-0.47,1,0
15.44,0.0,1,0
11.86,-1.12,0,0
13.22,-2.31,1,0
-4.49,-1.46,0,0
12.04,11.14,1,0
13.64,-0.65,1,0
-3.51,8.06,1,0
13.06,-2.82,1,0
10.79,-2.33,0,0
10.16,12.81,0,0
9.79,14.1,0,0
-5.07,9.94,0,0
11.88,11.38,1,0
-3.8,0.6,0,0
9.92,12.59,0,0
15.32,-0.56,1,0
-3.74,4.3,1,0
13.45,-3.07,1,0
13.06,-0.56,1,0
11.99,-3.09,0,0
11.48,12.84,0,0
9.06,-2.78,0,0
-3.08,1.81,1,0
-0.59,9.97,1,0
-3.12,-0.53,0,0
10.16,-2.46,0,0
9.91,12.56,0,0
12.12,11.06,1,0
14.59,9.14,1,0
14.32,-0.29,1,0
15.33,1.75,1,0
-2.31,0.4,0,0
12.1,-0.65,1,0
12.16,-0.94,0,0
9.63,13.29,0,0
10.07,0.3,0,0
-2.74,8.82,1,0
12.24,-2.51,1,0
13.04,-2.04,0,0
11.72,-3.85,0,0
14.1,9.92,1,0
-2.97,0.12,1,0
13.35,11.46,1,0
11.59,14.98,0,0
9.53,-1.84,0,0
10.49,-3.31,0,0
11.09,11.55,1,0
12.01,-3.09,0,0
-2.39,-0.35,0,0
-0.78,11.27,0,0
-4.93,3.45,1,0
11.91,9.67,1,0
11.71,-3.04,0,0
9.14,12.7,0,0
8.54,-4.68,0,0
-1.81,9.6,0,0
8.84,12.06,0,0
10.34,-1.51,0,0
8.74,-1.56,0,0
9.58,-2.44,0,0
12.68,-2.07,0,0
-4.07,0.2,0,0
11.15,-1.0,1,0
11.51,15.0,0,0
9.49,-3.53,0,0
-1.67,7.33,1,0
11.76,13.78,0,0
9.26,-2.91,0,0
-4.98,-0.71,0,0
-5.1,1.73,1,0
9.35,12.61,0,0
11.18,12.63,1,0
13.7,-1.4,1,0
-2.76,4.34,1,0
11.54,13.11,0,0
12.37,-1.86,0,0
11.34,-3.71,0,0
9.81,-1.23,0,0
16.73,-0.98,1,0
11.39,-3.38,0,0
-4.49,0.21,1,0
-4.49,-0.86,0,0
3.02,4.31,0,0
11.67,-0.46,1,0
-4.2,6.67,1,0
10.81,-1.61,0,0
9.72,12.79,0,0
11.92,-2.4,0,0
-1.85,9.21,1,0
8.7,12.36,0,0
-3.94,7.57,1,0
-4.23,10.26,0,0
16.11,12.89,1,0
14.09,-0.48,1,0
10.64,15.42,0,0
13.67,-3.49,0,0
8.82,-3.87,0,0
13.57,-0.47,1,0
11.04,13.09,0,0
16.13,-0.2,1,0
13.73,-1.32,1,0
-2.06,8.59,1,0
-3.28,-1.17,0,0
13.2,-0.28,1,0
11.5,-2.61,0,0
11.86,13.4,1,0
-3.8,8.66,1,0
9.62,-1.65,0,0
11.75,-1.44,0,0
-4.92,1.3,1,0
11.15,13.49,0,0
11.09,13.38,0,0
3.79,6.26,0,0
9.69,14.57,0,0
10.96,-1.22,0,0
-4.01,-0.92,0,0
10.11,-2.35,0,0
-3.92,-0.76,0,0
-3.99,-0.72,0,0
10.96,11.16,1,0
12.34,-3.43,1,0
9.61,-1.32,0,0
15.83,1.72,1,0
-3.56,0.42,0,0
-2.58,-1.28,0,0
12.73,9.88,1,0
10.31,-2.83,0,0
12.55,11.63,1,0
-2.47,4.15,1,0
11.08,9.24,0,0
-5.21,3.49,1,0
10.15,-4.51,0,0
-3.66,10.93,0,0
-3.7,-1.39,0,0
10.77,13.53,0,0
12.38,14.76,0,0
12.46,-0.05,1,0
-4.78,-1.16,0,0
-2.75,0.71,0,0
-3.51,6.87,1,0
-3.39,-0.72,0,0
13.46,-2.64,1,0
13.07,14.22,1,0
9.3,13.86,0,0
12.76,-0.85,1,0
14.39,-1.21,1,0
-3.92,0.01,0,0
10.72,12.04,0,0
10.16,15.34,0,0
-4.06,2.3,1,0
11.34,-3.01,0,0
14.35,12.14,1,0
11.34,-1.96,0,0
-3.44,2.55,1,0
13.3,-1.82,1,0
9.53,12.52,0,0
-2.85,0.93,0,0
10.68,13.74,0,0
10.23,13.65,0,0
-2.34,8.28,1,0
11.59,12.72,0,0
-4.9,4.42,1,0
-2.59,-0.46,0,0
10.4,-3.09,0,0
12.99,0.29,1,0
11.94,-2.9,0,0
8.34,-1.07,0,0
11.53,14.34,0,0
9.33,12.62,0,0
10.06,12.28,0,0
-3.78,11.21,0,0
10.51,10.42,0,0
-3.62,2.34,1,0
11.64,-0.3,1,0
-2.69,0.1,0,0
10.32,-3.72,0,0
11.97,11.5,1,0
13.72,-1.51,0,0
15.26,-1.96,1,0
9.94,12.97,0,0
11.62,-2.84,0,0
7.98,-1.59,0,0
11.24,-1.12,0,0
15.41,-1.09,1,0
10.55,12.43,0,0
11.85,10.46,1,0
9.94,9.0,0,0
-3.44,10.19,0,0
11.8,-1.45,0,0
10.12,0.09,1,0
12.33,0.58,1,0
10.14,14.95,0,0
-1.71,-0.8,0,0
10.63,-1.97,1,0
14.57,10.01,1,0
-2.94,0.82,0,0
8.82,11.65,0,0
9.55,12.06,0,0
11.57,12.23,0,0
10.87,14.26,0,0
10.09,-3.01,0,0
15.03,10.45,1,0
10.63,-1.71,0,0
12.22,-2.56,1,0
-4.49,2.47,1,0
10.4,15.23,0,0
10.61,-4.38,0,0
-3.25,10.81,0,0
-5.0,4.73,1,0
12.89,-2.82,1,0
12.84,-1.48,1,0
9.96,-2.93,0,0
12.09,-1.08,1,0
12.32,9.26,1,0
-5.18,7.85,1,0
-4.22,1.77,1,0
10.65,13.9,0,0
-2.85,11.41,0,0
9.95,14.22,0,0
10.75,16.66,0,0
-3.96,11.16,1,0
11.39,-3.27,0,0
-3.39,0.43,0,0
12.62,11.87,1,0
11.36,-2.38,0,0
10.32,10.77,1,0
-1.4,9.75,1,0
13.19,11.65,1,0
10.16,0.75,1,0
-4.78,-1.16,0,0
-2.83,-0.61,0,0
8.63,11.42,0,0
12.97,-0.92,1,0
-2.97,-0.78,0,0
8.16,-1.97,0,0
8.76,13.1,0,0
11.02,13.45,0,0
10.84,13.76,0,0
13.21,-1.79,1,0
10.18,11.44,0,0
11.08,-2.03,0,0
9.23,13.47,0,0
8.45,-2.92,0,0
11.11,-0.66,0,0
5.17,6.46,0,0
12.3,-1.17,1,0
10.84,-1.01,0,0
12.32,12.23,1,0
5.5,3.63,0,0
14.74,13.74,1,0
-2.36,-0.62,0,0
11.59,-1.38,0,0
-2.74,-0.89,0,0
11.13,13.67,0,0
12.13,10.99,1,0
-2.86,1.03,0,0
12.03,-1.02,1,0
11.61,0.57,1,0
8.3,13.78,0,0
12.73,0.44,1,0
13.92,-2.28,1,0
13.08,10.69,1,0
-3.57,9.78,1,0
10.28,11.22,0,0
-4.11,1.43,1,0
-2.26,0.93,0,0
16.76,-1.02,1,0
12.48,-1.65,1,0
10.52,11.22,0,0
11.01,10.82,0,0
-3.87,9.96,0,0
8.85,11.74,0,0
10.63,10.49,1,0
11.44,-0.65,0,0
13.89,8.55,1,0
11.11,13.42,0,0
12.4,12.72,1,0
7.84,-4.8,0,0
9.98,9.22,0,0
9.01,-2.29,0,0
12.61,-0.98,0,0
12.8,9.98,1,0
9.55,13.61,0,0
-2.8,1.8,1,0
13.76,-1.68,1,0
-4.05,11.28,0,0
12.15,-1.63,0,0
8.53,-1.62,0,0
-2.37,1.58,1,0
10.67,11.09,1,0
-3.6,-1.03,0,0
11.88,9.84,1,0
-5.45,8.78,1,0
10.05,14.06,0,0
11.72,12.75,0,0
9.22,-2.37,0,0
9.22,-2.9,0,0
11.69,-2.03,0,0
11.21,-3.41,0,0
-2.35,6.47,1,0
13.58,11.09,1,0
13.81,0.05,1,0
13.26,9.02,1,0
15.29,-0.01,1,0
10.1,13.11,0,0
-0.84,8.1,1,0
12.43,-1.37,1,0
10.9,10.08,1,0
10.38,-0.91,0,0
9.39,-2.53,0,0
7.21,12.95,0,0
14.65,-0.37,1,0
8.22,10.85,0,0
9.82,12.29,0,0
10.44,-3.79,0,0
-1.11,10.42,0,0
11.53,-1.26,1,0
12.68,-2.56,1,0
10.15,-3.71,0,0
-3.09,0.17,1,0
13.26,-2.82,1,0
11.29,-3.19,0,0
-4.56,-0.35,0,0
10.42,12.81,0,0
-3.97,-0.44,0,0
11.95,-0.73,1,0
12.2,11.18,1,0
-3.94,1.24,1,0
-4.49,-0.39,0,0
11.13,-3.27,0,0
-3.88,9.76,0,0
-4.88,2.31,1,0
9.68,11.28,0,0
13.51,12.15,1,0
-2.86,0.37,0,0
10.6,-4.05,0,0
11.18,-1.89,0,0
10.09,-3.96,0,0
13.19,-1.75,1,0
10.9,14.22,0,0
13.24,-1.02,1,0
8.72,-2.32,0,0
11.04,-1.13,1,0
10.27,14.06,0,0
11.79,13.36,1,0
11.12,10.57,1,0
12.68,13.09,0,0
12.67,-3.62,1,0
8.7,13.26,0,0
13.64,-0.68,1,0
-5.6,2.02,1,0
11.24,-3.08,0,0
-4.55,0.11,0,0
10.73,15.36,0,0
11.36,12.22,0,0
-3.97,9.71,1,0
-1.58,-0.35,1,0
9.23,-2.96,0,0
10.0,-4.17,0,0
10.36,-1.99,0,0
13.19,12.47,1,0
12.08,10.8,1,0
-1.14,12.33,0,0
-4.92,1.85,1,0
10.97,9.17,1,0
-4.29,3.76,1,0
13.98,0.15,1,0
10.51,-2.6,0,0
13.17,-2.2,1,0
8.75,-2.26,0,0
-4.02,-0.57,0,0
10.57,-1.33,0,0
-2.9,-0.42,0,0
11.56,-2.43,0,0
-2.56,0.0,0,0
-2.36,0.3,0,0
10.61,14.12,0,0
11.02,-1.27,0,0
-4.34,-0.28,0,0
11.54,-1.9,0,0
11.07,-2.29,0,0
12.59,-4.43,0,0
11.68,-2.5,0,0
11.86,1.56,1,0
11.01,12.54,0,0
11.07,13.65,0,0
-4.71,4.06,1,0
10.34,-0.93,0,0
8.17,-1.04,0,0
-2.18,4.33,1,0
10.17,-1.7,0,0
14.43,-3.08,1,0
8.43,-3.0,0,0
9.97,13.89,0,0
-1.47,10.45,1,0
10.81,-3.74,0,0
9.22,14.09,0,0
-4.81,0.1,0,0
-1.5,9.68,1,0
10.5,12.98,0,0
12.25,11.62,1,0
10.8,14.1,0,0
-2.75,0.41,0,0
9.79,-1.59,0,0
11.54,13.92,0,0
3.83,2.9,0,0
12.9,-2.32,1,0
-4.05,-1.32,0,0
6.14,3.35,0,0
13.59,-0.51,1,0
8.9,12.03,0,0
12.69,-3.44,0,0
11.07,-2.37,0,0
12.23,13.78,0,0
-4.88,1.26,1,0
9.47,-1.07,0,0
-3.99,1.76,1,0
10.92,11.77,0,0
11.68,-3.61,0,0
-4.51,-0.62,0,0
11.94,-0.89,1,0
-2.48,0.99,1,0
13.5,8.52,1,0
11.37,-2.31,0,0
10.33,-3.42,0,0
8.09,-3.23,0,0
-3.76,-0.53,0,0
12.13,11.95,0,0
12.64,14.92,0,0
10.08,13.14,0,0
12.4,11.56,1,0
13.65,11.44,1,0
-4.25,11.5,0,0
11.4,-1.92,0,0
9.58,14.71,0,0
10.76,14.57,0,0
13.65,-1.69,1,0
-0.68,11.17,0,0
13.11,-2.74,1,0
12.96,13.68,1,0
10.95,-2.49,0,0
13.02,-3.15,1,0
8.62,-3.59,0,0
8.78,13.33,0,0
9.8,12.17,0,0
9.04,13.22,0,0
11.68,13.9,1,0
12.32,11.88,1,0
-3.95,10.16,0,0
9.9,-2.41,0,0
10.25,-0.7,0,0
9.22,-2.73,0,0
11.5,-5.78,1,0
10.97,-1.84,0,0
10.39,-1.33,0,0
13.73,-2.32,0,0
12.5,-4.34,1,0
10.63,-1.95,0,0
11.52,-1.73,0,0
9.08,14.12,0,0
-2.0,2.86,1,0
9.88,11.89,0,0
11.03,13.02,0,0
10.75,-3.51,0,0
12.2,-2.05,0,0
9.77,-2.61,0,0
-2.22,8.14,1,0
13.17,11.3,1,0
8.94,12.42,0,0
14.47,-2.55,1,0
13.23,-0.57,1,0
10.55,-4.12,0,0
11.7,11.51,1,0
7.62,14.25,0,0
8.94,11.54,0,0
-2.88,0.17,0,0
-1.47,10.21,0,0
-3.99,-0.36,0,0
-2.87,10.86,0,0
10.1,11.38,1,0
13.06,12.44,1,0
-2.31,10.33,0,0
-2.98,-0.97,0,0
-2.92,11.36,0,0
12.8,15.1,0,0
10.19,10.91,0,0
13.51,-2.98,1,0
12.0,12.11,0,0
10.17,-4.92,0,0
10.34,11.88,0,0
9.17,-1.59,0,0
-4.64,0.91,1,0
8.82,-1.35,0,0
-1.48,8.85,1,0
11.26,-1.23,0,0
13.04,-0.28,1,0
12.01,12.1,0,0
14.98,-0.23,1,0
11.39,-1.08,0,0
13.84,9.85,1,0
11.72,-1.16,0,0
-2.42,-0.52,0,0
-1.78,-0.72,0,0
-3.47,10.02,0,0
-4.76,-0.05,1,0
-4.62,0.47,1,0
13.97,-2.83,1,0
12.62,13.79,0,0
9.53,16.34,0,0
9.61,-2.3,0,0
10.45,12.04,0,0
11.26,13.13,0,0
9.69,11.42,0,0
-5.12,-1.28,0,0
13.28,10.37,1,0
12.06,11.43,1,0
9.39,12.67,0,0
10.21,-1.42,0,0
-1.75,10.91,0,0
9.48,12.71,0,0
-3.5,0.24,0,0
9.51,-4.44,0,0
9.99,12.84,0,0
-4.08,8.25,1,0
9.98,11.64,0,0
14.99,0.72,1,0
-2.33,-0.29,0,0
-3.63,9.57,1,0
14.82,0.52,1,0
-2.46,0.22,0,0
13.5,-2.4,1,0
11.26,-3.8,0,0
10.69,13.74,0,0
11.01,-2.01,0,0
-3.18,3.35,1,0
13.36,0.12,1,0
13.23,-1.52,1,0
13.87,-0.18,1,0
-4.06,0.63,1,0
-3.85,-1.06,0,0
10.07,-2.02,0,0
11.78,-2.67,0,0
13.81,-0.4,1,0
9.27,14.2,0,0
-1.45,10.78,0,0
-1.08,11.72,0,0
10.44,11.71,0,0
12.31,2.32,1,0
12.23,-0.96,1,0
7.44,12.17,0,0
-4.17,10.48,0,0
11.07,-1.48,0,0
12.49,-1.07,0,0
11.6,-3.24,0,0
-4.9,4.05,1,0
-1.65,0.29,0,0
12.49,9.91,1,0
11.1,-1.21,0,0
10.24,-3.42,0,0
11.48,-4.35,0,0
10.75,-1.75,0,0
12.87,0.28,1,0
11.73,-1.36,0,0
10.97,-3.28,0,0
9.71,11.8,0,0
9.5,13.36,0,0
-1.79,8.88,1,0
-2.58,1.15,1,0
9.79,14.82,0,0
10.56,-1.56,0,0
-5.13,0.13,0,0
12.52,10.42,1,0
13.43,-4.24,1,0
-1.34,5.56,1,0
10.47,12.32,0,0
-2.07,9.61,1,0
8.67,12.47,0,0
10.64,-2.3,0,0
9.58,12.34,0,0
10.65,13.3,0,0
9.1,14.66,0,0
-2.6,7.63,1,0
-2.32,10.76,0,0
11.02,11.82,0,0
16.52,8.49,1,0
-2.84,0.35,1,0
-3.07,0.38,1,0
9.59,13.89,0,0
12.64,12.21,1,0
-4.33,4.17,1,0
14.52,11.0,1,0
10.15,-3.53,0,0
10.16,11.33,0,0
10.71,-1.39,0,0
11.13,-4.24,0,0
11.73,-1.08,0,0
10.8,-0.12,1,0
15.75,0.71,1,0
13.62,8.33,1,0
11.32,-1.5,0,0
11.55,-3.22,0,0
-1.96,0.36,1,0
-3.29,7.88,1,0
13.09,14.7,1,0
11.77,-1.77,0,0
9.75,-2.39,0,0
9.22,-2.48,0,0
10.56,-2.26,0,0
12.65,-2.44,0,0
17.19,7.32,1,1
-1.79,1.98,1,0
12.23,11.54,1,0
11.5,-0.92,1,0
6.62,-1.15,0,0
10.13,-3.89,0,0
-4.33,0.01,1,0
-3.03,1.15,1,0
-3.67,8.05,1,0
13.5,-2.4,1,0
9.33,-2.56,0,0
7.36,13.68,0,0
15.39,0.25,1,0
9.83,11.91,0,0
9.19,-0.97,0,0
10.4,-3.46,0,0
12.08,-0.76,1,0
-4.1,-0.56,0,0
8.66,-2.32,0,0
9.93,-2.49,0,0
10.85,-5.73,0,0
10.46,14.48,0,0
10.49,14.4,0,0
5.74,3.86,0,0
8.94,-2.88,0,0
11.54,-1.46,0,0
-3.47,-0.6,0,0
10.79,-1.88,0,0
11.62,-2.78,0,0
-2.82,10.44,0,0
10.59,-1.76,0,0
-3.31,-0.42,0,0
-1.3,10.09,0,0
13.37,11.23,1,0
-3.47,9.13,1,0
12.74,13.81,0,0
9.6,-2.54,0,0
10.05,12.04,0,0
-2.94,9.86,0,0
16.04,-0.78,1,0
-4.6,10.88,0,0
12.58,9.18,1,0
12.52,15.12,0,0
9.19,12.46,0,0
-1.49,9.0,0,0
-1.95,7.48,1,0
-1.2,10.97,0,0
11.11,-2.91,0,0
-3.11,0.01,0,0
12.77,-2.67,1,0
9.96,12.27,0,0
14.02,-2.38,1,0
9.77,12.76,0,0
10.59,-1.26,0,0
9.68,11.31,1,0
10.87,-0.55,1,0
-0.89,11.18,0,0
10.5,-1.53,0,0
-3.78,-0.39,0,0
12.81,-2.38,1,0
13.23,-3.47,1,0
-3.8,0.38,1,0
-3.57,10.42,0,0
-4.84,0.09,0,0
8.5,-3.01,0,0
17.66,9.9,1,0
10.47,-1.4,0,0
-1.62,11.59,0,0
15.18,-1.67,1,0
10.75,-1.6,0,0
10.37,13.68,0,0
12.54,-2.16,0,0
9.48,14.19,0,0
11.8,-2.79,0,0
12.22,-0.83,1,0
-2.39,-1.78,0,0
14.27,-1.16,1,0
8.75,-3.15,0,0
13.31,-2.63,1,0
11.08,12.85,0,0
12.83,-1.44,1,0
11.64,-2.86,0,0
15.83,-0.92,1,0
-2.5,9.57,0,0
11.25,-1.25,0,0
10.8,-0.66,1,0
12.28,11.76,1,0
9.77,11.92,0,0
10.25,14.83,0,0
9.93,-4.28,0,0
9.56,11.97,0,0
11.45,-1.3,0,0
12.53,10.77,1,0
8.85,-0.4,0,0
11.33,11.97,1,0
13.76,1.31,1,0
10.75,12.14,0,0
13.67,-1.84,1,0
-3.16,1.41,1,0
9.41,12.58,0,0
9.86,-3.16,0,0
15.78,-1.53,1,0
11.49,10.65,1,0
8.33,13.48,0,0
15.63,1.77,1,0
11.2,-1.43,0,0
14.42,-2.79,1,0
11.62,-1.45,0,0
-2.56,-1.21,0,0
14.32,-2.11,1,0
12.8,-3.38,1,0
-1.82,9.35,1,0
8.59,-2.92,0,0
5.23,5.39,0,0
-3.14,10.62,0,0
-2.93,-0.56,0,0
10.31,10.9,0,0
11.25,-2.9,0,0
8.62,-1.8,0,0
12.51,10.86,1,0
7.2,12.49,0,0
-3.18,5.63,1,0
10.71,11.22,1,0
-4.46,-0.22,0,0
9.48,13.01,0,0
12.15,-1.64,1,0
10.94,-2.32,0,0
-2.03,1.73,0,0
9.91,14.06,0,0
11.43,-2.95,0,0
-1.02,10.4,0,0
-4.0,-0.41,0,0
10.39,11.71,0,0
-4.8,8.32,1,0
9.94,0.51,0,0
1.12,2.76,0,0
-3.64,1.91,1,0
11.28,13.63,0,0
10.39,-2.81,0,0
9.29,-3.19,0,0
14.9,9.47,1,0
15.29,-0.88,1,0
9.12,12.14,0,0
-3.01,0.19,0,0
9.61,-2.98,0,0
10.88,-1.22,0,0
10.32,-1.95,0,0
-2.09,7.55,1,0
9.78,-3.25,0,0
-4.99,1.76,1,0
8.88,12.97,0,0
14.33,-0.25,1,0
13.66,0.27,1,0
9.24,12.44,0,0
15.31,9.89,1,0
12.36,1.77,1,0
-4.07,10.74,0,0
13.33,13.27,1,0
-4.04,-0.76,0,0
-2.37,-0.42,0,0
-2.83,-1.12,0,0
-0.47,11.34,0,0
-4.57,-0.61,0,0
-3.17,10.26,0,0
10.93,-3.3,0,0
-2.09,11.6,0,0
9.86,12.84,0,0
9.25,-3.14,0,0
-2.69,-0.35,0,0
12.84,-1.59,0,0
10.17,-3.44,0,0
10.75,10.23,1,0
-3.9,8.73,0,0
15.23,1.73,1,0
11.67,-0.86,0,0
8.84,12.8,0,0
11.26,14.0,0,0
-1.64,-1.24,0,0
11.76,-2.66,0,0
11.31,-2.31,0,0
11.03,-1.04,0,0
-3.17,0.27,0,0
17.2,-0.36,1,0
-3.94,-0.17,0,0
15.39,1.32,1,0
-5.03,8.03,1,0
10.51,-1.78,0,0
9.68,-2.09,0,0
-0.88,9.83,1,0
11.49,-3.62,0,0
8.58,-3.05,0,0
11.43,-3.14,0,0
11.29,-1.27,0,0
13.28,-2.14,1,0
8.93,13.84,0,0
11.17,-3.22,0,0
10.89,-0.54,0,0
13.46,13.29,1,0
12.64,12.75,1,0
10.79,13.0,0,0
12.67,11.46,1,0
10.75,12.55,0,0
11.88,-1.18,0,0
11.72,-2.8,0,0
11.04,10.31,1,0
8.09,12.46,0,0
10.01,11.58,0,0
14.08,-1.56,1,0
9.79,11.53,0,0
12.07,15.17,0,0
12.1,12.89,1,0
11.01,-2.28,0,0
9.55,-4.79,0,0
-4.12,-1.07,0,0
9.47,13.33,0,0
12.12,13.81,0,0
11.29,11.07,1,0
11.51,14.93,0,0
14.03,-1.35,1,0
11.84,-0.68,1,0
8.58,0.1,0,0
13.64,0.91,1,0
-3.05,-0.39,0,0
10.32,-1.9,0,0
8.38,-1.23,0,0
10.07,-2.61,0,0
16.0,1.16,1,0
14.29,-0.36,1,0
10.51,11.89,0,0
-2.14,9.02,1,0
12.81,-0.41,1,0
14.44,-0.36,1,0
12.15,0.22,1,0
5.56,3.96,0,0
-1.72,10.94,0,0
12.1,-4.32,0,0
-4.81,2.16,1,0
9.78,-3.67,0,0
10.61,10.88,1,0
9.68,12.55,0,0
7.19,-1.62,0,0
-2.63,5.65,1,0
11.71,10.27,1,0
7.58,13.48,0,0
-4.83,3.79,1,0
12.38,-2.55,0,0
11.68,-1.29,0,0
-2.49,2.47,1,0
12.31,-1.02,1,0
-3.61,5.79,1,0
9.38,12.51,0,0
11.09,-1.21,0,0
11.23,-3.48,0,0
-4.26,0.42,1,0
15.41,0.01,1,0
13.01,13.02,1,0
-4.14,-0.56,0,0
-1.75,-0.14,0,0
11.37,-2.92,0,0
9.34,13.03,0,0
12.08,-0.95,0,0
10.16,13.92,0,0
-3.77,9.11,1,0
9.18,13.47,0,0
-3.97,0.42,1,0
12.92,-2.55,1,0
11.14,13.23,0,0
15.02,-0.87,1,0
10.81,-3.53,0,0
8.86,12.77,0,0
8.48,13.43,0,0
13.01,1.38,1,0
12.05,-2.71,0,0
11.73,12.85,1,0
11.56,-2.91,0,0
11.2,-1.55,0,0
-4.38,11.06,0,0
8.31,-3.76,0,0
12.86,-0.39,1,0
-2.84,1.12,1,0
11.88,-2.4,0,0
11.66,-0.95,1,0
11.98,-1.01,1,0
11.05,-5.01,0,0
14.89,-1.25,1,0
-3.98,0.46,1,0
10.9,-1.62,0,0
13.97,-2.06,1,0
-3.57,8.08,1,0
12.6,-1.45,0,0
11.31,-1.85,0,0
11.09,13.4,0,0
10.14,-2.43,0,0
-4.36,-0.88,0,0
8.14,-2.7,0,0
-1.91,7.58,1,0
-4.26,0.03,0,0
-3.84,1.49,1,0
8.9,-1.42,0,0
-4.46,11.45,0,0
10.74,-1.9,0,0
-3.18,-0.42,0,0
12.61,-3.32,0,0
10.64,-3.0,0,0
13.01,-1.15,1,0
13.18,11.02,1,0
11.56,11.58,0,0
11.89,-3.2,0,0
11.6,0.15,1,0
8.92,13.32,0,0
12.24,-1.08,0,0
-4.17,-0.41,0,0
-3.36,2.54,1,0
11.11,-1.61,0,0
12.99,-1.01,1,0
-0.73,8.12,1,0
14.83,10.29,1,0
-2.42,12.65,0,0
-5.94,1.55,1,0
11.07,-1.17,0,0
11.44,-2.06,0,0
11.86,-3.14,0,0
13.22,-0.61,1,0
10.22,11.29,0,0
8.62,12.58,0,0
7.98,-3.68,0,0
-4.24,1.09,0,0
-5.59,-0.75,1,0
11.58,14.2,0,0
15.98,1.14,1,0
10.58,14.61,0,0
7.06,-2.53,0,0
9.27,0.34,0,0
13.37,-2.07,1,0
-2.53,0.14,0,0
10.56,-2.01,0,0
9.65,13.09,0,0
11.03,-2.16,0,0
11.31,-1.33,1,0
-4.33,-0.61,0,0
-2.69,0.38,1,0
10.07,-2.08,0,0
-0.24,10.78,0,0
9.56,12.94,0,0
10.12,13.13,0,0
10.61,-2.46,0,0
15.96,9.82,1,0
11.86,-1.93,0,0
10.54,14.14,0,0
-2.22,8.16,1,0
9.52,15.22,0,0
-3.87,0.19,0,0
-2.18,5.37,0,0
12.28,14.67,0,0
9.45,-2.45,0,0
10.52,-1.64,0,0
-3.02,10.44,0,0
14.09,-2.91,1,0
-3.74,10.06,0,0
10.32,10.85,1,0
13.89,9.91,1,0
10.31,-0.83,1,0
10.46,10.52,0,0
13.03,-2.24,1,0
-1.86,10.14,0,0
-2.62,-0.49,0,0
10.91,-3.43,0,0
13.48,-2.49,1,0
9.14,-0.24,0,0
-4.25,0.32,0,0
10.47,-3.64,0,0
-5.79,0.6,0,0
10.05,12.03,0,0
-3.37,1.18,1,0
11.14,-2.05,0,0
-1.56,-2.52,0,0
10.87,-2.16,0,0
-1.25,9.5,1,0
9.72,-2.22,0,0
12.87,-0.58,1,0
8.07,-0.81,0,0
-3.85,10.09,0,0
10.15,-1.4,0,0
8.96,12.01,0,0
5.01,5.02,0,0
8.54,11.3,0,0
7.75,-0.3,0,0
-1.24,-1.14,0,0
11.75,13.42,0,0
11.22,-1.94,0,0
-3.88,0.6,0,0
-2.45,1.24,1,0
11.02,-3.58,0,0
12.72,-1.24,0,0
8.73,12.27,0,0
9.49,12.57,0,0
9.47,11.16,0,0
9.6,-2.26,0,0
-6.03,1.36,1,0
9.08,13.25,0,0
-2.52,10.56,0,0
-0.4,8.48,1,0
-4.03,-0.54,0,0
15.01,9.12,1,0
11.51,12.58,0,0
10.45,-1.27,0,0
11.89,-2.65,0,0
10.21,13.35,0,0
-0.25,11.06,1,0
9.32,-2.0,0,0
9.0,11.8,0,0
9.27,13.02,0,0
9.82,10.9,0,0
11.21,-1.22,0,0
-3.13,7.8,1,0
12.93,11.32,1,0
9.27,12.81,0,0
11.35,-4.4,1,0
12.63,-3.59,1,0
9.95,14.66,0,0
11.0,-2.29,0,0
-1.87,8.97,1,0
7.8,13.32,0,0
10.06,13.1,0,0
11.45,-2.83,0,0
-1.0,4.3,1,0
-2.53,-0.72,0,0
11.78,12.35,0,0
-4.89,-0.52,0,0
10.64,11.14,1,0
8.04,13.07,0,0
16.54,10.27,1,0
12.56,-1.14,0,0
10.2,-3.84,0,0
-1.69,11.93,0,0
12.17,9.59,1,0
11.4,-0.54,0,0
11.06,-3.55,0,0
11.27,-2.88,0,0
-4.0,1.06,1,0
12.65,-2.08,0,0
15.52,1.1,1,0
14.09,-1.39,1,0
9.58,-2.3,0,0
-1.86,9.39,1,0
-3.94,-0.43,0,0
14.36,13.47,1,0
11.42,-2.66,0,0
9.73,0.06,0,0
-1.09,10.37,0,0
10.81,-1.38,0,0
8.8,-2.04,0,0
13.08,12.69,1,0
9.29,-2.66,0,0
13.04,-1.11,1,0
16.05,-1.39,1,0
10.92,-4.19,0,0
11.53,-1.84,0,0
13.47,13.25,0,0
-3.47,10.9,0,0
9.08,11.33,0,0
11.15,-1.44,0,0
10.17,12.36,0,0
14.57,13.22,1,0
9.11,12.48,0,0
14.04,-2.1,1,0
10.79,13.21,0,0
-2.87,0.61,0,0
-3.9,0.73,1,0
10.04,12.5,0,0
10.92,-2.32,0,0
-2.38,3.09,1,0
10.34,15.12,0,0
-2.22,7.64,1,0
10.88,-0.78,0,0
11.62,-2.67,0,0
14.21,-1.38,1,0
15.23,-0.23,1,0
12.81,-2.22,0,0
-2.76,-2.16,0,0
9.75,-2.41,0,0
9.36,-0.32,0,0
-2.7,-0.13,0,0
-1.73,10.3,0,0
12.49,-3.27,1,0
10.42,-2.38,0,0
9.08,-2.33,0,0
12.53,9.59,1,0
11.17,-1.68,0,0
-5.83,10.65,0,0
11.26,-0.33,1,0
12.6,1.47,1,0
10.81,-3.34,0,0
11.16,14.21,0,0
9.97,13.88,0,0
9.96,-2.76,0,0
-4.49,-1.03,0,0
12.67,-3.51,0,0
8.06,-2.97,0,0
10.98,-3.33,0,0
9.84,12.81,0,0
11.74,-3.31,0,0
10.33,10.26,0,0
1.85,4.12,0,0
13.21,-2.77,1,0
13.92,0.43,1,0
-3.81,10.27,0,0
11.91,12.59,1,0
-1.82,9.22,1,0
10.0,-1.7,0,0
-3.86,7.43,0,0
-2.76,1.9,1,0
-2.77,0.24,0,0
13.91,-0.07,1,0
12.59,-0.85,1,0
-1.51,0.43,1,0
10.49,-3.1,0,0
10.34,-2.74,0,0
13.81,-1.41,1,0
10.11,13.08,0,0
9.71,12.77,0,0
13.26,-0.36,1,0
10.36,-2.65,0,0
10.27,-2.38,0,0
11.46,-3.08,0,0
11.85,-3.08,0,0
9.17,14.48,0,0
15.58,0.4,1,0
12.76,10.77,1,0
9.92,10.82,0,0
-0.86,-0.09,0,0
13.53,-3.13,1,0
-1.03,11.18,0,0
11.52,-2.99,0,0
10.14,14.06,0,0
11.43,-1.85,0,0
12.25,-0.95,1,0
-4.34,3.86,1,0
12.36,-0.33,1,0
14.28,8.69,1,0
13.42,-3.88,0,0
9.02,9.02,1,0
-1.79,10.09,0,0
-1.09,10.38,0,0
15.28,-1.57,1,0
10.02,-3.79,0,0
-3.82,1.98,1,0
-4.24,2.95,1,0
-1.42,0.04,0,0
9.66,10.84,0,0
-2.26,9.02,1,0
9.8,12.69,0,0
11.39,-0.99,0,0
10.6,12.63,0,0
8.42,13.68,0,0
11.69,11.99,1,0
-2.06,9.18,1,0
10.41,12.97,0,0
15.27,13.58,1,0
9.63,-2.15,0,0
-3.78,1.27,1,0
12.79,9.63,1,0
10.32,-1.36,0,0
9.1,11.74,0,0
12.83,-1.06,1,0
-1.84,10.11,0,0
-3.27,2.55,1,0
8.29,-1.89,0,0
12.53,-2.26,0,0
12.26,-2.24,0,0
9.87,-1.87,0,0
11.35,-1.63,1,0
-2.37,0.04,0,0
10.0,12.49,0,0
12.39,12.92,1,0
10.45,-3.61,0,0
-2.08,11.25,0,0
10.01,11.91,0,0
11.88,-2.92,0,0
11.37,12.76,0,0
-3.26,10.56,0,0
10.06,-1.81,0,0
-2.21,10.35,0,0
12.55,9.93,1,0
9.22,-2.27,0,0
12.61,-1.36,1,0
14.88,11.86,1,0
11.73,-1.29,0,0
11.63,12.89,0,0
10.33,14.56,0,0
14.32,-0.5,1,0
12.39,-3.07,1,0
10.1,-2.24,0,0
11.3,-4.0,0,0
12.7,0.2,1,0
9.25,-2.65,0,0
16.78,1.54,1,0
11.59,-3.24,0,0
15.24,-1.48,1,0
12.91,-1.85,0,0
13.39,-3.49,1,0
12.61,-3.42,1,0
11.39,-3.65,0,0
-5.04,3.99,1,0
8.36,-3.35,0,0
11.2,-2.82,0,0
-2.25,-1.54,0,0
9.57,-4.61,0,0
10.41,11.66,0,0
11.37,-1.57,0,0
10.25,-3.3,0,0
-4.29,0.68,0,0
18.41,1.74,1,1
9.41,12.81,0,0
-2.21,9.84,1,0
10.79,-2.96,0,0
9.94,13.21,0,0
15.09,13.43,1,0
9.96,-1.53,0,0
-1.93,9.47,0,0
12.22,-0.82,0,0
13.0,12.53,1,0
12.42,-4.2,1,0
-3.6,11.25,0,0
-4.13,9.26,1,0
9.96,14.8,0,0
-3.99,10.7,0,0
12.84,10.54,1,0
10.23,-2.34,0,0
10.91,13.87,0,0
-1.23,0.23,0,0
9.28,-2.69,0,0
0.24,-1.09,0,0
12.78,-2.36,0,0
-4.57,-0.66,1,0
11.77,-3.41,1,0
-0.83,10.48,0,0
-2.44,2.07,1,0
10.64,-3.33,0,0
-2.28,-0.3,0,0
15.2,-1.35,1,0
-3.76,0.47,0,0
11.18,-2.21,0,0
-2.0,9.67,0,0
-2.21,1.89,1,0
11.54,-0.69,0,0
10.55,12.94,0,0
11.49,-0.88,1,0
13.77,0.33,1,0
10.99,14.15,0,0
-1.09,9.86,0,0
10.83,-1.41,0,0
13.96,-1.36,1,0
4.95,2.6,0,0
11.96,-1.69,1,0
8.63,12.39,0,0
-3.82,1.49,1,0
8.03,2.55,0,1
-2.7,-1.01,0,0
10.38,-3.74,0,0
12.1,12.07,1,0
11.63,-5.48,0,0
14.42,-1.25,1,0
11.47,-3.08,0,0
13.07,-0.02,1,0
12.01,-1.78,1,0
-4.47,-0.49,1,0
12.48,-2.84,1,0
11.63,-2.65,0,0
10.9,-3.7,0,0
10.61,-3.95,0,0
10.58,-1.64,0,0
10.42,-1.79,0,0
-2.08,9.87,0,0
11.22,-1.01,1,0
4.75,6.11,0,0
12.3,-1.4,0,0
-3.16,-0.36,0,0
-2.33,10.27,1,0
11.82,-1.18,0,0
15.04,-1.13,1,0
14.0,13.11,1,0
-2.5,8.91,1,0
13.15,-1.88,1,0
11.01,-1.34,0,0
12.85,-1.22,1,0
11.49,-1.8,0,0
11.04,-2.48,0,0
14.36,-0.18,1,0
-1.7,0.9,0,0
13.27,0.56,1,0
15.3,11.27,1,0
9.95,-1.97,0,0
10.86,10.38,1,0
-5.45,0.36,1,0
11.86,-2.68,0,0
10.07,-3.66,0,0
8.49,15.48,0,0
14.73,-2.71,1,0
9.54,9.52,0,0
10.78,11.5,0,0
8.89,-2.4,0,0
-3.02,2.63,1,0
16.19,10.8,1,0
10.84,-2.36,0,0
14.31,10.94,1,0
-4.4,0.64,0,0
-1.66,9.08,1,0
11.44,-2.87,0,0
-2.84,0.95,1,0
9.07,-2.65,0,0
9.81,13.51,0,0
11.66,-2.66,0,0
11.69,-0.28,1,0
7.7,-3.96,0,0
9.53,0.18,0,0
10.03,10.66,0,0
-2.53,1.07,1,0
13.61,-0.78,1,0
-2.28,10.04,0,0
16.11,-1.18,1,0
11.59,-1.86,0,0
-3.18,1.42,1,0
10.99,13.51,0,0
-2.21,11.2,1,0
-3.8,-1.02,0,0
8.71,13.21,0,0
-3.43,-0.66,0,0
9.35,13.26,0,0
10.5,13.71,0,0
-3.18,-0.52,0,0
11.24,-4.15,0,0
10.39,11.17,0,0
12.47,-2.82,0,0
8.73,14.87,0,0
14.34,-1.1,1,0
8.6,14.78,0,0
-1.61,0.2,0,0
12.91,13.59,1,0
13.02,-2.0,1,0
-2.46,0.27,0,0
11.74,-0.95,1,0
11.88,-3.27,0,0
8.63,-1.79,0,0
9.5,14.25,0,0
12.36,-4.19,0,0
14.59,-2.64,1,0
-3.63,-1.28,0,0
12.53,-0.72,1,0
-1.97,9.83,1,0
11.47,-2.89,0,0
-3.65,10.1,0,0
-4.75,-0.39,0,0
5.29,-2.31,0,1
11.48,9.92,1,0
11.83,-1.63,0,0
-2.63,0.18,0,0
12.14,-3.16,1,0
8.61,12.79,0,0
9.63,11.92,0,0
14.18,-0.31,1,0
-1.7,1.21,1,0
10.02,-1.26,0,0
13.39,-0.99,1,0
9.83,-2.32,0,0
5.5,4.43,0,0
-4.53,4.32,1,0
10.5,14.41,0,0
10.42,-1.49,0,0
-1.61,1.6,1,0
-3.01,-1.45,0,0
8.83,-2.45,0,0
12.06,-1.59,0,0
-1.95,9.16,1,0
-2.85,-1.2,0,0
8.16,10.37,1,0
11.13,-1.12,0,0
-4.17,0.52,0,0
5.91,3.26,0,0
-2.9,-0.49,0,0
13.33,-2.9,1,0
9.39,11.13,0,0
11.07,13.38,0,0
5.77,3.77,0,0
8.66,13.14,0,0
11.15,-2.1,0,0
-4.14,7.41,0,0
12.7,12.29,1,0
-4.27,8.5,1,0
14.2,10.02,1,0
11.05,15.13,0,0
14.47,13.87,1,0
-3.88,9.69,1,0
14.25,-1.71,1,0
10.46,-1.63,0,0
-2.66,-0.79,0,0
11.53,-2.76,0,0
-2.92,6.97,1,0
11.55,10.15,1,0
13.36,-2.83,1,0
11.34,-0.17,0,0
14.38,0.28,1,0
10.64,-3.58,0,0
-1.87,0.11,0,0
13.18,-2.33,1,0
10.95,14.1,0,0
-3.53,2.13,1,0
12.48,-3.89,1,0
11.34,14.01,0,0
12.85,2.28,1,0
9.99,14.36,0,0
6.46,2.53,0,0
11.47,12.96,0,0
7.83,13.33,0,0
-3.07,1.37,1,0
11.97,11.03,1,0
14.69,-1.81,1,0
-1.79,3.2,1,0
-4.34,0.87,1,0
-1.87,10.09,0,0
11.58,-1.26,0,0
12.08,-2.07,0,0
15.28,-0.46,1,0
12.31,-1.59,0,0
-2.54,1.9,1,0
14.37,0.36,1,0
-1.98,6.12,1,0
-3.22,8.87,1,0
11.15,-1.31,0,0
-0.98,10.15,0,0
-1.61,10.4,0,0
9.74,12.42,0,0
13.55,13.59,1,0
11.93,14.52,0,0
11.82,-3.09,0,0
10.18,-2.98,0,0
9.74,12.01,0,0
9.41,-1.71,0,0
10.13,-2.69,0,0
15.12,-1.31,1,0
9.57,-3.97,0,0
10.49,12.2,0,0
-4.13,1.46,1,0
10.37,-4.09,0,0
8.76,-2.35,0,0
-2.32,-0.48,0,0
9.86,-2.61,0,0
15.01,0.29,1,0
-2.18,7.54,1,0
-1.35,9.81,0,0
9.39,-1.92,0,0
9.93,11.96,0,0
11.35,13.94,0,0
10.38,-3.33,0,0
10.07,14.5,0,0
16.58,3.56,1,1
11.1,-1.92,0,0
10.1,-2.49,0,0
9.43,-2.67,0,0
-5.31,9.05,1,0
-1.81,11.1,0,0
-5.37,0.25,1,0
10.29,-1.99,0,0
12.78,-1.93,1,0
-3.0,10.87,0,0
11.69,13.57,0,0
14.62,-2.17,1,0
7.69,14.34,0,0
9.12,-1.1,0,0
-2.96,10.95,0,0
-0.24,-0.62,0,0
13.63,-0.39,1,0
-4.01,-0.23,0,0
10.42,-0.65,1,0
12.07,-3.73,0,0
11.5,-3.72,0,0
-4.18,1.52,1,0
10.53,11.96,0,0
-1.82,2.84,0,0
12.33,-2.9,1,0
10.29,-1.16,0,0
10.84,12.76,0,0
-1.06,10.81,0,0
10.87,13.02,0,0
11.92,-3.14,0,0
11.8,-1.36,0,0
13.22,-0.39,0,0
8.89,-3.18,0,0
10.0,10.53,0,0
-3.21,7.86,1,0
9.74,-3.06,0,0
-3.48,8.56,1,0
12.84,4.09,1,1
12.71,-0.21,0,0
11.1,-1.96,0,0
16.0,1.01,1,0
0.02,7.24,1,0
11.11,11.53,1,0
12.27,-0.41,1,0
8.96,-3.0,0,0
11.08,12.03,0,0
13.46,-0.97,1,0
-3.54,10.38,0,0
14.96,-0.01,1,0
12.32,-1.32,0,0
9.46,-1.77,0,0
12.43,14.07,0,0
12.21,-0.88,0,0
9.75,13.12,0,0
11.76,12.11,1,0
-3.88,-0.22,0,0
-4.09,1.78,1,0
-4.53,5.26,1,0
10.82,14.45,0,0
-2.84,2.49,1,0
14.76,0.79,1,0
-4.22,-0.25,0,0
-3.01,0.41,0,0
9.36,11.67,0,0
-3.4,9.65,1,0
10.44,15.61,0,0
12.73,-0.77,1,0
10.23,-4.0,0,0
9.72,12.05,0,0
8.51,13.48,0,0
13.65,-4.25,1,0
-4.8,0.35,1,0
-4.19,1.23,1,0
10.81,12.22,0,0
-2.4,3.56,1,0
12.95,-2.16,1,0
-2.07,1.19,0,0
11.64,-1.64,0,0
-3.47,7.15,1,0
-3.86,-1.97,0,0
11.52,-1.69,0,0
12.56,-0.94,1,0
12.58,-3.89,1,0
-2.37,1.32,1,0
-1.35,9.9,0,0
14.02,14.2,1,0
11.4,-0.69,1,0
-3.91,0.15,0,0
-1.67,3.79,1,0
10.77,12.8,0,0
-3.34,1.91,1,0
15.29,-0.02,1,0
14.6,13.17,1,0
-1.29,8.21,1,0
-4.31,0.24,0,0
-1.25,7.71,1,0
12.23,-1.57,0,0
9.15,12.84,0,0
10.71,11.56,0,0
11.81,-2.8,0,0
-2.05,1.62,0,0
-3.47,-0.43,0,0
9.89,11.66,0,0
12.83,-2.26,0,0
-3.7,10.23,0,0
9.96,13.82,0,0
10.52,-0.34,0,0
12.57,-1.2,0,0
-3.45,3.12,1,0
11.11,-3.22,0,0
10.37,11.64,0,0
7.39,14.29,0,0
-3.07,3.41,1,0
9.48,-2.75,0,0
11.6,0.02,1,0
10.72,-2.23,0,0
13.65,-0.34,1,0
-4.34,11.13,0,0
-3.99,2.0,1,0
-2.58,-2.33,0,0
11.86,-1.45,1,0
-2.18,10.37,0,0
11.72,9.39,1,0
-2.28,9.32,1,0
-1.83,7.34,1,0
10.72,-1.43,0,0
-1.51,0.43,0,0
1.78,6.35,0,1
12.92,-0.44,1,0
13.51,-1.8,1,0
11.42,12.58,0,0
11.14,-1.07,0,0
9.53,-3.47,0,0
10.33,12.95,0,0
-4.57,1.1,1,0
-1.2,6.86,1,0
-3.85,11.18,0,0
9.91,-1.19,0,0
10.48,14.58,0,0
9.53,-2.77,0,0
8.48,14.05,0,0
-4.07,-0.12,0,0
-2.21,0.89,0,0
10.81,0.39,1,0
12.2,-0.94,1,0
9.25,-1.19,0,0
15.12,-0.2,1,0
11.46,-3.05,0,0
13.67,10.57,1,0
9.67,-2.19,0,0
10.98,-1.49,0,0
9.36,14.51,0,0
12.58,-1.64,1,0
11.39,-0.5,1,0
8.95,-1.71,0,0
10.38,11.77,0,0
-3.85,1.15,1,0
11.85,8.52,1,0
10.73,0.07,1,0
7.29,14.19,0,0
-3.08,8.71,1,0
-2.47,-0.77,0,0
9.42,-1.52,0,0
9.53,-2.84,0,0
12.26,13.68,1,0
-5.21,-0.27,0,0
11.97,-1.8,0,0
16.03,-1.23,1,0
-1.89,12.19,0,0
-4.33,0.94,1,0
10.62,-4.52,0,0
9.88,0.4,0,0
17.5,-0.91,1,0
-2.42,8.27,1,0
11.82,-1.81,0,0
11.87,9.13,1,0
9.48,12.52,0,0
9.15,-2.37,0,0
-3.48,10.37,0,0
9.5,-1.98,0,0
10.06,10.69,0,0
-1.49,10.68,0,0
-3.85,0.38,0,0
13.92,-0.99,1,0
11.66,-2.62,0,0
11.71,-3.16,0,0
10.79,14.07,0,0
-3.9,7.93,1,0
10.47,-3.73,0,0
-3.32,10.91,0,0
-4.19,0.68,1,0
9.93,10.41,0,0
-4.04,1.87,1,0
-1.19,8.41,1,0
10.87,12.24,1,0
6.36,-4.82,0,1
12.04,-2.23,0,0
8.76,-2.63,0,0
11.66,-2.82,0,0
-0.68,10.86,1,0
-2.9,11.91,0,0
12.88,-2.4,1,0
-2.12,9.56,1,0
11.0,13.23,0,0
9.83,15.57,0,0
8.31,13.38,0,0
13.09,-1.81,1,0
10.37,-2.03,0,0
9.46,14.15,0,0
-4.88,5.25,1,0
10.36,-3.08,0,0
10.42,-4.46,0,0
10.98,-2.7,0,0
10.96,10.61,0,0
-2.8,1.01,0,0
13.61,-2.48,1,0
-3.51,2.06,1,0
9.0,-1.79,0,0
13.36,11.59,1,0
-6.0,1.9,1,0
-0.39,11.09,1,0
-3.17,9.72,1,0
12.6,11.49,1,0
-0.81,11.65,0,0
13.21,0.09,1,0
10.29,-1.0,0,0
-3.36,0.33,0,0
10.77,12.9,0,0
10.09,12.87,0,0
-3.98,8.18,1,0
12.96,-2.07,1,0
-2.78,0.05,0,0
17.74,11.07,1,0
-4.14,6.85,1,0
12.28,-0.79,0,0
10.27,11.72,0,0
7.88,14.0,0,0
9.0,-3.2,0,0
13.19,-0.55,0,0
11.68,-1.7,0,0
-4.24,5.88,1,0
13.75,-2.15,1,0
-4.69,12.02,0,0
10.87,-2.01,0,0
13.7,0.39,1,0
14.69,0.26,1,0
-2.44,8.79,1,0
12.98,9.38,1,0
-2.39,-0.91,0,0
12.76,-3.18,1,0
16.01,0.46,1,0
12.59,0.29,1,0
10.36,-2.51,0,0
9.05,15.45,0,0
-0.98,9.71,1,0
-3.94,3.61,1,0
11.1,-1.32,0,0
11.08,-2.18,0,0
11.71,-2.61,0,0
12.47,-0.6,1,0
11.73,-2.07,0,0
13.21,10.79,1,0
11.51,-1.71,0,0
-3.11,0.15,1,0
12.54,-1.44,1,0
11.27,13.12,0,0
9.84,-3.08,0,0
-2.54,-0.73,0,0
-1.33,8.7,1,0
10.58,13.89,0,0
11.74,13.97,0,0
-2.74,0.16,0,0
8.98,12.28,0,0
-2.88,-0.32,0,0
14.32,-2.79,1,0
10.64,-1.7,0,0
-4.03,-0.43,1,0
10.35,13.09,0,0
13.37,10.7,1,0
12.18,-0.16,1,0
12.36,10.0,1,0
7.98,-2.66,0,0
8.95,13.24,0,0
11.33,-1.96,0,0
11.88,11.44,1,0
-2.91,-0.29,0,0
8.38,13.2,0,0
-2.64,9.54,0,0
9.71,13.0,0,0
12.7,12.72,1,0
-4.01,7.64,1,0
-2.51,-1.59,0,0
10.29,-2.91,0,0
9.57,-3.09,0,0
10.57,14.42,0,0
-1.23,10.4,1,0
13.08,-2.25,1,0
-4.19,0.61,1,0
12.1,-4.33,1,0
10.69,-2.82,0,0
-2.12,9.74,0,0
13.05,-3.01,1,0
-2.81,10.0,0,0
12.24,-3.14,1,0
10.33,13.46,0,0
11.09,13.9,0,0
11.61,12.43,1,0
-4.89,1.8,1,0
-2.07,9.96,0,0
10.68,-2.88,0,0
10.03,-1.99,0,0
10.7,-2.17,0,0
-3.69,9.72,0,0
11.27,-1.68,0,0
-2.5,1.64,1,0
12.95,-0.54,1,0
8.92,-2.35,0,0
11.46,-3.07,0,0
10.3,-1.65,0,0
-3.16,9.72,1,0
11.17,-2.73,0,0
-2.59,2.86,1,0
11.99,-2.22,0,0
8.77,-2.85,0,0
13.2,-3.28,1,0
-2.07,10.41,0,0
-2.54,-1.2,0,0
13.38,-1.66,1,0
15.19,1.68,1,0
13.3,10.64,1,0
12.59,-1.25,0,0
9.68,11.78,0,0
-2.91,1.56,1,0
-2.3,-0.55,0,0
-5.28,3.06,1,0
12.95,-1.44,1,0
13.35,-2.26,1,0
12.77,-2.12,1,0
12.33,6.52,1,1
12.47,-0.58,0,0
10.26,12.88,0,0
12.07,-3.35,0,0
11.44,-3.4,0,0
-1.1,10.25,0,0
10.09,11.94,0,0
11.71,-1.61,0,0
-4.2,10.83,0,0
12.25,-2.54,0,0
10.11,11.12,0,0
13.31,10.24,1,0
13.52,0.12,1,0
-3.99,0.02,0,0
12.4,-1.23,0,0
10.88,-4.94,0,0
13.46,11.03,1,0
-2.7,-0.85,0,0
12.23,-3.74,0,0
9.74,13.07,0,0
-5.85,0.29,1,0
10.69,13.62,0,0
9.5,12.68,0,0
11.28,13.2,0,0
-2.46,-1.83,0,0
14.52,0.15,1,0
9.5,13.04,0,0
9.84,-4.39,0,0
10.45,-1.43,0,0
11.77,13.97,0,0
10.4,-3.53,0,0
-1.64,0.09,0,0
-4.0,-0.28,0,0
-2.85,2.49,1,0
-3.41,11.42,0,0
11.91,12.97,1,0
-3.19,-1.22,0,0
10.11,-1.76,0,0
14.09,8.26,1,0
11.4,-3.45,0,0
8.47,-2.78,0,0
9.44,13.71,0,0
10.99,-1.17,0,0
11.16,12.18,0,0
13.43,-0.63,1,0
11.42,13.86,0,0
12.22,9.92,1,0
13.21,11.79,1,0
9.88,-3.12,0,0
12.99,-3.13,1,0
14.94,12.14,1,0
12.28,-2.31,0,0
11.31,-2.99,0,0
11.2,-2.28,0,0
12.43,11.57,1,0
-2.77,0.07,0,0
16.76,1.27,1,0
11.33,-3.64,0,0
-2.3,-0.38,0,0
10.38,11.75,0,0
9.54,-3.16,0,0
8.6,-2.76,0,0
-1.56,-0.73,0,0
8.9,-2.76,0,0
10.44,13.02,0,0
14.36,-1.85,1,0
-2.37,-0.37,0,0
14.12,11.08,1,0
9.12,-1.69,0,0
10.84,-2.87,0,0
11.91,-3.12,0,0
12.48,-0.56,1,0
-2.27,0.2,0,0
11.69,13.97,1,0
10.47,11.91,0,0
8.98,12.41,0,0
2.31,3.43,0,0
-1.83,10.5,0,0
8.94,-2.89,0,0
13.65,10.06,1,0
14.29,0.03,1,0
12.84,-0.17,1,0
10.26,-0.14,0,0
-1.79,3.14,1,0
-1.69,9.05,1,0
10.88,-2.69,0,0
11.06,-1.85,0,0
16.34,-1.1,1,0
9.9,12.31,0,0
11.66,-0.52,0,0
10.37,-1.62,0,0
14.24,-0.78,1,0
-1.2,-1.18,0,0
8.41,-2.85,0,0
11.79,-0.85,0,0
-1.84,0.39,0,0
10.19,-1.67,0,0
13.02,13.14,1,0
9.77,-1.74,0,0
-2.96,10.72,1,0
9.2,12.91,0,0
8.23,-1.59,0,0
-4.0,0.39,0,0
11.38,0.17,1,0
11.06,-2.0,0,0
6.92,12.3,0,0
10.04,13.18,0,0
-3.06,0.04,0,0
7.07,14.39,0,0
10.63,12.61,0,0
11.62,-4.97,0,0
10.69,13.34,0,0
10.71,13.42,0,0
12.45,-3.1,1,0
9.67,-2.8,0,0
-2.54,9.69,0,0
13.32,-1.83,1,0
10.28,14.79,0,0
-4.04,1.04,1,0
11.98,-2.65,1,0
10.95,11.83,1,0
12.52,-2.16,0,0
13.65,11.35,1,0
11.52,11.6,1,0
10.45,-3.65,0,0
8.12,-0.54,0,0
12.74,13.53,0,0
9.92,13.42,0,0
12.71,15.24,0,0
15.11,-4.66,1,0
-0.92,10.08,1,0
10.57,-2.45,0,0
13.84,9.91,1,0
14.13,-0.02,1,0
10.37,-1.83,0,0
10.81,11.73,1,0
9.95,12.72,0,0
15.35,1.57,1,0
9.37,-1.85,0,0
-2.64,2.39,1,0
-6.17,1.36,1,0
16.85,-0.41,1,0
13.83,1.67,1,0
11.61,13.04,0,0
12.11,-0.9,0,0
-4.1,0.48,0,0
-2.6,1.15,1,0
10.07,11.95,0,0
-2.44,-0.93,0,0
11.4,-0.79,1,0
-3.83,0.26,0,0
11.91,-0.83,1,0
-4.03,-1.79,0,0
11.99,10.02,1,0
-4.43,-0.27,1,0
11.62,-3.0,0,0
12.01,14.42,0,0
10.99,-2.42,0,0
-3.43,11.43,0,0
10.08,-2.91,0,0
12.7,-2.03,1,0
-0.83,0.16,0,0
8.3,12.18,0,0
11.14,9.5,1,0
14.96,0.09,1,0
9.82,9.96,0,0
10.7,-1.78,0,0
8.53,14.35,0,0
-3.51,11.15,1,0
9.2,11.6,0,0
-1.03,10.12,1,0
-2.04,0.37,0,0
11.2,14.18,0,0
10.57,-3.18,0,0
12.25,11.77,1,0
9.71,11.84,0,0
-4.03,7.89,1,0
-4.75,8.38,1,0
10.72,-3.01,0,0
-3.22,12.01,0,0
-2.97,-0.68,0,0
-3.54,0.83,1,0
11.74,11.49,1,0
14.92,13.15,1,0
7.8,12.15,0,0
9.94,-2.95,0,0
-2.1,9.9,0,0
12.5,-0.59,1,0
11.3,-3.11,0,0
-3.1,10.28,0,0
10.62,-1.59,0,0
8.95,-2.79,0,0
10.3,-1.97,0,0
10.9,-1.6,0,0
10.94,8.72,0,0
15.47,3.98,1,1
8.1,-2.73,0,0
16.45,0.18,1,0
14.72,10.98,1,0
9.77,-1.51,0,0
-2.64,-0.55,0,0
-1.75,8.6,1,0
-4.09,1.93,1,0
10.35,-2.07,0,0
11.19,10.73,1,0
9.5,-1.21,0,0
-3.3,-0.62,0,0
9.76,12.31,0,0
10.17,-3.11,0,0
-2.53,0.57,0,0
-4.21,-0.71,0,0
-3.12,-0.79,0,0
9.54,0.02,0,0
16.73,-0.86,1,0
11.11,-3.95,0,0
10.82,12.63,0,0
10.54,-3.86,0,0
10.15,13.0,0,0
13.88,-1.09,1,0
10.23,9.16,1,0
11.5,14.33,0,0
10.34,-2.65,0,0
11.41,12.59,0,0
9.61,11.58,0,0
11.71,12.3,1,0
11.83,14.31,0,0
9.15,14.65,0,0
12.5,-1.5,0,0
8.95,14.48,0,0
7.79,14.2,0,0
9.55,12.92,0,0
-4.43,11.51,0,0
11.1,-1.41,0,0
-0.89,-0.01,0,0
13.84,-1.13,1,0
-4.78,0.9,1,0
-4.34,0.41,0,0
-4.06,-1.72,0,0
-4.27,2.26,1,0
12.61,-0.81,0,0
11.44,-4.17,0,0
-3.94,-0.15,0,0
10.33,12.49,0,0
11.46,-2.69,0,0
3.75,4.31,0,0
10.71,11.65,1,0
-2.28,1.99,1,0
11.02,-3.89,0,0
11.29,14.5,0,0
11.01,-2.98,0,0
10.53,-1.56,0,0
10.73,-1.02,0,0
11.72,-3.17,0,0
10.75,-2.44,0,0
14.44,1.28,1,0
-2.76,11.99,0,0
9.64,-0.99,0,0
10.72,-1.56,0,0
14.21,-2.32,1,0
14.32,8.56,1,0
11.39,-2.83,0,0
9.15,12.73,0,0
10.24,10.23,0,0
-3.03,2.52,1,0
-4.41,-0.41,0,0
11.73,-3.5,0,0
-3.18,6.93,1,0
12.1,-2.98,0,0
10.81,-0.93,0,0
-4.51,0.44,0,0
10.9,-2.48,0,0
15.67,1.37,1,0
14.59,13.47,1,0
10.03,16.34,0,0
-5.24,3.09,1,0
12.58,11.62,1,0
10.26,-2.52,0,0
-3.56,10.31,1,0
-1.26,8.29,1,0
8.61,12.3,0,0
13.33,-1.95,1,0
11.53,-3.45,0,0
14.41,13.17,1,0
9.42,-1.04,0,0
11.91,-1.62,0,0
13.85,-0.81,0,0
10.71,-4.49,0,0
13.43,7.08,1,0
10.48,-0.49,0,0
-3.94,-0.43,0,0
12.58,-2.42,1,0
10.57,-0.24,0,0
-2.09,-0.9,0,0
10.56,-3.38,0,0
9.87,-1.93,0,0
13.03,13.96,1,0
-4.46,-1.34,0,0
12.65,-3.05,0,0
12.66,-0.38,1,0
10.78,13.02,0,0
10.9,-1.34,0,0
-1.37,7.93,1,0
11.01,11.21,1,0
13.89,-1.71,1,0
11.43,12.19,0,0
10.64,11.24,0,0
-3.56,6.91,1,0
12.37,0.2,1,0
9.33,9.28,0,0
8.36,11.98,0,0
10.4,-3.66,0,0
-2.89,6.39,1,0
10.8,-2.29,0,0
10.27,-1.4,0,0
12.3,-3.12,1,0
8.54,-3.0,0,0
11.04,-0.51,1,0
14.87,11.01,1,0
-3.89,10.96,0,0
12.64,-0.53,1,0
8.99,1.09,0,0
12.42,11.53,1,0
9.03,13.01,0,0
9.76,13.8,0,0
12.25,-0.05,1,0
-1.93,10.23,0,0
13.63,13.58,1,0
11.25,-4.73,0,0
10.13,-2.12,0,0
-1.24,9.04,1,0
14.47,-1.16,1,0
11.3,13.15,0,0
9.14,9.57,0,0
11.86,-2.97,0,0
8.94,12.37,0,0
11.73,11.59,1,0
11.02,16.04,0,0
10.37,-2.51,0,0
12.11,-3.35,0,0
9.66,-3.53,0,0
8.33,12.6,0,0
-2.87,1.8,0,0
10.2,-3.46,0,0
-3.91,-0.11,0,0
-3.78,8.25,1,0
13.59,-2.47,1,0
-2.89,10.17,0,0
13.81,11.68,1,0
16.38,1.22,1,0
-4.58,2.09,1,0
14.83,0.11,0,0
12.93,-1.92,1,0
10.25,-3.9,0,0
10.41,10.44,0,0
-4.12,10.24,1,0
10.27,13.35,0,0
10.43,14.61,0,0
-4.5,7.52,1,0
11.15,-4.3,0,0
9.24,-2.37,0,0
11.31,-2.91,0,0
12.83,-1.2,1,0
7.26,13.21,0,0
11.52,13.05,0,0
8.5,-2.58,0,0
-1.89,8.02,1,0
11.38,-1.82,0,0
-2.58,2.37,1,0
-2.46,1.46,0,0
10.78,-1.92,0,0
10.94,15.44,0,0
10.84,12.49,0,0
13.32,-3.33,1,0
-1.5,10.37,0,0
13.75,10.0,1,0
12.47,-0.18,1,0
-2.84,0.56,0,0
9.69,-2.11,0,0
10.41,12.2,0,0
12.3,-1.32,1,0
10.5,11.99,0,0
-2.78,0.13,0,0
10.59,14.39,0,0
11.72,8.76,1,0
-4.79,7.5,1,0
-1.78,3.59,1,0
9.5,12.14,0,0
14.19,-1.03,1,0
-4.86,0.74,1,0
10.99,-0.65,1,0
10.23,13.65,0,0
9.83,14.1,0,0
16.95,-0.1,1,0
11.54,-2.87,0,0
4.46,3.91,0,0
13.36,-0.12,1,0
8.36,14.24,0,0
10.86,14.62,0,0
11.23,-1.96,0,0
13.81,9.01,1,0
9.8,14.62,0,0
-3.81,1.62,1,0
9.9,-3.44,0,0
12.44,-2.22,0,0
11.46,14.34,0,0
11.86,-1.85,0,0
11.48,12.81,0,0
-3.11,3.62,1,0
9.58,11.92,0,0
14.24,-2.27,1,0
10.9,-2.33,0,0
10.63,-3.2,0,0
10.74,-3.28,0,0
13.95,-3.79,1,0
12.23,-2.23,0,0
13.17,-1.03,1,0
13.76,-0.89,1,0
9.25,-3.63,0,0
9.29,-2.09,0,0
11.83,9.26,1,0
10.51,-1.48,0,0
12.83,-3.09,1,0
10.72,-3.43,0,0
9.25,12.21,0,0
9.51,12.03,0,0
11.06,-3.51,0,0
10.61,0.64,1,0
11.07,-1.94,0,0
12.52,-2.97,0,0
12.66,-2.69,0,0
-2.73,-0.52,0,0
10.45,-2.01,0,0
10.75,-1.37,0,0
-4.11,1.82,1,0
14.72,-1.14,1,0
13.46,-2.16,1,0
10.81,-2.76,0,0
14.01,1.53,1,0
10.54,-1.63,0,0
9.28,12.51,0,0
12.21,-2.75,1,0
-4.64,-0.35,0,0
9.73,-2.25,0,0
10.86,-1.57,0,0
8.54,-4.38,0,0
11.94,-3.8,0,0
-1.53,9.1,1,0
9.79,13.62,0,0
-2.02,9.36,0,0
12.99,11.17,1,0
13.96,12.24,1,0
10.86,-1.29,0,0
-2.55,12.19,0,0
-2.96,-1.32,0,0
-3.07,8.18,1,0
-1.12,10.03,1,0
11.86,-2.48,0,0
14.3,10.24,1,0
-2.0,9.37,1,0
9.8,-2.01,0,0
9.64,11.91,0,0
10.08,14.39,0,0
5.28,4.35,0,0
9.29,12.88,0,0
10.56,-2.35,0,0
11.89,-2.63,1,0
9.3,11.55,0,0
11.07,-1.86,0,0
-1.8,9.44,1,0
9.05,12.56,0,0
14.21,8.14,1,0
13.53,10.47,1,0
13.69,-1.83,1,0
11.62,13.35,0,0
10.91,10.41,1,0
10.61,15.17,0,0
11.6,-3.51,0,0
-3.06,8.01,1,0
8.36,-2.47,0,0
-3.95,0.66,1,0
9.42,13.57,0,0
9.57,-2.4,0,0
-3.33,0.15,0,0
13.76,0.39,1,0
10.13,-3.71,0,0
11.39,10.9,1,0
11.71,12.29,0,0
9.57,-3.1,0,0
11.22,-1.86,0,0
-1.72,-0.43,0,0
12.57,-2.72,0,0
9.18,14.19,0,0
14.97,11.05,1,0
8.84,-2.97,0,0
-5.27,2.93,1,0
11.54,10.76,1,0
-3.6,1.37,0,0
10.56,-2.42,0,0
11.63,12.47,0,0
11.31,-3.99,0,0
-3.21,3.45,1,0
10.39,-4.62,0,0
11.56,-2.79,0,0
11.33,-3.12,0,0
5.03,5.41,0,0
12.47,-1.51,1,0
9.91,11.92,0,0
9.42,12.55,0,0
10.23,-2.11,0,0
-2.45,7.16,1,0
14.4,10.65,1,0
9.62,12.64,0,0
-3.65,9.04,0,0
-5.07,2.41,1,0
10.99,11.96,0,0
1.01,4.46,0,0
11.33,-5.15,0,0
-4.07,0.1,1,0
-5.59,2.12,1,0
-5.09,2.87,1,0
-2.53,-1.03,0,0
10.76,-1.57,0,0
14.7,-1.37,1,0
11.12,13.23,0,0
15.88,-0.38,1,0
-3.3,1.24,1,0
11.6,-3.48,0,0
10.29,13.63,0,0
11.2,-2.03,0,0
-3.83,3.64,1,0
-0.74,11.07,0,0
8.76,14.57,0,0
6.33,4.01,0,0
10.15,-3.18,0,0
11.13,11.94,1,0
12.18,-3.03,0,0
12.73,-0.85,1,0
8.83,-2.85,0,0
11.77,-2.67,0,0
-2.89,-0.32,0,0
10.68,-0.84,1,0
-4.03,-0.63,0,0
9.22,12.46,0,0
11.11,-3.8,0,0
9.21,15.09,0,0
12.09,-2.92,0,0
-1.93,-1.53,0,0
-3.84,0.5,0,0
-1.4,10.92,0,0
13.01,-1.06,0,0
-2.0,10.01,0,0
14.68,10.05,1,0
10.5,11.24,0,0
-3.79,-0.24,0,0
-5.02,0.56,1,0
10.85,12.31,0,0
12.15,-2.89,1,0
10.42,13.72,0,0
-5.33,1.06,1,0
10.8,10.5,0,0
12.46,0.02,1,0
10.55,12.51,0,0
15.09,-1.02,1,0
-3.81,11.47,0,0
-2.38,0.14,0,0
-1.61,10.69,0,0
12.89,-1.05,1,0
12.65,8.95,1,0
9.31,13.45,0,0
9.46,12.25,0,0
12.69,-3.94,1,0
9.96,-1.11,0,0
14.12,-1.55,1,0
10.85,-1.84,0,0
-2.81,9.48,1,0
7.83,13.87,0,0
11.4,13.72,0,0
-4.15,8.18,1,0
10.33,-1.04,0,0
-1.55,10.22,0,0
-4.93,0.78,1,0
9.94,12.35,0,0
10.9,-2.36,0,0
10.33,11.42,0,0
8.89,-4.97,0,0
9.6,12.69,0,0
11.64,-2.86,0,0
11.16,14.2,0,0
11.31,-1.42,0,0
-2.29,0.12,0,0
9.22,-2.57,0,0
11.68,0.36,1,0
11.85,-3.22,0,0
13.82,10.33,1,0
10.44,12.09,0,0
9.37,12.21,0,0
-3.3,11.39,0,0
-2.86,8.36,1,0
9.4,-3.16,0,0
9.93,14.13,0,0
10.1,-3.55,0,0
10.94,-1.45,0,0
13.35,-1.87,1,0
-1.95,-1.02,0,0
-3.25,3.37,1,0
-2.78,4.58,1,0
13.69,-0.66,1,0
-2.54,0.65,0,0
-3.97,0.76,0,0
-2.88,3.6,1,0
10.18,-1.85,0,0
10.33,11.96,1,0
12.09,11.18,1,0
-2.53,9.93,0,0
12.82,10.93,1,0
11.47,-6.53,0,0
9.65,13.01,0,0
12.24,-2.88,1,0
12.38,12.37,1,0
12.43,-1.52,0,0
10.98,-1.4,0,0
-3.57,8.99,1,0
-4.27,4.35,1,0
10.54,11.63,0,0
-4.53,9.92,0,0
13.05,-0.58,1,0
11.47,13.91,0,0
13.34,-0.5,1,0
9.54,-2.75,0,0
-2.19,1.9,1,0
9.72,13.17,0,0
-1.45,8.4,1,0
11.86,11.05,1,0
-2.17,0.19,0,0
12.66,-2.44,0,0
11.4,14.92,0,0
10.99,14.82,0,0
10.04,-1.93,0,0
7.69,-3.73,0,0
-1.89,8.69,1,0
12.2,-0.78,0,0
11.95,14.39,0,0
13.22,9.81,1,0
16.8,8.78,1,0
9.01,-2.9,0,0
10.42,-3.53,0,0
9.12,13.84,0,0
12.46,-2.53,0,0
11.05,-1.32,0,0
9.16,14.11,0,0
15.22,-1.88,1,0
10.71,13.9,0,0
-1.32,10.25,0,0
-3.2,0.24,0,0
10.76,-1.47,0,0
11.65,11.68,1,0
11.39,-1.61,1,0
-1.98,0.14,0,0
10.88,-0.93,1,0
10.68,13.75,0,0
10.2,15.99,0,0
14.88,1.34,1,0
12.41,-3.14,1,0
-3.79,-0.02,0,0
10.88,12.12,0,0
13.01,-0.57,1,0
10.33,13.61,0,0
11.61,10.43,1,0
13.34,4.26,1,1
10.22,-3.98,0,0
11.75,-0.85,0,0
11.15,9.78,1,0
-0.62,-2.03,0,0
12.41,12.09,1,0
6.32,1.97,0,0
9.19,-1.92,0,0
11.44,-1.34,0,0
11.0,-4.24,0,0
11.39,15.09,0,0
-3.85,-1.68,0,0
-4.0,10.22,0,0
10.31,13.06,0,0
11.31,10.9,1,0
11.21,-1.13,0,0
9.34,-3.48,0,0
10.63,11.67,0,0
15.05,-0.91,1,0
9.93,14.81,0,0
14.67,12.88,1,0
10.57,13.59,0,0
10.87,13.88,0,0
10.62,-3.94,0,0
-3.53,-1.81,0,0
10.61,9.47,0,0
-3.85,0.75,1,0
-3.86,-0.05,0,0
11.9,13.54,1,0
11.32,-0.4,1,0
11.05,-2.19,0,0
9.67,-3.45,0,0
13.91,-0.58,1,0
12.44,15.63,0,0
-3.39,0.01,0,0
13.04,-0.58,1,0
9.0,13.58,0,0
14.99,10.05,1,0
13.95,-0.54,1,0
11.09,13.17,0,0
9.77,10.94,0,0
8.58,12.49,0,0
10.75,-1.63,0,0
-4.32,1.38,1,0
16.97,-0.71,1,0
11.21,-2.54,0,0
14.63,-0.19,1,0
11.36,-0.3,1,0
12.13,-2.94,0,0
-5.75,3.02,1,0
11.11,14.04,0,0
10.44,-3.38,0,0
9.53,0.32,0,0
12.1,-2.57,0,0
8.9,13.02,0,0
-3.0,-0.39,0,0
-2.28,10.64,0,0
10.0,-1.99,0,0
-1.07,10.14,0,0
11.75,12.76,1,0
10.18,-2.04,0,0
-3.86,-1.16,0,0
10.3,12.19,0,0
-3.09,-1.03,0,0
10.77,-3.14,0,0
10.71,-3.52,0,0
-3.99,10.43,0,0
13.12,-5.97,0,0
10.57,-1.57,0,0
11.68,-2.76,0,0
-2.54,-0.94,0,0
10.15,10.93,0,0
13.18,-0.37,1,0
10.86,-3.58,0,0
14.94,-0.88,1,0
-3.05,3.84,1,0
12.26,-0.14,1,0
10.76,12.88,0,0
6.83,13.54,0,0
9.33,13.86,0,0
12.27,-2.08,1,0
11.13,14.18,0,0
6.75,11.99,0,0
-2.2,0.86,1,0
10.32,-2.21,0,0
11.3,-2.06,0,0
11.61,-0.62,0,0
12.87,12.0,1,0
10.72,11.64,0,0
10.87,-2.26,0,0
9.63,12.67,0,0
7.34,-1.12,0,0
8.02,15.27,0,0
12.07,-2.95,0,0
9.46,13.24,0,0
11.48,-0.42,0,0
12.17,13.6,1,0
4.14,17.31,0,1
-2.55,8.2,1,0
10.95,-3.4,0,0
-4.37,11.98,0,0
5.39,7.06,0,0
10.96,-1.42,0,0
11.29,-1.1,1,0
9.87,-2.03,0,0
10.18,12.21,0,0
13.21,-1.21,1,0
9.75,-2.41,0,0
12.91,-3.14,1,0
12.03,-1.66,0,0
15.83,-1.0,1,0
14.7,11.16,1,0
14.24,-1.75,1,0
10.47,-3.67,0,0
9.06,12.44,0,0
-1.0,10.6,0,0
-4.5,2.06,1,0
12.63,-1.3,1,0
10.4,12.95,0,0
10.05,13.0,0,0
14.07,10.56,1,0
7.84,10.8,0,0
-1.8,8.4,1,0
11.79,0.17,1,0
10.86,-3.48,0,0
10.18,-2.05,0,0
-4.87,2.11,1,0
9.49,-2.34,0,0
13.96,-1.41,1,0
-3.07,0.62,0,0
14.7,-1.09,1,0
11.59,-0.01,1,0
13.04,10.38,1,0
9.96,13.04,0,0
2.77,4.37,0,0
14.15,14.12,1,0
9.62,-4.11,0,0
-2.79,7.6,1,0
-1.72,0.09,0,0
10.47,13.86,0,0
-3.52,0.65,1,0
13.58,-2.04,1,0
12.28,-2.85,1,0
9.51,-2.95,0,0
11.96,-0.4,1,0
9.95,-2.52,0,0
11.76,10.06,1,0
11.57,-3.19,0,0
9.54,-3.39,0,0
-3.73,1.86,1,0
10.89,11.02,1,0
10.32,12.95,0,0
8.5,13.51,0,0
-3.97,0.31,0,0
10.86,-0.95,0,0
12.98,0.14,1,0
-3.19,10.69,0,0
-5.64,1.63,1,0
12.55,-1.07,0,0
11.51,9.91,1,0
-3.88,11.28,0,0
14.47,-4.4,1,0
-1.75,10.56,0,0
9.76,-1.27,0,0
10.53,14.34,0,0
-4.65,-0.68,1,0
9.63,13.42,0,0
13.02,-1.07,1,0
11.02,13.13,0,0
8.93,-2.57,0,0
11.83,-2.47,0,0
7.09,-2.76,0,0
-2.05,0.31,1,0
12.82,-0.89,1,0
-2.88,9.92,0,0
11.17,14.66,0,0
-2.99,-0.1,0,0
-2.36,-1.11,0,0
-5.71,-0.08,0,0
-2.48,-2.37,0,0
11.18,10.84,1,0
-0.24,10.33,0,0
13.23,-1.75,1,0
9.29,-1.66,0,0
10.93,-2.38,0,0
10.17,13.49,0,0
8.73,13.88,0,0
10.64,11.2,1,0
-4.49,3.28,1,0
8.9,12.71,0,0
5.38,4.13,0,0
9.22,13.13,0,0
13.04,-2.5,1,0
-2.86,1.3,1,0
10.94,-2.51,0,0
11.75,-3.73,0,0
11.78,-4.81,0,0
5.41,4.4,0,0
12.94,-2.39,1,0
11.74,0.05,1,0
11.81,13.93,0,0
-3.67,-0.65,0,0
-1.36,0.12,0,0
10.56,-1.94,0,0
-2.18,8.09,1,0
10.85,-0.79,1,0
11.76,11.4,1,0
11.88,-1.54,0,0
10.24,-1.54,0,0
-2.96,10.96,0,0
12.87,-2.15,1,0
-1.35,10.6,0,0
14.59,-1.71,1,0
11.0,13.05,0,0
-5.19,1.17,1,0
11.06,-0.96,0,0
10.19,-2.94,0,0
-3.24,10.47,0,0
10.63,9.81,1,0
11.65,15.09,0,0
14.15,-0.54,1,0
12.9,-1.89,1,0
9.6,-4.07,0,0
11.74,11.93,1,0
10.89,-2.28,0,0
-2.65,11.6,0,0
-1.15,10.42,0,0
9.7,-1.64,0,0
13.77,0.03,1,0
11.41,13.56,0,0
11.18,13.05,0,0
8.56,12.7,0,0
8.43,13.73,0,0
-3.54,-0.03,1,0
12.33,-1.4,0,0
-6.35,-1.74,0,0
12.88,-0.22,1,0
-4.24,4.25,1,0
-3.77,8.16,1,0
13.15,-0.27,1,0
-2.08,9.15,1,0
13.85,-3.14,1,0
7.75,-2.61,0,0
12.81,-3.94,1,0
13.25,-3.84,1,0
5.46,6.82,0,0
9.66,-2.16,0,0
8.68,13.57,0,0
10.04,11.61,0,0
10.7,11.84,0,0
-3.92,0.65,0,0
8.24,12.77,0,0
-2.93,8.35,1,0
-3.71,0.12,0,0
-4.94,-0.7,1,0
10.6,-1.95,0,0
-3.19,10.61,0,0
14.76,-1.86,1,0
12.77,-2.07,0,0
-5.43,-1.52,1,0
8.96,-2.1,0,0
9.28,1.84,1,1
-5.52,9.02,1,0
-2.42,0.53,0,0
-3.92,0.24,0,0
-1.33,9.13,1,0
11.5,-2.75,0,0
-0.76,4.52,1,0
-2.44,0.65,0,0
12.23,-2.42,0,0
15.8,0.78,1,0
12.28,9.52,1,0
-1.32,11.05,0,0
-2.97,-0.18,0,0
12.24,-0.36,1,0
11.0,-0.41,0,0
11.25,-1.02,1,0
11.82,-3.51,0,0
-2.13,10.5,0,0
-3.88,-1.03,0,0
12.77,14.64,0,0
-3.86,0.52,0,0
9.63,-2.6,0,0
-1.31,10.31,0,0
9.35,-1.86,0,0
-3.56,1.94,1,0
9.24,-2.39,0,0
11.8,-2.62,0,0
11.99,-1.02,1,0
-5.57,0.15,0,0
10.47,13.62,0,0
9.9,0.95,1,0
-5.35,3.14,1,0
12.45,-2.85,0,0
15.96,-0.18,1,0
10.89,-1.37,0,0
-2.94,-1.32,0,0
10.9,-1.18,0,0
10.51,9.99,1,0
-0.43,0.85,1,0
11.19,-2.12,0,0
-3.16,10.15,0,0
-4.06,0.28,1,0
14.99,-1.95,1,0
-2.35,-0.34,0,0
12.78,-2.32,1,0
9.77,-3.98,0,0
12.75,0.09,1,0
10.36,-2.91,0,0
8.39,-2.22,0,0
13.4,-3.22,1,0
8.97,-1.69,0,0
12.0,-3.13,0,0
13.16,15.63,0,0
9.75,-3.34,0,0
9.28,13.4,0,0
10.4,12.33,0,0
14.81,0.06,1,0
13.78,11.45,1,0
10.88,11.82,1,0
15.29,-0.43,1,0
11.88,0.64,1,0
-1.88,9.86,0,0
12.18,-0.78,0,0
11.14,-3.39,0,0
9.45,-4.3,0,0
-0.36,9.25,1,0
-2.21,4.77,1,0
9.83,-1.75,0,0
12.61,-0.81,1,0
-2.46,10.6,1,0
10.03,13.28,0,0
11.68,12.03,1,0
10.95,10.82,0,0
11.54,-4.46,0,0
11.48,-1.53,0,0
9.87,12.97,0,0
11.17,13.53,0,0
9.41,11.31,0,0
12.28,-3.92,0,0
-4.08,1.9,1,0
-4.22,1.17,1,0
12.06,-1.26,0,0
10.15,-2.75,0,0
-3.86,9.85,0,0
-1.84,-2.02,0,0
10.95,14.79,0,0
10.69,-1.56,0,0
-3.67,2.94,1,0
-0.04,2.5,0,0
-3.69,0.89,1,0
-0.94,8.6,1,0
-3.68,9.95,1,0
11.27,13.28,0,0
-2.15,10.95,0,0
-2.74,-0.31,0,0
-2.95,-0.06,0,0
-4.31,0.96,1,0
-5.11,0.44,1,0
12.6,10.85,1,0
11.57,-3.65,1,0
16.4,12.39,1,0
10.75,13.18,0,0
-2.85,8.06,1,0
11.86,-1.75,0,0
9.69,12.69,0,0
12.18,-2.97,1,0
10.69,-1.43,0,0
14.15,-0.29,1,0
-1.88,-1.39,0,0
-3.66,11.94,0,0
7.47,14.64,0,0
-3.36,-1.93,0,0
11.63,13.93,0,0
12.83,11.1,1,0
-2.49,0.25,1,0
-5.1,1.34,1,0
-2.45,-0.04,0,0
11.8,-2.93,0,0
13.71,-0.92,1,0
-3.51,3.03,1,0
-4.73,-0.07,1,0
11.19,-2.92,0,0
12.2,-2.97,1,0
-4.31,1.43,1,0
14.0,-0.49,1,0
8.82,12.59,0,0
9.03,-3.03,0,0
12.14,-1.37,0,0
10.56,0.1,1,0
12.53,12.14,1,0
-1.87,10.61,0,0
-3.87,-0.05,0,0
-2.6,-1.69,0,0
-2.39,-0.61,0,0
9.39,-0.97,0,0
13.09,-0.5,1,0
6.43,2.69,0,0
12.71,10.65,1,0
13.43,-2.36,0,0
12.11,10.23,1,0
12.48,9.0,1,0
-2.65,-1.68,0,0
11.2,-1.65,0,0
7.76,-3.88,0,0
11.51,12.48,0,0
9.79,-3.94,0,0
-4.14,9.47,0,0
10.31,-4.24,0,0
-3.19,10.15,0,0
11.39,12.68,1,0
10.6,11.55,1,0
-3.97,1.28,1,0
10.9,-1.23,0,0
10.58,-3.76,0,0
-4.65,0.97,1,0
13.16,-1.9,0,0
11.48,12.71,0,0
-3.15,0.06,0,0
12.24,11.31,1,0
10.86,-2.44,0,0
-2.36,-1.22,0,0
4.68,3.51,0,0
10.81,14.93,0,0
-3.19,3.32,1,0
11.21,-1.75,0,0
10.76,13.9,0,0
9.6,-1.37,0,0
-2.11,7.82,1,0
-3.44,9.67,0,0
10.67,-1.7,0,0
12.03,10.01,1,0
-2.7,0.78,1,0
13.08,-0.86,1,0
-3.11,1.66,1,0
10.7,13.5,0,0
9.09,12.83,0,0
-4.42,-0.24,0,0
8.97,12.9,0,0
9.35,-2.74,0,0
11.11,15.01,0,0
13.08,0.93,1,0
11.42,-1.3,0,0
11.89,-0.76,1,0
12.91,13.86,1,0
10.83,14.7,0,0
9.2,-3.3,0,0
11.72,-5.52,0,0
9.61,-2.36,0,0
13.02,-2.21,1,0
9.68,13.33,0,0
12.34,12.25,1,0
-4.69,0.78,1,0
-1.4,8.74,1,0
10.47,-3.4,0,0
12.11,0.43,1,0
12.63,7.64,1,0
10.31,-1.37,0,0
8.94,13.81,0,0
11.12,11.46,1,0
11.28,12.76,0,0
-0.75,2.46,1,0
11.31,-2.91,0,0
10.01,8.79,1,0
-2.33,2.93,1,0
-3.81,-0.44,0,0
9.54,11.89,0,0
9.41,11.98,0,0
9.67,-1.91,0,0
11.54,-0.95,0,0
-2.36,-3.3,0,0
10.01,13.31,0,0
-4.16,1.58,1,0
11.78,-4.05,0,0
-3.92,11.08,0,0
15.33,-1.13,1,0
8.74,-1.79,0,0
-1.37,6.85,1,0
11.0,-1.61,0,0
10.73,-3.74,0,0
8.37,11.93,0,0
10.13,0.26,1,0
-2.01,-0.76,0,0
11.53,-1.52,0,0
11.15,-3.62,0,0
11.73,-2.84,0,0
6.47,5.44,0,0
8.76,0.23,0,0
9.85,11.66,0,0
11.43,-1.84,0,0
10.51,-2.39,0,0
-2.43,0.08,0,0
10.26,-2.84,0,0
-3.24,3.8,1,0
10.77,13.56,0,0
8.64,-2.57,0,0
-2.52,0.76,0,0
-3.47,10.99,0,0
14.11,-1.53,1,0
13.94,-0.73,1,0
13.58,-1.64,1,0
11.36,-2.98,0,0
-3.92,-0.12,0,0
10.33,12.77,0,0
-3.58,-1.25,0,0
11.69,-4.63,0,0
11.62,9.5,1,0
10.9,12.95,0,0
12.17,6.57,1,1
14.04,-0.46,1,0
9.65,-2.82,0,0
10.45,15.71,0,0
12.66,-0.62,1,0
10.74,13.85,0,0
-5.64,5.25,1,0
-4.37,11.77,0,0
11.56,-2.92,0,0
-4.35,0.9,1,0
12.85,8.81,1,0
12.7,10.22,1,0
11.4,12.93,0,0
11.07,-2.31,0,0
12.33,-3.66,1,0
0.61,3.48,0,0
-3.51,3.73,1,0
10.65,-1.54,0,0
12.81,-2.2,0,0
11.38,-3.91,0,0
12.3,-1.46,0,0
11.4,-3.07,0,0
-4.5,2.82,1,0
9.75,-2.92,0,0
8.4,-1.25,0,0
9.95,-3.03,0,0
11.46,12.78,0,0
-3.04,0.94,1,0
10.76,-2.14,0,0
12.45,-2.47,0,0
-1.41,10.83,0,0
9.98,-1.1,0,0
-3.24,0.93,1,0
12.79,9.63,1,0
-1.7,10.5,0,0
10.48,-0.71,0,0
-3.29,-0.68,0,0
-4.91,1.19,1,0
-3.63,10.22,0,0
12.53,-2.2,0,0
10.28,10.99,0,0
2.25,4.57,0,0
11.2,-3.16,0,0
-2.43,1.85,1,0
12.14,12.05,1,0
9.28,12.89,0,0
5.38,5.13,0,0
13.04,-2.86,1,0
9.59,-2.67,0,0
9.68,-2.25,0,0
-2.84,9.79,0,0
-3.74,4.07,1,0
9.22,-2.39,0,0
-2.61,11.75,0,0
15.07,12.48,1,0
10.24,15.16,0,0
-1.65,10.0,1,0
-3.13,1.56,1,0
11.62,-3.35,0,0
8.58,14.19,0,0
8.98,11.95,0,0
11.04,-3.57,0,0
8.14,13.68,0,0
10.23,-1.5,0,0
13.69,-1.67,1,0
10.9,11.56,1,0
10.04,-1.53,0,0
-4.88,2.03,1,0
11.3,-3.66,0,0
-1.17,8.81,1,0
-5.05,10.03,1,0
-2.68,0.1,1,0
-2.86,8.4,1,0
-2.66,11.29,0,0
-5.01,0.85,0,0
-4.84,-0.07,1,0
12.54,10.98,1,0
11.13,15.04,0,0
11.84,9.75,1,0
9.0,-3.66,0,0
10.37,-3.82,0,0
-3.38,9.82,1,0
10.94,-1.71,0,0
10.42,14.24,0,0
11.4,-1.49,0,0
9.47,-2.5,0,0
-2.61,10.09,0,0
9.35,12.67,0,0
10.4,-4.16,0,0
-4.01,0.06,0,0
9.77,-2.33,0,0
11.49,-5.02,0,0
8.05,13.04,0,0
8.37,-2.56,0,0
10.37,-4.54,0,0
-2.86,0.13,1,0
10.5,-3.69,0,0
11.23,-0.95,0,0
-2.02,3.81,1,0
-3.75,-0.33,0,0
16.21,0.27,1,0
-3.87,-0.38,0,0
15.75,1.97,1,0
10.6,-1.64,0,0
11.87,14.33,0,0
12.28,-1.36,0,0
11.67,-3.24,0,0
10.99,-2.81,0,0
8.28,12.9,0,0
12.72,12.79,1,0
9.36,12.96,0,0
11.01,-2.07,0,0
9.51,12.95,0,0
5.22,3.94,0,0
12.74,-0.68,1,0
9.12,-2.37,0,0
11.23,-1.25,0,0
12.94,-2.44,1,0
10.41,-1.63,0,0
-2.31,1.4,1,0
-4.24,-0.99,0,0
9.75,-2.33,0,0
10.79,-1.5,0,0
10.35,-3.85,0,0
10.73,10.74,1,0
0.18,10.3,0,0
12.77,-2.55,1,0
-3.12,-0.67,0,0
13.27,-2.0,1,0
11.03,-2.96,0,0
10.24,11.84,0,0
-2.68,8.38,1,0
-3.77,1.19,1,0
-5.64,0.49,1,0
11.85,-1.55,1,0
10.56,12.97,0,0
11.33,13.88,0,0
8.67,-2.02,0,0
-0.58,8.43,1,0
-2.78,-0.06,1,0
-2.63,1.38,1,0
10.87,12.09,0,0
9.89,11.68,0,0
10.88,-3.22,0,0
10.18,-2.85,0,0
9.97,10.78,0,0
10.15,-3.43,0,0
10.97,-1.4,0,0
14.35,0.54,0,0
9.09,-2.8,0,0
10.1,14.52,0,0
8.03,-4.22,0,0
9.99,14.13,0,0
8.43,-2.46,0,0
9.58,-2.86,0,0
12.81,-2.32,1,0
-1.39,8.55,1,0
14.82,0.43,1,0
11.75,-1.87,0,0
11.39,-2.08,0,0
-4.04,-1.03,0,0
-2.01,10.59,0,0
11.11,-1.5,0,0
4.97,5.04,0,0
-1.04,11.56,0,0
-4.72,-0.19,0,0
11.15,10.27,0,0
11.45,12.78,0,0
12.98,-1.05,0,0
7.82,-2.68,0,0
8.5,-2.03,0,0
-4.27,-0.29,0,0
-3.04,6.2,1,0
-2.27,0.86,0,0
10.71,-1.82,0,0
10.68,-4.77,0,0
-1.59,-1.7,0,0
13.88,0.81,1,0
-5.17,-1.54,0,0
-2.72,-1.16,0,0
10.06,-1.54,0,0
9.82,-1.85,0,0
5.82,4.01,0,0
12.68,-0.56,1,0
-4.29,0.5,1,0
9.63,12.4,0,0
12.09,-2.41,1,0
9.31,-1.94,0,0
10.17,-0.76,0,0
11.22,-1.28,0,0
11.68,-2.77,0,0
9.5,13.39,0,0
-2.01,0.43,0,0
12.14,-0.82,0,0
6.89,16.54,0,1
11.69,10.58,1,0
9.93,-2.78,0,0
13.19,-2.61,1,0
-1.67,-0.46,0,0
-4.25,-0.49,0,0
10.87,-1.58,0,0
10.76,11.76,0,0
13.61,-0.11,1,0
10.89,10.21,1,0
-3.35,1.15,1,0
11.59,-2.47,0,0
14.65,10.23,1,0
12.95,11.71,1,0
-2.32,9.2,0,0
11.31,-2.95,0,0
12.63,12.39,0,0
10.88,10.43,1,0
9.36,11.84,0,0
10.96,-1.75,0,0
-1.97,8.88,1,0
9.89,11.5,0,0
-2.81,-0.33,1,0
8.03,-2.34,0,0
11.55,-2.8,0,0
10.5,-3.57,0,0
9.76,-2.99,0,0
8.32,14.67,0,0
-3.62,0.15,0,0
15.24,10.52,1,0
-2.05,2.18,1,0
13.1,14.13,1,0
-2.19,0.45,0,0
-2.63,8.58,0,0
-4.78,-0.12,0,0
12.88,-1.06,1,0
-4.02,1.87,1,0
11.12,-1.51,0,0
10.99,-1.36,0,0
12.4,-0.61,1,0
10.82,13.82,0,0
-2.14,-1.92,0,0
13.7,13.56,1,0
11.84,10.79,1,0
9.49,-2.01,0,0
9.91,12.59,0,0
-2.49,0.25,0,0
9.04,-2.05,0,0
11.15,11.32,1,0
-2.26,-0.84,0,0
8.78,0.09,0,0
9.75,-3.54,0,0
9.54,11.71,0,0
-3.85,-0.6,0,0
-4.06,0.67,1,0
12.42,-3.52,0,0
13.96,-1.48,1,0
9.53,-3.75,0,0
-2.9,8.54,1,0
14.12,-1.54,1,0
-2.03,10.6,0,0
11.37,-4.03,0,0
13.26,-1.11,0,0
-4.18,-0.57,0,0
10.28,-3.62,0,0
-4.05,10.6,1,0
15.35,-0.94,1,0
10.75,-1.9,0,0
14.64,12.77,1,0
12.07,-1.0,0,0
8.64,-3.01,0,0
10.39,12.38,0,0
-3.7,-0.22,0,0
-3.8,6.48,1,0
14.22,0.23,1,0
2.49,4.0,0,0
8.82,11.78,0,0
11.42,-4.16,0,0
11.8,14.21,0,0
-3.52,9.55,1,0
10.83,-2.57,0,0
10.24,-3.99,0,0
9.19,14.16,0,0
11.24,15.19,0,0
-4.17,0.16,0,0
10.1,-4.04,0,0
9.81,-4.42,0,0
11.89,-1.81,0,0
-4.25,1.89,1,0
11.32,-3.17,0,0
15.29,0.23,1,0
12.08,11.75,1,0
12.64,10.98,1,0
13.51,-1.01,1,0
13.16,0.14,1,0
10.25,-1.26,0,0
10.89,9.83,1,0
12.07,-0.63,0,0
15.65,-1.0,1,0
8.51,-0.31,0,0
10.67,11.4,1,0
14.87,-0.26,1,0
-4.07,-0.34,0,0
11.13,12.61,0,0
-3.31,8.8,1,0
12.49,11.55,1,0
11.76,-3.25,0,0
10.35,-2.36,0,0
10.33,12.42,0,0
11.8,12.91,1,0
10.38,11.73,0,0
10.88,-3.19,0,0
14.27,10.92,1,0
13.69,-1.64,1,0
12.62,-2.04,0,0
11.81,-1.69,1,0
10.11,12.2,0,0
-1.84,9.46,1,0
10.78,11.58,0,0
-3.34,-0.09,0,0
12.22,11.63,1,0
13.73,-2.27,1,0
11.52,-1.55,0,0
10.1,-3.67,0,0
0.83,6.24,1,0
14.37,-1.35,1,0
-2.46,12.03,0,0
11.64,-0.63,1,0
13.08,-1.89,0,0
10.76,-3.59,0,0
9.67,-3.24,0,0
-4.52,1.27,1,0
-4.91,-0.47,0,0
12.62,-0.76,1,0
14.81,14.34,1,0
13.12,-2.36,1,0
2.18,6.6,1,1
11.36,-4.06,0,0
12.61,-2.36,1,0
-1.1,7.57,1,0
11.25,-1.06,0,0
-3.83,-0.81,0,0
9.82,-1.51,0,0
10.71,-3.64,0,0
11.46,13.89,0,0
12.3,-2.64,0,0
-3.23,9.02,0,0
8.67,-2.74,0,0
12.53,-0.78,1,0
10.76,-1.82,0,0
15.67,8.45,1,0
10.87,-1.26,0,0
9.61,13.29,0,0
10.82,-3.74,0,0
-3.61,0.43,0,0
12.74,-2.98,1,0
8.14,11.81,0,0
10.48,-0.46,0,0
11.2,11.39,0,0
9.75,13.13,0,0
-3.29,9.45,1,0
12.51,-0.67,0,0
11.24,-1.64,1,0
14.03,0.93,1,0
10.89,12.89,0,0
11.29,12.91,0,0
12.34,12.66,1,0
7.09,-2.14,0,0
9.33,-1.71,0,0
16.17,10.51,1,0
12.25,12.8,1,0
10.56,-3.71,0,0
-1.56,9.69,1,0
11.25,-1.37,0,0
10.85,-1.65,0,0
-2.72,9.0,1,0
12.98,10.46,1,0
-1.14,9.46,1,0
10.72,-2.23,0,0
-3.63,0.62,0,0
14.19,-1.23,0,0
10.4,12.75,0,0
9.08,-1.38,0,0
13.58,-1.59,1,0
14.46,13.31,1,0
9.8,13.12,0,0
-3.98,4.1,1,0
-2.39,0.85,1,0
-1.99,1.02,0,0
-1.76,9.54,1,0
7.52,13.7,0,0
9.71,-2.2,0,0
10.4,-1.58,0,0
13.83,-1.68,1,0
9.97,12.82,0,0
10.64,-2.99,0,0
10.11,-3.82,0,0
-3.78,0.66,1,0
-3.52,1.55,1,0
7.39,12.85,0,0
11.36,-3.3,0,0
-5.9,-0.61,0,0
12.03,11.02,1,0
11.08,10.48,0,0
11.93,-0.23,1,0
-3.32,-0.57,0,0
11.52,10.19,1,0
-3.02,9.51,1,0
12.39,-2.43,0,0
11.31,13.17,0,0
-3.2,1.3,0,0
13.37,-2.1,1,0
12.44,-3.38,0,0
13.39,8.56,1,0
12.25,-1.32,0,0
-2.08,8.48,1,0
10.72,-3.07,0,0
-2.47,-0.57,0,0
-4.13,10.14,0,0
17.01,-0.41,1,0
-1.1,1.69,1,0
12.51,-2.69,0,0
14.76,12.86,1,0
-1.17,10.97,0,0
11.82,13.49,0,0
10.58,10.09,0,0
11.79,12.65,0,0
9.71,13.91,0,0
10.54,-3.76,0,0
11.51,-2.6,0,0
9.17,-2.59,0,0
-4.72,3.47,1,0
12.89,1.28,1,0
13.66,-1.54,1,0
12.24,12.78,1,0
-6.74,12.03,0,1
10.93,13.0,0,0
10.89,-2.52,0,0
9.76,0.33,1,0
9.18,-2.44,0,0
8.35,-2.38,0,0
-2.57,0.21,0,0
13.07,-1.92,1,0
10.79,-1.48,0,0
11.04,-2.94,0,0
-3.85,10.55,0,0
11.14,11.39,1,0
-3.68,0.03,0,0
-2.36,0.79,0,0
8.18,-1.89,0,0
-4.12,2.23,1,0
9.96,13.22,0,0
-3.6,10.26,0,0
13.12,11.45,0,0
14.11,-1.66,1,0
-2.86,1.76,1,0
10.35,14.6,0,0
-1.1,10.84,0,0
-0.78,10.37,0,0
13.68,-3.08,0,0
14.99,0.37,1,0
11.78,-3.38,0,0
10.83,13.31,0,0
-3.68,10.95,0,0
-3.45,8.8,1,0
10.87,-0.92,0,0
-5.02,8.59,1,0
7.29,-0.86,0,0
-1.75,9.89,1,0
14.38,-0.77,1,0
15.31,9.19,1,0
9.27,-2.76,0,0
-3.47,9.57,0,0
-2.01,8.19,1,0
-3.72,-0.06,0,0
-2.56,10.32,0,0
-3.2,10.96,0,0
11.36,11.57,1,0
-2.71,11.53,0,0
-5.4,1.04,1,0
7.8,13.63,0,0
12.29,-1.07,1,0
-4.5,0.98,1,0
-3.5,9.14,1,0
-4.09,8.99,1,0
-3.56,12.91,0,0
10.19,14.21,0,0
10.78,-4.0,0,0
13.24,-0.43,1,0
-2.12,-0.52,0,0
10.09,-2.57,0,0
12.65,11.49,1,0
10.93,13.46,0,0
10.55,-3.92,0,0
9.58,-4.14,0,0
9.36,13.35,0,0
9.84,13.61,0,0
10.16,-2.52,0,0
-2.17,-1.04,0,0
-0.63,9.29,1,0
-1.43,11.44,0,0
9.25,0.07,0,0
-1.49,1.66,1,0
9.43,12.6,0,0
-2.61,1.52,1,0
-1.93,8.18,1,0
14.07,9.17,1,0
-2.31,3.21,1,0
8.84,12.57,0,0
13.09,-3.12,1,0
9.68,-2.36,0,0
-2.83,11.13,0,0
12.03,12.61,1,0
-1.21,9.93,1,0
9.29,-2.96,0,0
11.11,-1.64,0,0
-3.99,0.02,0,0
-3.6,3.22,1,0
12.76,0.65,1,0
13.41,-2.29,1,0
11.26,13.6,0,0
10.1,12.39,0,0
9.63,-1.26,0,0
14.05,11.38,1,0
-1.62,9.59,1,0
-1.59,10.03,0,0
-3.39,0.37,0,0
-2.34,10.0,0,0
9.76,11.64,1,0
-0.7,10.69,0,0
8.01,-2.23,0,0
4.09,4.94,0,0
10.87,13.18,0,0
11.26,12.8,0,0
12.48,11.98,1,0
11.79,-2.64,0,0
13.28,-2.26,1,0
14.42,-1.56,1,0
10.87,-0.92,0,0
7.67,-0.65,0,0
14.84,9.99,1,0
12.99,12.39,1,0
-5.61,2.56,1,0
11.85,-3.19,0,0
-5.35,0.6,1,0
13.14,-2.44,1,0
15.05,1.12,1,0
12.68,12.99,1,0
9.88,-2.1,0,0
9.93,11.77,0,0
12.21,12.4,1,0
-1.4,1.44,0,0
12.14,-4.05,0,0
9.28,-1.07,0,0
11.62,-0.5,0,0
-4.33,-0.3,0,0
10.83,-1.68,0,0
10.21,-4.09,0,0
9.73,12.2,0,0
9.21,-0.7,0,0
12.29,-1.47,0,0
14.78,3.88,1,1
12.85,-3.84,0,0
8.85,13.35,0,0
19.73,2.57,1,1
13.92,10.99,1,0
9.68,11.74,0,0
8.79,-2.63,0,0
12.56,-0.64,1,0
11.45,12.71,0,0
6.85,-1.78,0,0
-4.45,-2.72,0,0
8.71,14.83,0,0
13.01,9.09,1,0
13.41,9.17,1,0
13.52,-1.66,1,0
10.77,-3.59,0,0
-3.76,10.93,0,0
9.93,12.47,0,0
2.29,6.12,0,0
-1.91,1.96,1,0
12.25,-2.44,1,0
12.06,11.13,1,0
-4.15,1.32,1,0
11.3,-1.22,0,0
-3.05,4.32,1,0
16.1,-0.13,1,0
-0.37,4.97,1,0
-0.21,9.28,0,0
10.67,-1.52,0,0
14.73,-1.21,1,0
12.18,13.08,1,0
10.45,12.96,0,0
11.26,-2.64,0,0
10.29,-1.06,0,0
10.83,13.09,0,0
10.35,-0.29,1,0
8.64,0.59,0,0
-2.47,7.05,1,0
12.36,-0.64,1,0
8.17,13.42,0,0
8.07,-5.74,0,1
-2.19,8.17,1,0
11.96,-3.01,1,0
-3.64,-0.32,0,0
8.86,11.94,0,0
10.82,11.69,0,0
12.17,12.22,1,0
9.2,10.95,0,0
-3.87,9.47,0,0
13.66,-3.02,1,0
15.61,-1.55,1,0
7.74,12.04,0,0
-6.13,4.39,1,0
14.43,-0.32,1,0
11.02,-1.89,0,0
11.69,10.2,1,0
-3.82,-1.22,0,0
-3.06,-0.06,0,0
10.32,-2.23,0,0
11.66,-3.1,0,0
9.47,12.48,0,0
9.49,14.46,0,0
-2.26,10.1,0,0
12.03,10.52,1,0
9.33,-1.54,0,0
10.32,0.41,1,0
12.05,-4.1,1,0
9.57,13.45,0,0
-1.96,9.77,0,0
10.71,12.01,0,0
0.44,4.19,0,0
-1.72,10.77,0,0
9.88,-2.34,0,0
10.23,-3.81,0,0
14.46,0.38,1,0
12.87,-4.67,1,0
13.28,11.27,1,0
9.45,-0.3,0,0
12.51,9.72,1,0
11.58,-5.2,0,0
-4.55,0.93,1,0
-4.24,0.92,1,0
9.2,12.76,0,0
10.51,11.32,1,0
12.12,-1.07,0,0
11.08,-2.97,0,0
-3.63,-0.93,1,0
10.12,12.84,0,0
-2.43,0.18,0,0
-5.27,0.48,1,0
11.37,-3.09,0,0
12.56,12.48,1,0
-4.51,-1.65,0,0
10.83,14.37,0,0
8.85,14.03,0,0
10.38,-2.02,0,0
8.62,9.46,0,0
11.89,-3.08,0,0
13.01,-2.69,1,0
10.24,13.25,0,0
-4.12,-0.21,0,0
9.75,-2.8,0,0
10.24,-1.58,0,0
10.89,-3.09,0,0
8.6,11.34,0,0
9.19,-3.23,0,0
11.27,-3.23,0,0
11.95,-1.44,0,0
10.33,-2.2,0,0
11.08,13.16,0,0
10.31,11.66,0,0
11.54,9.8,1,0
11.71,-3.33,0,0
13.47,-1.79,1,0
10.05,12.44,0,0
15.34,0.45,1,0
14.25,-5.97,1,1
11.22,-0.97,0,0
-2.53,1.03,1,0
14.51,-0.18,1,0
11.35,15.01,0,0
-2.26,-0.2,0,0
13.91,-3.67,1,0
8.88,-2.68,0,0
8.87,13.99,0,0
-2.99,-1.83,0,0
11.23,12.68,1,0
12.45,-2.21,0,0
11.84,-2.72,0,0
-3.05,7.21,1,0
-0.82,9.92,0,0
9.88,12.47,0,0
-1.47,11.14,0,0
9.84,-1.52,0,0
-2.52,-1.28,0,0
13.0,-2.63,1,0
-2.27,0.05,0,0
10.2,13.42,0,0
10.93,14.28,0,0
10.35,11.58,0,0
11.44,-2.3,0,0
11.71,10.39,1,0
9.08,12.03,0,0
13.56,-0.27,1,0
10.98,10.89,0,0
-5.41,0.82,1,0
-2.8,6.97,1,0
12.09,-2.71,1,0
-3.95,0.41,0,0
10.29,13.67,0,0
12.27,-3.63,0,0
12.95,-1.22,1,0
-3.64,11.24,0,0
-1.86,11.82,0,0
-3.99,0.34,0,0
11.65,12.83,0,0
-3.19,8.09,1,0
16.32,2.45,1,0
14.58,-0.52,1,0
13.25,-0.41,1,0
9.96,-2.03,0,0
16.34,-0.9,1,0
11.16,14.78,0,0
6.7,9.06,0,1
10.52,11.49,0,0
8.59,-1.58,0,0
-2.5,-0.47,0,0
4.98,3.87,0,0
15.15,8.94,1,0
9.49,12.04,0,0
10.63,14.35,0,0
6.63,-0.44,0,0
11.1,-1.29,0,0
-4.32,8.59,0,0
12.21,-3.81,1,0
9.82,15.28,0,0
10.96,-1.4,0,0
9.67,11.88,0,0
11.23,13.16,0,0
10.6,13.96,0,0
8.43,12.88,0,0
11.17,12.43,0,0
13.78,-1.95,1,0
10.16,13.09,0,0
13.37,-1.81,1,0
12.34,10.58,1,0
12.07,-1.36,0,0
10.58,-1.9,0,0
13.17,-2.23,1,0
9.74,-3.24,0,0
10.33,12.5,0,0
13.18,-1.84,1,0
11.55,13.74,0,0
11.47,-2.93,0,0
11.53,-0.54,1,0
-3.38,3.46,1,0
-0.16,11.08,0,0
13.18,-2.3,1,0
8.67,12.63,0,0
9.53,-3.91,0,0
9.07,-1.52,0,0
-4.31,1.12,1,0
8.09,12.26,1,0
8.75,13.92,0,0
9.75,-3.87,0,0
-3.97,10.32,1,0
-4.19,-0.23,0,0
10.77,-3.6,0,0
8.89,-1.54,0,0
-4.32,1.32,1,0
11.11,12.95,0,0
8.94,13.38,0,0
9.84,-1.13,0,0
10.25,-2.65,0,0
6.33,14.68,0,0
5.66,3.61,0,0
-2.87,10.06,0,0
12.8,13.65,1,0
-4.48,1.95,1,0
-2.42,1.14,1,0
11.41,-1.64,1,0
14.42,-0.31,1,0
12.92,10.2,1,0
-1.13,10.94,0,0
11.89,-3.28,0,0
-0.94,8.78,1,0
-2.21,0.66,0,0
-0.68,10.24,0,0
-2.05,6.58,1,0
-4.15,0.88,1,0
-4.01,1.92,1,0
9.41,-2.49,0,0
-4.08,-0.78,0,0
8.0,11.98,0,0
11.7,-1.78,0,0
-3.99,-0.53,0,0
15.6,-0.21,1,0
10.53,13.35,0,0
11.33,-3.25,0,0
-2.13,-0.79,0,0
10.05,13.43,0,0
11.76,-3.9,1,0
-4.04,8.25,1,0
-0.48,10.23,0,0
-3.83,0.18,0,0
-6.27,2.49,1,0
-3.43,10.27,0,0
-2.36,3.38,1,0
12.84,9.14,1,0
14.02,-0.84,1,0
-3.16,13.29,0,0
11.26,-2.17,0,0
-4.57,0.0,1,0
9.43,-3.53,0,0
8.28,-3.22,0,0
-3.72,0.17,0,0
9.62,13.32,0,0
-5.64,0.08,1,0
-4.25,11.91,0,0
13.66,-1.46,1,0
10.49,12.71,0,0
-3.69,0.73,1,0
13.8,0.44,1,0
8.02,13.16,0,0
-1.52,11.03,0,0
10.12,-4.91,0,0
10.13,-1.92,0,0
12.19,-0.74,0,0
-4.24,-0.53,0,0
-2.6,-0.59,0,0
6.17,6.69,0,0
10.81,14.17,0,0
9.69,13.17,0,0
10.02,-2.45,0,0
10.71,-3.88,0,0
0.63,0.14,1,0
10.65,12.18,0,0
10.17,11.96,0,0
12.78,-1.32,1,0
9.38,12.92,0,0
-5.06,11.49,0,0
11.51,-0.1,0,0
10.9,13.81,0,0
12.96,10.34,1,0
13.68,13.16,0,0
10.37,11.96,0,0
8.71,13.34,0,0
8.55,-2.58,0,0
11.28,9.33,1,0
10.66,-1.62,0,0
11.63,-2.12,0,0
10.37,11.66,0,0
13.76,-2.06,1,0
-0.55,10.18,1,0
-2.35,4.22,1,0
11.11,11.78,1,0
10.59,-2.44,0,0
11.88,-1.09,0,0
9.84,10.63,0,0
8.19,12.27,0,0
8.18,12.33,0,0
8.97,-1.79,0,0
11.2,-1.47,0,0
11.24,-2.95,0,0
13.95,9.27,1,0
15.31,0.93,1,0
11.28,-2.99,0,0
-4.23,1.48,1,0
11.91,-0.26,1,0
-4.18,1.78,1,0
12.09,-2.63,1,0
-3.66,0.24,0,0
-3.64,0.68,0,0
11.32,10.15,1,0
-5.6,10.68,0,0
11.32,14.19,0,0
10.75,13.56,0,0
-2.65,-0.52,0,0
12.01,-1.66,0,0
12.36,-0.74,1,0
13.13,12.96,1,0
12.37,13.25,1,0
-4.07,-1.05,0,0
-4.86,2.11,1,0
13.06,-2.22,1,0
10.44,16.1,0,0
10.62,13.68,0,0
11.79,13.69,0,0
11.89,11.46,1,0
-3.26,6.78,1,0
12.47,-1.53,0,0
-1.7,1.72,1,0
12.39,-0.69,1,0
-2.2,11.43,0,0
12.06,-0.56,1,0
11.13,13.15,0,0
-3.35,0.24,0,0
-2.03,0.13,0,0
9.45,-2.76,0,0
9.48,-3.21,0,0
-2.62,2.4,1,0
-3.46,9.52,1,0
-4.1,1.29,1,0
9.3,-3.75,0,0
11.01,-2.05,0,0
-2.74,8.0,1,0
12.44,-4.33,1,0
8.79,-4.01,0,0
-0.6,2.69,1,0
8.39,14.4,0,0
11.0,-1.88,0,0
10.69,-1.57,0,0
8.63,-1.56,0,0
12.16,-3.95,1,0
12.23,8.87,1,0
10.0,-6.32,0,1
-2.54,0.18,0,0
9.06,12.89,0,0
9.64,13.16,0,0
9.38,-2.81,0,0
8.91,-3.11,0,0
9.19,11.2,0,0
-4.74,0.45,1,0
11.71,10.06,1,0
7.71,14.13,0,0
-3.79,10.76,0,0
-1.74,10.38,0,0
9.44,14.49,0,0
12.08,-2.98,0,0
14.53,11.25,1,0
13.75,10.0,1,0
-1.58,10.96,0,0
10.37,-0.73,0,0
11.64,-3.3,0,0
10.6,-3.85,0,0
-5.0,1.41,1,0
10.21,-2.34,0,0
10.98,-3.75,0,0
9.98,12.47,0,0
11.43,-1.5,0,0
-3.67,7.69,1,0
-3.52,8.5,1,0
11.34,-1.41,0,0
-3.09,8.56,1,0
13.95,-1.06,1,0
8.58,13.99,0,0
-3.99,1.59,1,0
10.25,11.4,0,0
11.15,-1.36,0,0
10.92,12.33,0,0
13.99,-1.49,1,0
11.61,-1.06,0,0
11.72,12.92,0,0
10.45,-3.63,0,0
11.72,9.56,1,0
-2.35,-0.77,0,0
9.98,13.27,0,0
-2.34,-0.83,0,0
11.36,13.22,0,0
9.09,-2.44,0,0
11.27,-1.87,0,0
14.51,-0.94,1,0
-2.14,0.93,0,0
12.18,10.56,1,0
6.17,-4.09,0,1
-4.02,-0.84,0,0
14.37,0.1,1,0
8.87,-0.07,0,0
10.9,12.7,0,0
-2.42,1.89,1,0
-6.05,4.48,1,0
12.74,-1.99,0,0
12.06,-2.82,0,0
9.44,-1.8,0,0
-3.71,1.29,1,0
12.73,-2.99,1,0
-3.18,2.41,1,0
-1.29,8.97,1,0
13.58,-1.49,1,0
13.57,-0.36,1,0
10.58,-3.48,0,0
-2.1,0.67,1,0
11.79,14.63,0,0
12.56,9.76,1,0
15.0,-1.77,1,0
12.46,-2.74,0,0
15.55,1.37,1,0
9.69,-2.95,0,0
-0.55,10.64,0,0
-2.21,9.08,1,0
11.12,-1.64,0,0
9.23,13.04,0,0
-1.94,0.62,1,0
10.9,13.24,0,0
9.42,-1.7,0,0
10.33,-2.0,0,0
-3.91,-0.49,0,0
-2.89,-0.38,0,0
8.96,-1.84,0,0
-3.11,9.3,1,0
14.62,-0.46,1,0
-5.34,0.17,1,0
14.36,-2.25,1,0
11.11,-1.64,0,0
9.96,9.93,0,0
-3.33,-2.29,0,0
10.74,-2.57,0,0
10.38,12.4,1,0
-1.69,0.79,0,0
-4.21,3.86,1,0
12.35,-4.18,1,0
-5.73,-0.53,1,0
10.02,11.63,0,0
12.74,-2.33,1,0
-2.39,11.59,0,0
-0.57,9.88,1,0
9.46,-3.36,0,0
10.07,-2.13,0,0
-4.2,0.03,1,0
8.24,-4.22,0,0
9.76,12.64,0,0
-1.66,-0.41,0,0
-4.27,3.8,1,0
10.82,13.53,0,0
12.02,-2.78,1,0
10.67,13.49,0,0
7.97,-4.0,0,0
11.4,12.65,1,0
-2.64,-1.62,0,0
10.97,13.67,0,0
11.3,-1.38,1,0
12.63,11.14,1,0
-4.98,0.47,1,0
-3.54,-1.27,0,0
-4.61,-1.18,0,0
-3.11,10.16,1,0
10.28,12.25,0,0
12.68,10.8,1,0
8.62,-2.1,0,0
10.15,12.42,0,0
-2.32,9.77,0,0
-2.2,8.09,1,0
12.89,13.23,1,0
10.65,14.03,0,0
15.89,12.59,1,0
12.25,-1.16,0,0
11.15,-3.47,0,0
11.73,13.41,0,0
12.47,-2.97,1,0
11.69,11.6,0,0
11.5,-3.03,0,0
11.09,8.83,0,0
-3.24,7.99,1,0
12.79,-1.42,1,0
11.79,-2.93,0,0
10.65,-2.38,0,0
13.37,15.16,0,0
9.92,13.23,0,0
-3.1,2.24,1,0
13.13,-1.66,1,0
11.19,-2.7,0,0
9.82,-0.55,0,0
-1.15,8.0,1,0
9.87,13.88,0,0
9.36,-1.82,0,0
11.1,13.23,0,0
14.76,10.28,1,0
11.59,-3.74,0,0
11.81,-3.15,0,0
11.63,-0.94,0,0
-3.69,8.69,1,0
13.54,11.62,1,0
-1.93,6.84,1,0
8.45,-3.09,0,0
12.71,-0.42,1,0
11.93,-0.78,1,0
-3.25,-0.23,0,0
12.07,-3.51,1,0
11.29,-3.48,0,0
11.08,11.78,1,0
10.59,13.67,0,0
-3.54,-1.11,0,0
10.93,11.58,0,0
-2.7,1.8,1,0
14.53,-0.37,1,0
10.15,-1.22,0,0
13.01,-4.64,1,0
-3.98,0.32,0,0
-4.48,9.64,1,0
-1.74,1.54,1,0
11.95,-2.5,0,0
-4.2,6.55,1,0
9.42,12.81,0,0
-3.81,-0.58,0,0
-2.92,7.81,1,0
11.91,-2.63,0,0
13.16,-2.03,1,0
-0.66,10.06,0,0
12.63,-2.43,0,0
8.96,12.21,0,0
10.13,12.07,0,0
-4.17,0.97,1,0
8.34,-0.9,0,0
12.34,12.62,1,0
9.86,-2.11,0,0
-5.03,9.97,0,0
9.11,-2.32,0,0
-1.66,9.35,1,0
12.7,-2.32,0,0
-1.52,10.11,0,0
-4.76,3.89,1,0
8.93,12.34,0,0
12.93,-3.12,1,0
9.76,13.67,0,0
-3.1,9.65,0,0
16.57,-0.13,1,0
11.85,11.76,1,0
-3.38,1.03,1,0
12.39,11.2,1,0
11.97,-1.21,0,0
-4.43,6.95,1,0
10.61,-1.83,0,0
10.67,-3.69,0,0
10.89,-2.14,0,0
7.8,-3.2,0,0
9.84,12.47,0,0
12.56,-2.89,0,0
9.81,12.23,0,0
11.62,-1.5,1,0
12.68,-3.92,1,0
11.55,-0.95,0,0
8.25,-1.31,0,0
11.82,-0.46,1,0
10.67,11.88,0,0
11.08,13.64,0,0
5.01,4.25,0,0
-3.84,9.49,1,0
-2.95,10.37,0,0
-2.42,1.31,1,0
-1.89,0.69,0,0
-2.52,0.68,1,0
-4.97,1.23,1,0
8.71,13.26,0,0
-2.52,10.22,0,0
10.56,11.06,0,0
9.5,-2.14,0,0
12.29,-0.43,1,0
10.47,-3.67,0,0
-3.19,10.37,0,0
10.74,-3.55,0,0
9.13,11.97,0,0
-3.27,4.46,1,0
10.25,14.55,0,0
12.31,10.9,1,0
10.34,11.22,1,0
-2.6,-1.37,1,0
10.84,12.3,0,0
10.94,-1.12,0,0
12.91,-2.05,0,0
11.59,9.94,1,0
-3.87,0.67,0,0
11.18,-1.93,0,0
12.27,12.36,1,0
12.28,12.23,1,0
11.16,-1.37,1,0
9.29,14.54,0,0
10.16,12.49,0,0
-0.91,11.99,1,0
15.05,-1.53,1,0
11.01,11.3,1,0
12.18,-2.26,0,0
9.36,-2.0,0,0
10.91,12.04,0,0
-1.75,9.31,1,0
11.95,-0.81,1,0
11.89,12.41,1,0
9.11,-2.59,0,0
12.66,-2.71,0,0
-0.2,11.27,0,0
15.3,-1.99,1,0
9.8,-3.24,0,0
10.51,-3.9,0,0
8.73,14.58,0,0
11.34,12.89,0,0
11.69,13.99,0,0
10.99,13.09,0,0
10.23,14.6,0,0
11.54,13.29,0,0
11.95,-1.08,1,0
9.47,-2.65,0,0
-1.38,9.57,1,0
11.68,13.29,0,0
10.36,-3.29,0,0
8.5,11.97,0,0
-4.51,0.45,1,0
12.81,-2.69,1,0
12.25,-0.81,1,0
-4.51,7.55,1,0
12.1,-2.72,0,0
10.04,11.48,0,0
-1.71,10.08,0,0
8.6,-2.34,0,0
-1.17,11.28,0,0
7.4,13.1,0,0
-3.34,10.84,0,0
10.67,-4.15,0,0
-2.2,-0.93,0,0
-3.1,-1.36,0,0
8.58,12.3,0,0
9.48,12.86,0,0
13.74,-3.02,1,0
10.81,-3.22,0,0
9.57,13.26,0,0
11.49,14.02,0,0
10.61,14.0,0,0
10.86,11.24,1,0
-5.82,2.45,1,0
10.01,14.33,0,0
12.68,-1.25,0,0
14.06,11.7,1,0
-2.45,-0.38,0,0
10.48,-3.73,0,0
12.03,-0.78,1,0
10.15,14.24,0,0
11.66,-2.88,0,0
-5.66,-0.65,0,0
9.6,-2.8,0,0
10.67,-1.58,0,0
11.12,11.53,1,0
-2.91,10.11,0,0
10.93,-1.35,0,0
12.9,-1.12,0,0
-6.11,-1.31,1,0
-3.66,1.5,1,0
9.18,-1.6,0,0
10.58,-2.21,1,0
9.06,-2.76,0,0
-0.31,7.51,1,0
9.14,-2.68,0,0
-3.26,10.78,0,0
10.84,12.3,0,0
-4.27,0.88,1,0
11.26,-2.15,0,0
-2.38,7.3,1,0
13.22,-0.86,1,0
-4.26,0.44,0,0
9.43,12.14,0,0
9.57,-1.14,0,0
-4.02,0.4,0,0
13.22,11.06,1,0
10.34,12.5,0,0
-3.83,11.04,0,0
10.99,10.5,1,0
11.06,-3.24,0,0
8.02,8.87,0,1
12.01,13.39,0,0
-4.29,2.21,1,0
-3.89,0.71,0,0
-1.67,9.0,1,0
-2.45,10.57,0,0
9.42,-2.97,0,0
9.98,12.77,0,0
-4.46,2.03,1,0
-3.79,3.9,1,0
6.23,6.31,0,0
11.04,-3.42,0,0
10.53,11.93,0,0
13.1,-0.45,1,0
8.97,13.1,0,0
-1.58,-0.33,0,0
-5.52,4.21,1,0
-4.7,2.01,1,0
10.53,13.29,0,0
-2.29,-0.28,0,0
-2.79,-0.68,0,0
9.38,-2.47,0,0
9.46,12.43,0,0
12.55,-3.52,1,0
10.77,-1.35,0,0
10.0,11.75,0,0
15.97,0.63,1,0
10.15,11.62,0,0
-4.06,0.34,0,0
-2.96,11.02,0,0
11.53,-2.99,0,0
13.62,-1.74,1,0
-1.67,10.43,0,0
12.48,0.45,1,0
-1.86,0.19,0,0
10.96,-3.86,0,0
16.17,8.72,1,0
11.71,-1.11,0,0
11.3,-3.46,0,0
9.93,-2.14,0,0
-3.14,2.05,1,0
11.36,-1.57,0,0
11.47,-1.92,0,0
14.44,-1.29,1,0
-2.48,1.95,1,0
10.18,8.16,1,0
-4.09,-0.53,0,0
-2.41,9.7,0,0
10.56,14.95,0,0
-1.53,0.16,0,0
-3.15,0.54,1,0
12.18,-1.64,1,0
12.04,8.82,1,0
8.9,14.01,0,0
-2.43,-1.34,0,0
11.4,-2.97,0,0
9.6,-2.35,0,0
-3.86,2.15,1,0
10.27,11.76,0,0
-2.84,-0.21,0,0
12.5,-4.26,0,0
-3.11,1.73,1,0
11.1,-4.01,0,0
-3.27,7.75,1,0
13.7,-0.41,1,0
9.78,-0.14,0,0
10.34,15.68,0,0
13.04,-2.79,1,0
-3.9,-0.71,0,0
11.48,13.14,0,0
10.55,-3.6,0,0
11.57,10.13,1,0
9.57,12.4,0,0
11.78,11.83,1,0
12.58,1.41,1,0
10.72,-2.44,0,0
8.91,14.74,0,0
9.96,-2.43,0,0
10.12,12.21,0,0
7.9,-2.1,0,0
14.46,-0.66,1,0
-2.69,0.86,1,0
-3.86,9.69,0,0
12.86,-3.09,0,0
-1.04,8.71,0,0
9.39,-2.47,0,0
9.32,-3.2,0,0
13.73,13.59,1,0
-4.72,0.29,0,0
10.86,-2.26,0,0
11.67,-2.59,0,0
12.16,-5.23,0,0
11.42,-1.03,0,0
12.31,-3.63,1,0
8.77,14.06,0,0
-1.52,1.52,0,0
14.45,-1.27,1,0
15.28,14.81,0,0
11.42,-3.48,0,0
9.69,-3.39,0,0
11.67,-3.14,0,0
2.1,4.27,0,0
12.72,13.2,1,0
9.69,-2.12,0,0
11.37,-3.44,0,0
12.53,-1.03,1,0
5.94,5.46,0,0
-3.88,8.9,1,0
10.09,-1.45,0,0
10.96,-1.68,0,0
10.26,0.31,0,0
-3.58,10.56,0,0
-4.41,2.45,1,0
-1.64,0.67,0,0
9.79,-2.47,0,0
-4.43,-0.28,0,0
10.54,14.58,0,0
14.15,9.03,1,0
-3.98,-0.02,0,0
-2.25,10.8,0,0
-4.25,0.56,1,0
10.17,10.52,0,0
10.91,13.98,0,0
11.4,10.11,1,0
9.82,12.67,0,0
13.56,-0.49,1,0
9.59,10.48,0,0
11.2,13.51,0,0
-4.06,1.16,0,0
-1.87,9.42,0,0
-2.57,1.58,1,0
12.17,-2.96,1,0
13.8,12.45,1,0
13.85,-2.29,1,0
11.95,-2.72,0,0
12.83,-2.33,1,0
10.75,-3.08,0,0
13.33,12.85,1,0
9.88,-0.56,0,0
10.49,13.59,0,0
-3.82,0.29,0,0
9.47,13.99,0,0
9.74,-2.08,0,0
-6.5,2.54,1,0
10.54,-0.96,0,0
11.53,-3.33,0,0
8.13,12.4,0,0
12.25,-4.17,1,0
-3.62,0.94,1,0
10.99,12.92,0,0
10.49,-1.48,0,0
7.72,-1.97,0,0
9.47,-3.03,0,0
13.15,-1.32,1,0
-3.64,10.36,0,0
11.93,-2.78,0,0
10.49,-1.51,0,0
10.47,12.69,0,0
-1.57,8.25,1,0
-4.66,1.88,1,0
9.44,15.66,0,0
-3.99,0.06,0,0
-3.76,-0.06,1,0
-3.11,0.93,1,0
10.22,-3.66,0,0
17.0,0.85,1,0
11.59,11.86,0,0
8.71,-1.99,0,0
10.85,-1.73,0,0
10.23,11.45,0,0
13.4,-2.1,1,0
11.93,-3.05,0,0
-5.76,1.27,1,0
9.82,-1.8,0,0
-0.71,10.43,0,0
-4.5,2.25,1,0
11.88,14.19,1,0
12.11,13.02,0,0
11.45,14.1,0,0
12.78,11.99,1,0
9.51,-2.21,0,0
11.06,-2.1,0,0
-2.45,-0.61,0,0
11.63,12.01,1,0
12.96,-0.57,1,0
-1.77,9.86,0,0
9.95,13.71,0,0
-3.09,9.82,1,0
12.0,-2.89,0,0
10.43,-2.13,0,0
8.95,13.23,0,0
10.85,12.26,0,0
-3.44,10.27,0,0
9.05,-3.27,0,0
11.51,-2.85,0,0
-2.9,8.44,1,0
10.87,-1.63,0,0
-3.81,6.83,1,0
10.35,12.55,0,0
10.78,11.8,0,0
10.84,-0.77,0,0
11.12,10.64,1,0
11.27,-0.62,1,0
-3.01,8.51,1,0
13.83,-0.02,1,0
10.43,11.78,0,0
14.43,1.05,1,0
-0.7,1.51,1,0
-2.39,0.77,1,0
11.99,-0.87,1,0
9.69,-2.17,0,0
12.6,-1.47,1,0
13.84,-2.16,1,0
13.99,-1.18,1,0
11.14,13.4,1,0
-4.68,-0.14,1,0
-1.36,8.7,1,0
12.57,-3.45,1,0
-2.24,11.59,0,0
10.5,-1.37,0,0
-1.48,11.15,0,0
11.38,12.28,1,0
-3.72,10.01,0,0
-3.18,10.57,0,0
-4.65,2.85,1,0
-3.63,-1.05,0,0
10.58,13.7,0,0
-2.49,0.18,0,0
9.91,-4.93,0,0
-2.01,0.96,1,0
10.79,-3.7,0,0
11.01,13.68,0,0
9.82,10.18,0,0
12.33,-3.03,1,0
8.62,13.34,0,0
1.69,3.36,0,0
10.11,-2.15,0,0
-2.09,1.55,1,0
-4.14,1.32,1,0
11.13,14.32,0,0
-1.35,6.77,1,0
10.87,14.33,0,0
12.33,11.31,1,0
13.8,10.05,1,0
9.7,12.61,0,0
15.4,12.63,1,0
10.9,-1.56,0,0
9.38,12.71,0,0
-4.07,-0.17,0,0
-3.06,-0.66,0,0
13.16,2.89,1,0
12.95,0.52,1,0
-4.3,10.15,0,0
10.83,-4.97,0,0
11.66,-3.68,0,0
11.99,-3.11,1,0
7.86,-0.56,0,0
-2.49,-0.12,0,0
13.15,12.5,1,0
12.87,-1.97,1,0
13.48,-1.86,1,0
11.78,-2.84,0,0
-6.11,8.77,1,0
12.2,-1.54,0,0
-4.06,-0.33,0,0
9.96,-1.54,0,0
13.07,-0.59,0,0
-4.69,0.42,1,0
8.27,13.16,0,0
-5.38,-0.88,0,0
14.32,14.33,1,0
11.2,13.73,0,0
11.27,-2.14,0,0
14.18,10.81,1,0
10.82,-1.66,0,0
-2.84,8.21,1,0
10.09,10.24,0,0
10.86,-1.54,0,0
-3.91,-0.6,0,0
12.57,-1.32,1,0
13.71,-0.64,1,0
8.64,-2.32,0,0
-3.59,8.0,1,0
10.91,-0.81,1,0
10.82,-1.59,0,0
-3.98,4.08,1,0
7.88,-4.46,0,0
9.51,12.82,0,0
11.7,-1.99,0,0
-2.19,8.81,1,0
-2.43,1.47,1,0
14.58,13.47,1,0
11.6,-0.41,0,0
13.14,-1.77,1,0
10.73,-1.78,0,0
10.42,14.84,0,0
9.56,13.2,0,0
11.48,12.27,0,0
10.22,-3.91,0,0
12.27,11.95,1,0
8.74,6.44,0,1
12.22,11.99,1,0
9.87,12.69,0,0
12.03,12.59,1,0
9.72,-2.76,0,0
9.81,13.14,0,0
12.15,-3.0,1,0
11.99,-5.66,0,0
12.95,-2.55,1,0
12.65,14.52,1,0
-2.56,0.37,0,0
-1.87,2.34,0,0
13.04,9.75,1,0
16.68,8.7,1,0
11.63,12.28,0,0
11.23,14.95,0,0
9.66,12.48,0,0
-5.47,-0.2,1,0
10.82,11.24,1,0
-1.49,9.07,1,0
11.87,9.57,0,0
10.64,-1.23,0,0
13.6,-1.39,1,0
-3.5,1.27,0,0
11.62,-1.82,0,0
-1.9,9.5,0,0
7.84,-2.57,0,0
11.34,10.25,1,0
11.52,-2.13,0,0
-5.59,2.98,1,0
10.39,-1.68,0,0
-5.43,9.31,0,0
-2.92,11.35,0,0
11.43,12.91,0,0
9.39,12.3,0,0
10.89,-0.72,1,0
10.28,-4.88,0,0
-3.55,9.99,0,0
12.66,8.32,1,0
12.54,-3.44,1,0
10.47,-2.22,0,0
11.08,-1.92,0,0
-1.67,10.5,0,0
10.77,-3.45,0,0
9.29,-2.72,0,0
11.64,-3.06,0,0
11.27,12.72,0,0
12.6,9.69,1,0
-1.57,9.12,1,0
-2.83,1.25,1,0
-1.66,9.5,1,0
-2.19,-0.62,0,0
11.03,14.01,0,0
12.84,-1.91,1,0
-4.0,-0.14,0,0
11.46,12.4,0,0
12.64,-0.63,1,0
16.15,-0.67,1,0
8.98,12.23,0,0
-1.58,11.13,0,0
9.62,13.54,0,0
8.34,-4.42,0,0
0.11,-5.72,0,1
12.86,-3.19,1,0
-0.96,11.12,0,0
-3.91,1.79,1,0
10.47,-3.63,0,0
-3.83,-0.68,0,0
-2.75,11.36,0,0
-2.8,11.34,0,0
-3.06,11.27,0,0
10.56,-1.39,0,0
-1.73,1.89,1,0
11.61,-3.38,0,0
-3.55,0.42,1,0
9.81,-2.31,0,0
10.24,-2.66,0,0
-4.45,-0.13,0,0
-4.93,0.89,1,0
12.69,-4.08,1,0
-2.72,1.97,1,0
14.16,-2.59,1,0
-4.37,-0.19,0,0
-2.15,3.64,1,0
8.18,-3.0,0,0
-0.92,0.21,0,0
12.24,-1.37,0,0
11.19,-3.4,0,0
-4.73,1.79,1,0
12.56,-2.43,0,0
14.33,-0.47,1,0
14.69,-2.05,1,0
-3.45,10.6,0,0
11.71,13.66,1,0
10.1,-4.56,0,0
-3.93,1.42,1,0
13.52,-0.43,1,0
10.54,14.2,0,0
-3.0,9.79,0,0
8.75,-2.5,0,0
12.2,-0.99,1,0
12.45,11.12,1,0
11.43,12.75,0,0
-3.97,0.65,1,0
13.86,-1.46,0,0
11.4,-1.0,0,0
10.53,11.83,0,0
12.94,-2.39,1,0
9.96,12.13,0,0
-2.57,9.35,1,0
9.59,-3.86,0,0
10.99,12.73,0,0
11.91,13.85,1,0
12.96,-1.96,1,0
9.24,13.21,0,0
10.2,10.03,1,0
-3.65,0.22,0,0
11.61,-1.39,0,0
10.04,11.1,0,0
-1.82,10.26,1,0
12.48,-2.75,0,0
12.2,-0.94,1,0
9.94,13.9,0,0
-2.09,0.5,0,0
8.18,-3.78,0,0
12.05,11.18,1,0
11.67,-3.29,0,0
9.72,-1.74,0,0
-4.95,1.02,0,0
0.08,8.3,1,0
-4.35,5.83,1,0
10.9,-1.23,0,0
10.25,13.11,0,0
12.46,-1.29,1,0
13.61,0.02,1,0
9.96,13.85,0,0
10.49,-3.97,0,0
13.37,-1.81,1,0
12.14,-0.08,1,0
13.29,10.76,1,0
11.01,14.88,0,0
-3.42,10.09,1,0
-3.74,10.71,0,0
14.28,-2.76,1,0
13.16,-2.85,1,0
-3.7,10.97,0,0
-4.17,1.64,1,0
-2.31,10.49,0,0
-0.71,6.96,1,0
-3.69,-0.92,0,0
13.4,13.24,0,0
-4.56,-0.13,1,0
9.32,-1.73,0,0
13.28,-2.06,1,0
14.21,-0.16,1,0
8.84,12.75,0,0
8.03,12.86,0,0
9.23,12.88,0,0
10.47,-1.53,0,0
12.24,9.9,1,0
-5.48,3.89,1,0
-2.25,9.58,0,0
12.4,-2.4,1,0
-2.55,0.74,0,0
11.91,-2.69,0,0
-3.74,9.68,0,0
15.7,10.42,1,0
1.45,3.47,0,0
9.33,-1.53,0,0
13.55,-1.5,1,0
8.84,13.24,0,0
-5.23,0.87,1,0
11.04,-1.29,0,0
-3.38,10.59,0,0
13.36,-2.07,1,0
10.38,-2.33,0,0
17.12,-0.54,1,0
11.3,-2.84,0,0
12.17,-1.6,0,0
11.11,-0.17,1,0
13.67,-2.66,1,0
-0.59,11.07,0,0
8.88,-1.35,0,0
-2.39,0.1,0,0
10.58,-3.62,0,0
13.69,-3.01,1,0
-3.13,11.34,0,0
11.0,-2.3,0,0
7.76,12.83,0,0
8.34,-2.89,0,0
-2.92,8.48,1,0
11.67,-1.53,1,0
10.56,-2.15,0,0
-4.38,-0.35,0,0
11.57,-2.93,0,0
11.84,-1.5,0,0
16.12,0.88,1,0
10.01,11.72,0,0
9.49,12.11,0,0
10.9,-1.38,0,0
-4.01,1.15,1,0
11.79,14.11,0,0
8.91,13.46,0,0
10.29,11.44,0,0
10.19,14.07,0,0
14.14,-2.28,1,0
15.69,-1.0,1,0
12.6,-2.53,0,0
9.98,14.15,0,0
-1.98,-0.45,0,0
10.3,11.03,1,0
9.75,-1.94,0,0
8.95,13.34,0,0
-4.38,9.67,0,0
9.92,-2.72,0,0
9.36,14.69,0,0
10.91,1.58,1,0
10.61,-1.38,0,0
12.77,0.06,1,0
11.75,-2.63,0,0
-2.87,-0.6,0,0
-1.5,11.46,0,0
8.61,-1.0,0,0
10.93,11.95,1,0
15.31,0.52,1,0
-3.92,7.17,1,0
12.66,11.28,1,0
11.41,-2.02,0,0
11.55,-1.88,0,0
11.26,-1.92,0,0
15.87,1.04,1,0
-4.52,1.21,1,0
8.95,-0.47,0,0
-3.18,3.74,1,0
-0.62,11.15,0,0
9.66,-3.29,0,0
9.44,-2.65,0,0
9.02,14.54,0,0
-1.48,9.32,1,0
-3.81,0.65,0,0
-2.38,1.73,1,0
12.05,-1.62,0,0
10.64,11.72,0,0
8.86,-2.59,0,0
11.36,12.05,0,0
11.57,-0.88,1,0
13.33,-0.59,1,0
9.35,-2.39,0,0
13.03,-2.01,1,0
12.71,-2.72,0,0
8.74,14.9,0,0
8.89,12.58,0,0
12.56,11.43,1,0
10.12,0.02,0,0
9.89,-3.99,0,0
15.81,-0.39,1,0
14.45,-1.27,1,0
7.63,14.19,0,0
11.47,-2.87,0,0
-1.86,9.71,0,0
11.17,-3.37,0,0
9.36,-2.39,0,0
12.74,-0.46,1,0
8.76,12.29,0,0
-2.65,-0.33,0,0
-4.2,10.62,0,0
11.72,-1.47,0,0
10.28,-1.14,0,0
11.19,-1.99,0,0
13.37,1.0,1,0
10.18,10.98,0,0
11.16,-3.76,0,0
10.11,13.76,0,0
9.2,-1.5,0,0
11.89,12.34,1,0
13.69,-1.14,1,0
13.29,-0.64,1,0
-4.56,0.97,1,0
-1.49,-0.18,0,0
10.41,-0.76,1,0
12.65,-2.68,0,0
12.42,12.88,1,0
9.43,-1.63,0,0
8.69,13.29,0,0
11.93,11.76,1,0
-1.94,2.2,1,0
10.59,13.77,0,0
13.44,9.59,1,0
13.09,-0.22,1,0
-6.74,0.73,1,0
14.03,-1.75,1,0
14.03,10.19,1,0
-4.11,1.52,1,0
12.94,-2.13,1,0
-1.92,1.21,0,0
12.05,8.94,1,0
9.63,-2.18,0,0
9.67,12.77,0,0
14.46,-3.09,1,0
12.03,-1.78,0,0
-2.01,1.12,1,0
11.78,-6.56,0,0
7.45,13.31,0,0
11.91,-1.53,0,0
10.63,-0.13,1,0
10.91,8.76,1,0
9.2,11.93,0,0
-2.64,-0.62,0,0
11.26,-1.13,0,0
11.2,-3.7,0,0
10.57,-0.58,0,0
-3.98,-2.63,0,0
13.41,-0.72,1,0
11.01,-3.63,0,0
-2.4,8.58,1,0
10.43,-1.7,0,0
-3.9,8.23,1,0
10.54,-2.28,0,0
-3.17,9.9,0,0
10.04,14.72,0,0
-5.2,10.54,0,0
-1.57,2.43,1,0
9.78,14.12,0,0
12.08,13.26,0,0
14.14,-0.29,1,0
11.88,11.05,1,0
12.98,-2.04,1,0
11.37,-3.38,0,0
10.73,-4.75,0,0
9.58,-1.92,0,0
11.34,-2.81,0,0
-5.38,2.57,1,0
10.97,-1.94,0,0
14.18,12.25,1,0
11.8,-2.4,0,0
12.47,-1.35,0,0
-3.05,11.04,0,0
13.06,1.26,1,0
12.95,-0.92,1,0
0.02,6.09,1,0
7.57,13.47,0,0
-1.51,4.58,0,0
10.9,11.61,1,0
11.25,-3.34,0,0
14.76,10.14,1,0
14.53,-1.62,1,0
-4.29,-0.53,0,0
13.4,1.44,1,0
10.71,9.28,1,0
7.27,5.39,0,0
12.47,11.5,1,0
-2.65,2.16,1,0
-5.63,0.93,1,0
13.44,11.71,1,0
13.71,11.18,1,0
12.23,-1.07,1,0
9.79,13.59,0,0
12.74,-3.85,1,0
13.15,-2.67,1,0
8.52,13.59,0,0
14.65,-1.21,1,0
9.18,-2.05,0,0
13.75,14.84,1,0
-0.61,7.68,1,0
11.87,12.36,1,0
-2.86,2.76,1,0
-0.14,10.79,0,0
5.35,9.83,0,1
9.24,13.71,0,0
9.33,13.26,0,0
-3.69,7.71,1,0
-3.78,0.43,0,0
-4.45,-1.64,0,0
13.42,-2.75,1,0
12.57,-1.57,0,0
10.95,10.02,1,0
9.23,-2.39,0,0
13.46,-0.69,1,0
-2.9,10.67,0,0
13.8,14.28,1,0
-1.92,-0.24,0,0
-2.88,9.66,0,0
-1.58,9.18,1,0
11.66,-3.21,0,0
-2.61,7.6,1,0
11.15,14.45,0,0
12.56,-0.31,0,0
11.0,10.08,1,0
12.57,-0.21,1,0
-3.21,-0.62,0,0
-4.01,-0.27,0,0
11.18,15.27,0,0
13.24,-0.31,1,0
13.26,-3.34,1,0
11.62,0.19,1,0
9.16,12.22,0,0
10.57,-2.01,0,0
8.85,-2.98,0,0
10.22,-1.25,0,0
11.19,-2.11,0,0
11.82,12.01,1,0
-2.24,-0.16,0,0
-2.48,10.83,0,0
11.72,-3.59,0,0
-3.32,1.88,1,0
-3.26,0.56,1,0
11.13,-3.46,0,0
12.5,-0.75,1,0
-2.51,-0.05,0,0
9.92,11.36,0,0
10.05,-0.85,0,0
9.58,12.55,0,0
10.53,12.07,0,0
10.82,12.95,0,0
-1.4,9.12,0,0
13.72,0.29,1,0
15.93,1.83,1,0
9.56,11.59,0,0
-2.28,1.13,1,0
8.5,-2.14,0,0
13.15,11.48,1,0
11.4,12.49,0,0
-2.49,-0.38,0,0
11.62,-3.68,0,0
13.88,10.98,1,0
13.92,-1.9,1,0
10.85,-4.57,0,0
14.25,-1.67,1,0
10.59,-2.25,0,0
10.57,12.7,0,0
11.82,-0.8,0,0
12.0,14.78,0,0
9.61,-3.13,0,0
14.3,0.29,1,0
9.84,11.16,0,0
10.36,-1.8,0,0
10.57,12.43,0,0
9.2,12.48,0,0
11.86,-3.44,1,0
14.83,11.28,1,0
11.13,13.7,0,0
12.19,-1.94,1,0
9.04,-1.72,0,0
10.23,-3.87,0,0
9.3,-2.13,0,0
9.46,12.66,0,0
11.06,-1.93,0,0
-2.64,-0.18,0,0
-3.58,-1.1,0,0
11.09,-2.29,0,0
9.96,13.92,0,0
12.29,12.61,1,0
8.48,-2.6,0,0
10.69,12.87,0,0
-2.97,-0.88,0,0
-4.76,2.79,1,0
-4.01,0.7,1,0
-3.35,10.27,1,0
11.61,11.93,1,0
12.77,13.46,1,0
10.55,-1.98,0,0
11.27,-2.08,0,0
-3.87,2.15,1,0
-3.25,0.31,0,0
-3.35,0.5,0,0
-4.82,0.73,1,0
12.82,2.54,1,0
12.58,-3.91,1,0
8.54,14.57,0,0
10.45,-2.62,0,0
13.66,-1.65,1,0
-3.77,1.19,1,0
9.68,-1.81,0,0
13.66,-1.94,1,0
9.47,12.73,0,0
9.4,13.41,0,0
12.54,-1.27,1,0
10.7,13.06,0,0
9.76,-3.09,0,0
-2.25,-1.83,0,0
-1.77,8.22,1,0
13.51,-4.19,1,0
-3.58,3.02,1,0
-5.82,-2.07,0,0
14.56,-1.44,1,0
-4.09,2.81,1,0
-4.67,-1.69,0,0
10.66,-1.52,0,0
5.2,4.58,0,0
10.17,-2.16,0,0
-2.02,9.31,1,0
10.09,-3.58,0,0
9.08,13.12,0,0
8.42,-2.98,0,0
12.68,13.49,1,0
7.11,12.25,0,0
2.6,2.56,0,0
8.58,11.6,0,0
9.14,13.4,0,0
12.44,12.3,1,0
13.87,-0.04,1,0
8.63,-4.47,0,0
12.32,-2.32,0,0
11.44,-3.99,0,0
12.09,-0.34,1,0
-4.1,3.42,1,0
11.08,12.85,0,0
10.52,13.66,0,0
15.92,0.84,1,0
10.61,-1.2,0,0
12.44,12.02,1,0
-4.09,-0.83,0,0
2.03,4.24,0,0
11.3,-3.5,0,0
8.98,-0.27,0,0
11.83,-2.58,1,0
11.55,15.98,0,0
11.03,-3.95,0,0
10.54,-3.6,0,0
10.1,12.81,0,0
14.01,9.41,1,0
9.61,10.26,0,0
11.56,-0.32,1,0
-0.94,8.14,1,0
-1.36,7.89,1,0
10.19,11.44,0,0
9.51,-1.05,0,0
10.7,11.98,0,0
12.34,-0.04,1,0
10.53,-2.43,0,0
13.07,-2.14,1,0
10.46,0.65,1,0
-2.52,-0.44,0,0
10.16,11.85,0,0
10.51,-3.94,0,0
11.49,-5.96,0,0
10.12,14.88,0,0
11.1,-1.32,0,0
11.88,12.18,1,0
11.5,14.08,0,0
10.56,13.77,0,0
-3.25,1.37,1,0
11.68,-1.88,0,0
11.01,14.77,0,0
11.22,13.6,0,0
13.78,-0.87,1,0
-3.28,10.78,0,0
-2.16,7.83,1,0
11.54,12.03,0,0
10.68,-2.97,0,0
-3.08,-0.44,0,0
11.0,-2.24,0,0
-1.41,7.71,1,0
7.63,14.73,0,0
11.12,13.23,0,0
11.43,11.13,0,0
10.08,11.35,0,0
11.0,12.86,0,0
11.25,-2.0,0,0
10.03,-2.5,0,0
10.27,-1.25,0,0
12.09,-0.33,1,0
10.05,-1.93,0,0
-3.92,2.47,1,0
9.43,12.76,0,0
16.88,-0.57,1,0
11.75,-1.77,0,0
13.01,-2.35,0,0
8.36,13.97,0,0
7.15,-1.69,0,0
11.07,-2.62,0,0
-2.74,1.5,1,0
-2.89,-0.21,0,0
-2.84,2.23,1,0
10.92,11.02,0,0
-2.03,2.39,1,0
12.98,-2.27,1,0
-3.62,7.79,1,0
10.51,0.19,0,0
11.87,12.57,0,0
9.94,13.73,0,0
15.46,9.28,1,0
-2.87,0.58,0,0
10.86,13.68,0,0
-2.99,0.42,1,0
11.14,12.09,0,0
9.73,10.45,0,0
13.43,13.24,1,0
13.27,8.55,1,0
13.33,-1.87,1,0
10.31,15.36,0,0
10.9,13.6,0,0
12.0,-1.43,0,0
-4.07,1.01,1,0
13.66,9.7,1,0
-2.51,1.82,1,0
10.09,-1.56,0,0
-5.47,1.2,1,0
12.05,10.96,1,0
-6.15,-0.78,0,0
-2.19,-0.02,0,0
8.24,12.85,0,0
15.77,-1.0,1,0
-3.64,10.11,0,0
10.27,9.95,0,0
9.52,12.08,0,0
11.0,14.62,0,0
12.82,-0.04,1,0
-2.26,-0.45,0,0
10.04,14.72,0,0
11.38,13.22,0,0
15.34,-1.96,1,0
11.38,-3.34,0,0
10.08,-0.14,0,0
11.21,-3.48,0,0
12.89,-2.22,1,0
10.72,11.44,0,0
12.61,-1.77,1,0
11.27,-1.93,0,0
8.2,15.58,0,0
9.8,15.28,0,0
8.92,-1.64,0,0
-1.56,7.39,1,0
11.12,-3.35,0,0
11.72,-1.28,1,0
12.12,12.74,0,0
-1.85,-1.47,0,0
9.17,-2.1,0,0
-1.11,11.25,0,0
13.35,10.22,1,0
12.09,-3.81,1,0
12.82,-2.2,0,0
12.37,-0.34,1,0
9.51,-0.91,0,0
-5.26,-0.35,1,0
-4.05,7.76,1,0
11.37,-3.58,0,0
8.76,13.03,0,0
9.03,13.29,0,0
11.24,-1.67,1,0
11.86,-4.38,0,0
12.05,-1.94,0,0
10.08,12.33,0,0
-4.21,10.87,0,0
11.16,-4.17,0,0
11.53,-2.93,0,0
11.35,12.83,0,0
13.07,11.13,1,0
-4.49,1.85,1,0
-2.75,1.16,0,0
11.11,-0.7,0,0
-4.66,-1.92,0,0
10.65,-1.49,0,0
12.05,-3.25,1,0
10.81,-2.22,0,0
6.98,4.29,0,0
12.42,-0.72,1,0
11.49,12.41,0,0
11.0,12.47,0,0
-5.45,3.2,1,0
13.14,-1.33,1,0
-3.8,11.12,1,0
-0.8,10.92,0,0
9.3,-3.27,0,0
8.86,14.61,0,0
-1.49,10.22,0,0
11.6,-3.48,0,0
-1.59,10.99,0,0
10.3,-3.74,0,0
-2.77,4.17,1,0
-3.08,0.23,0,0
9.95,-2.18,0,0
14.22,-1.89,1,0
11.3,12.66,0,0
13.14,-1.09,1,0
9.29,-2.83,0,0
13.91,-2.57,1,0
11.72,-1.56,0,0
-4.14,-0.44,0,0
-2.73,9.12,1,0
-3.64,-1.5,0,0
5.25,4.59,0,0
10.79,-2.84,0,0
14.51,14.07,1,0
12.82,-4.42,1,0
11.15,13.35,0,0
17.58,-1.08,1,0
9.95,-1.59,0,0
-1.64,9.94,0,0
11.37,-1.63,1,0
11.11,-1.17,0,0
9.61,10.8,0,0
-2.37,-0.23,0,0
10.13,16.18,0,0
-2.79,9.91,0,0
-3.22,8.09,1,0
-3.95,-0.1,0,0
13.21,-2.24,1,0
-3.31,2.04,1,0
11.9,-3.66,0,0
-3.21,1.64,1,0
10.78,-3.75,0,0
12.61,9.84,1,0
-4.05,1.37,1,0
14.13,-0.06,1,0
9.48,13.45,0,0
13.43,10.23,1,0
-4.25,8.91,1,0
8.82,-1.47,0,0
12.88,-3.16,1,0
12.01,10.6,1,0
12.05,0.76,1,0
11.47,-3.16,0,0
13.31,-2.28,0,0
-3.17,2.41,1,0
13.59,13.99,1,0
12.53,12.25,1,0
13.65,-1.68,1,0
-3.9,4.85,1,0
14.05,-0.09,1,0
11.12,14.62,0,0
9.26,-1.75,0,0
1.63,3.72,0,0
-3.73,1.02,1,0
-1.78,-0.03,1,0
-4.86,3.87,1,0
-3.58,-1.14,0,0
9.22,-2.33,0,0
9.85,-2.21,0,0
13.08,-3.24,1,0
14.86,-2.22,1,0
9.19,14.96,0,0
13.2,-2.26,1,0
-0.91,10.39,0,0
9.78,13.98,0,0
-3.8,12.31,0,0
10.98,-1.54,0,0
13.98,-1.15,1,0
11.99,-1.78,0,0
11.04,11.02,1,0
-2.49,4.01,1,0
-2.6,-1.31,0,0
12.79,-0.69,1,0
10.63,14.33,0,0
11.95,-3.07,0,0
9.0,12.73,0,0
10.61,-1.79,0,0
-3.69,3.95,1,0
12.18,-1.09,1,0
10.46,13.96,0,0
10.37,-1.89,0,0
8.89,-2.14,0,0
-3.63,-0.3,0,0
11.59,-0.1,1,0
12.14,-1.55,0,0
13.12,-1.68,1,0
13.74,-3.35,1,0
13.16,-2.98,1,0
10.44,-0.69,0,0
13.26,-0.43,1,0
12.72,-1.88,0,0
9.25,12.45,0,0
15.22,13.52,1,0
14.2,-0.21,1,0
-2.93,2.54,1,0
11.72,-2.6,0,0
11.22,11.61,1,0
-2.39,-0.69,0,0
10.49,14.18,0,0
8.43,-1.36,0,0
-2.68,11.22,0,0
-2.91,10.96,0,0
10.48,13.89,0,0
-5.06,-1.25,0,0
-1.02,9.47,0,0
10.71,-1.34,0,0
-4.1,3.53,1,0
10.26,12.29,0,0
10.01,-4.19,0,0
11.29,-2.49,0,0
12.37,13.13,1,0
10.5,13.31,0,0
9.09,-3.37,0,0
8.4,13.38,0,0
13.98,-4.02,1,0
10.78,11.61,0,0
12.83,-1.54,1,0
-1.73,2.51,1,0
10.85,-4.31,0,0
10.55,-3.38,0,0
11.23,11.25,0,0
10.18,11.98,0,0
12.53,14.99,0,0
-3.96,-0.7,0,0
9.47,-1.6,0,0
9.79,14.68,0,0
13.76,-2.65,1,0
-2.94,9.79,0,0
10.69,12.37,0,0
11.88,11.7,1,0
11.95,-0.13,1,0
8.1,-3.24,0,0
9.79,12.74,0,0
-1.88,9.93,0,0
11.09,12.31,0,0
10.78,12.84,0,0
9.21,12.61,0,0
14.25,12.44,1,0
11.34,13.04,1,0
8.92,13.02,0,0
12.15,-1.99,0,0
-2.63,-0.2,0,0
14.66,9.84,1,0
10.72,-0.26,0,0
11.65,12.33,1,0
11.32,13.21,0,0
0.21,10.06,0,0
10.65,-0.72,1,0
8.64,13.53,0,0
-2.82,-1.74,0,0
-4.81,0.8,0,0
-5.09,10.99,1,0
-3.61,9.72,0,0
-2.58,6.73,1,0
11.04,12.42,0,0
-5.49,1.91,1,0
-4.02,1.58,1,0
7.64,-2.0,0,0
-3.63,1.06,1,0
14.2,-2.88,1,0
10.71,-4.22,0,0
11.33,13.43,0,0
7.53,5.44,0,0
10.0,-3.93,0,0
-2.05,-0.66,0,0
11.5,13.49,0,0
7.07,-4.49,0,0
10.18,12.45,0,0
-3.71,9.53,0,0
8.71,12.63,0,0
10.32,11.65,0,0
13.13,-1.76,1,0
8.71,-3.17,0,0
11.18,14.86,0,0
14.0,-1.62,1,0
12.31,-3.12,1,0
14.11,-0.28,1,0
-3.59,8.6,1,0
-6.81,-2.53,0,1
9.95,12.5,0,0
11.39,-1.27,0,0
-2.79,11.28,0,0
8.05,14.58,0,0
11.32,-1.1,0,0
13.22,14.07,1,0
13.77,10.25,1,0
11.63,-2.21,0,0
-4.36,0.77,1,0
11.02,10.45,0,0
16.18,9.2,1,0
-3.39,10.79,0,0
10.83,-1.93,0,0
-2.46,7.07,1,0
8.82,0.11,0,0
-1.64,12.08,0,0
13.69,3.64,1,1
13.74,-2.66,1,0
10.81,12.75,0,0
12.3,9.04,1,0
-2.58,-0.05,0,0
11.83,-1.27,0,0
9.19,-4.18,0,0
-3.21,0.25,0,0
11.93,-0.93,1,0
12.0,-3.09,0,0
-4.89,2.0,1,0
-2.05,9.65,0,0
14.65,-1.18,1,0
-1.92,1.96,1,0
10.9,13.52,0,0
9.25,11.81,0,0
-5.46,5.42,1,0
8.96,12.96,0,0
10.04,11.95,0,0
-2.38,1.2,1,0
12.3,-0.79,1,0
-1.41,-1.18,0,0
13.6,-0.82,1,0
-2.37,0.22,0,0
12.06,12.9,0,0
9.95,16.82,0,0
9.09,-2.06,0,0
13.73,-2.42,1,0
9.66,12.07,0,0
11.76,-0.68,1,0
-4.08,1.41,1,0
11.85,-3.0,0,0
10.87,12.3,1,0
12.07,12.44,1,0
-2.23,-0.55,0,0
11.02,-2.41,0,0
-4.71,2.65,1,0
8.39,-3.01,0,0
13.07,-1.8,1,0
12.04,-4.01,1,0
10.95,-3.48,0,0
12.61,-2.36,0,0
9.65,13.13,0,0
12.16,11.7,1,0
11.55,-4.49,0,0
13.45,1.08,1,0
-3.22,1.44,1,0
10.64,-1.31,0,0
9.77,12.99,0,0
-1.78,10.64,0,0
12.46,0.27,1,0
12.72,-2.31,0,0
11.41,-1.4,1,0
-1.15,10.35,1,0
11.71,9.75,1,0
11.53,-4.46,0,0
8.99,-0.96,0,0
-3.59,10.34,0,0
9.18,-1.3,0,0
10.59,13.42,0,0
-3.56,1.25,1,0
7.27,15.42,0,0
11.63,-1.25,0,0
-4.74,0.13,1,0
9.67,14.34,0,0
-2.58,10.22,1,0
9.81,11.66,0,0
-4.57,0.45,1,0
-4.04,0.13,0,0
9.69,14.57,0,0
11.35,0.17,0,0
11.28,-3.14,0,0
12.08,-3.12,1,0
10.14,-1.64,0,0
13.25,-2.26,1,0
-1.85,9.93,0,0
11.7,12.88,1,0
-5.76,0.54,0,0
11.38,10.82,1,0
10.51,14.45,0,0
-2.47,10.78,1,0
-5.01,-1.31,0,0
12.95,-2.16,1,0
-2.66,8.22,1,0
13.8,8.34,1,0
-2.79,0.59,0,0
-4.45,2.37,1,0
13.81,12.83,1,0
14.88,-4.31,1,0
-1.02,10.94,0,0
12.44,-3.38,1,0
11.56,-3.18,0,0
11.25,-1.4,0,0
1.22,12.08,0,1
11.67,13.23,0,0
-3.9,0.42,0,0
8.83,12.86,0,0
-0.2,7.93,1,0
11.8,8.31,1,0
10.55,-3.55,0,0
11.51,-2.01,1,0
10.68,-1.64,0,0
-2.26,9.78,0,0
9.47,-2.79,0,0
5.4,2.72,0,0
-0.99,8.69,1,0
11.71,10.94,1,0
1.68,3.53,0,0
10.54,-1.91,0,0
-0.32,8.87,1,0
9.37,-3.33,0,0
12.06,13.43,0,0
11.95,12.85,0,0
12.41,11.32,1,0
-3.25,-1.96,0,0
11.0,13.72,0,0
-2.38,7.6,1,0
13.01,12.37,1,0
13.67,-1.04,1,0
11.47,12.41,0,0
-4.81,-1.08,0,0
8.72,-2.2,0,0
-0.2,11.29,0,0
11.46,-2.09,0,0
12.52,12.52,1,0
14.14,-1.05,1,0
11.17,-2.22,0,0
1.05,0.53,1,0
10.76,14.35,0,0
-2.04,9.75,0,0
11.12,-2.89,0,0
-2.4,9.36,1,0
11.38,-3.73,0,0
9.27,-2.73,0,0
9.91,13.48,0,0
12.42,-1.15,1,0
-4.15,-0.89,0,0
-3.85,8.06,1,0
11.89,11.88,1,0
10.97,-0.47,1,0
-1.84,0.55,0,0
8.37,13.62,0,0
-4.53,4.64,1,0
11.32,13.95,0,0
-3.36,-0.54,0,0
13.51,-2.72,1,0
-2.58,11.03,0,0
8.11,13.44,0,0
-0.76,8.19,1,0
6.1,3.44,0,0
11.83,-1.09,0,0
10.8,12.76,0,0
-4.44,10.73,0,0
9.65,-1.82,0,0
11.09,-1.54,0,0
-2.31,0.62,1,0
-1.81,10.74,0,0
9.35,12.68,0,0
-3.6,10.67,0,0
12.27,-3.91,0,0
11.16,11.66,1,0
12.42,-1.19,1,0
-3.65,2.59,1,0
-2.32,10.18,0,0
11.32,-4.87,0,0
10.42,11.31,1,0
10.61,12.16,0,0
10.27,10.62,1,0
9.44,-1.98,0,0
10.0,-0.88,0,0
10.69,13.84,0,0
8.43,12.13,0,0
12.31,13.57,1,0
-4.38,2.69,1,0
6.08,13.55,0,0
-4.5,-1.51,0,0
9.22,-1.89,0,0
11.26,-0.45,1,0
10.54,-2.15,0,0
-2.01,-2.04,0,0
12.0,-1.07,1,0
12.71,-3.16,1,0
11.04,14.41,0,0
11.42,11.89,0,0
10.01,11.5,0,0
12.27,-2.9,0,0
10.55,13.47,0,0
-1.59,10.67,0,0
10.96,-0.52,1,0
10.42,-1.23,1,0
-2.5,8.58,1,0
9.67,11.23,0,0
-2.27,-0.72,0,0
13.52,-2.26,1,0
9.95,-3.23,0,0
10.05,-3.09,0,0
9.39,12.2,0,0
-3.88,-0.37,0,0
11.16,-2.23,0,0
-3.02,9.97,0,0
-3.07,11.05,0,0
-3.71,11.07,0,0
13.75,-1.48,1,0
12.16,-1.03,1,0
12.15,10.76,1,0
9.03,-2.71,0,0
8.83,-2.03,0,0
-1.93,2.07,1,0
14.02,0.18,1,0
9.23,-2.8,0,0
12.76,12.59,1,0
12.17,-3.85,1,0
11.5,9.24,0,0
10.96,14.4,0,0
8.68,15.5,0,0
9.87,-4.17,0,0
10.66,-3.45,0,0
-2.77,-1.46,0,0
14.44,-1.93,1,0
-1.47,10.24,0,0
9.27,-2.28,0,0
13.54,-1.75,1,0
9.14,12.53,0,0
13.29,-1.38,1,0
10.62,-3.99,0,0
-2.67,0.33,0,0
15.29,12.21,1,0
9.93,-1.43,0,0
-2.17,2.57,1,0
-3.81,11.69,0,0
-2.53,10.94,0,0
11.54,10.76,1,0
-3.86,-0.76,0,0
10.06,15.39,0,0
-3.84,1.09,0,0
13.18,-0.27,1,0
9.38,13.05,0,0
-1.69,9.38,0,0
9.91,12.97,0,0
-2.02,7.5,1,0
11.64,13.43,1,0
-4.58,-0.5,0,0
-4.63,1.1,1,0
10.55,12.86,0,0
-4.6,9.99,0,0
-2.8,7.91,1,0
-4.52,4.78,1,0
-4.24,-0.02,0,0
13.25,-1.98,1,0
13.53,1.53,1,0
8.9,13.16,0,0
-3.19,0.66,1,0
-4.17,1.6,1,0
11.15,-2.08,0,0
11.69,11.01,1,0
-1.59,0.15,0,0
13.37,11.45,1,0
11.58,11.01,1,0
13.01,-1.88,1,0
11.74,-2.95,0,0
-5.3,1.67,1,0
-1.35,6.93,1,0
8.97,-3.92,0,0
-4.03,12.28,0,0
12.89,-0.13,1,0
12.7,-1.82,1,0
11.49,10.5,1,0
14.05,-1.37,1,0
-2.29,3.47,1,0
11.48,-2.22,0,0
11.03,-4.01,0,0
-4.43,2.29,1,0
-2.37,14.4,1,1
11.44,-1.66,1,0
-2.74,11.68,0,0
10.19,12.12,0,0
10.53,14.55,0,0
9.66,-1.85,0,0
7.44,12.71,0,0
13.12,-1.89,1,0
-3.98,0.75,1,0
12.49,13.15,1,0
10.89,-3.19,0,0
12.91,10.89,1,0
-4.63,0.6,1,0
-4.79,0.41,0,0
-2.21,1.3,1,0
9.77,12.47,0,0
8.58,13.44,0,0
13.75,-2.9,1,0
-2.13,3.45,1,0
11.07,-3.02,0,0
-2.07,0.02,0,0
0.56,11.16,0,0
-1.78,9.12,1,0
14.97,-0.93,1,0
9.62,-3.04,0,0
-3.63,-1.59,0,0
12.62,14.02,1,0
11.79,10.77,1,0
11.64,12.83,0,0
13.0,-3.49,1,0
12.36,-1.37,0,0
12.78,-2.19,0,0
-3.35,-0.89,0,0
12.03,-2.02,1,0
10.22,14.24,0,0
12.61,-0.27,1,0
-1.99,10.44,1,0
10.32,-2.93,0,0
-2.16,-0.09,0,0
-2.78,9.11,1,0
9.16,-3.17,0,0
10.77,11.59,0,0
-5.12,-0.31,0,0
-2.22,-0.98,0,0
9.96,10.32,0,0
12.7,-4.26,1,0
-1.34,-0.91,0,0
-1.62,10.95,0,0
-0.89,7.99,1,0
11.65,-2.49,0,0
-1.84,0.52,1,0
-3.58,-0.55,0,0
10.31,-2.02,0,0
8.89,13.21,0,0
16.44,10.22,1,0
-3.97,1.98,1,0
12.75,-2.15,1,0
10.65,10.88,0,0
10.23,11.19,1,0
8.95,-1.73,0,0
13.14,-2.38,1,0
9.53,-2.96,0,0
11.99,-3.0,0,0
8.71,-2.39,0,0
11.76,11.84,1,0
10.55,-1.69,0,0
12.31,-4.28,0,0
9.99,-1.53,0,0
10.98,10.58,1,0
11.18,-2.06,0,0
8.98,12.01,0,0
-2.31,0.88,0,0
11.33,-3.57,0,0
10.76,11.76,0,0
11.5,-0.44,0,0
-2.04,2.44,1,0
8.95,13.3,0,0
8.95,11.25,0,0
8.95,14.19,0,0
-1.39,11.43,0,0
11.09,-1.05,1,0
9.99,-2.39,0,0
10.05,-4.87,0,0
-4.08,0.53,1,0
8.6,-2.8,0,0
11.35,15.84,0,0
12.8,11.28,1,0
10.77,12.18,1,0
-1.92,9.85,0,0
8.05,-2.3,0,0
13.22,11.47,1,0
11.96,-3.1,0,0
-5.3,9.53,1,0
8.88,14.08,0,0
-3.89,-1.19,0,0
10.95,12.72,0,0
10.6,13.89,0,0
10.69,-1.84,0,0
-3.46,9.95,0,0
11.26,13.13,0,0
-2.04,3.77,1,0
11.6,-0.82,1,0
-3.81,0.71,0,0
10.98,-2.1,0,0
5.79,4.17,0,0
10.98,-0.9,0,0
-4.15,1.23,0,0
10.23,-1.63,0,0
-1.79,2.58,1,0
12.23,-1.95,0,0
-2.01,1.82,0,0
-3.0,11.17,0,0
11.92,-3.14,1,0
-0.06,0.27,0,0
-3.25,9.06,1,0
10.01,11.07,1,0
9.91,13.84,0,0
12.12,11.88,1,0
17.32,1.11,1,0
13.88,0.3,1,0
16.1,1.3,1,0
-1.83,7.93,1,0
9.14,13.47,0,0
10.32,14.02,0,0
-3.11,1.64,1,0
-1.6,8.49,1,0
12.36,10.29,1,0
9.59,-1.92,0,0
13.33,12.17,1,0
9.65,-2.31,0,0
11.64,3.55,0,1
11.94,-3.99,1,0
11.7,13.3,0,0
-1.62,-0.42,0,0
7.65,14.31,0,0
7.57,14.85,0,0
13.49,1.44,1,0
12.9,0.06,1,0
9.47,-2.72,0,0
-3.19,8.52,1,0
8.73,12.05,0,0
-3.38,1.64,1,0
10.21,14.59,0,0
9.61,14.84,0,0
9.82,-2.09,0,0
9.4,11.39,0,0
10.71,13.32,0,0
-4.19,9.6,0,0
10.36,13.46,0,0
-5.45,0.34,1,0
-2.43,10.57,1,0
-2.76,1.59,1,0
11.22,-3.61,0,0
-4.58,11.49,0,0
13.88,-0.18,1,0
9.64,-1.2,0,0
-2.48,-0.35,0,0
-1.46,10.24,0,0
-2.34,2.17,1,0
5.55,13.74,0,1
11.88,-0.12,1,0
12.18,9.24,1,0
10.99,-1.34,0,0
10.43,-3.4,0,0
17.06,1.41,1,0
14.92,-0.38,1,0
9.89,-1.94,0,0
12.18,-1.84,1,0
12.19,-1.06,1,0
12.4,-1.46,0,0
13.66,13.29,1,0
10.87,-1.84,0,0
9.72,-2.89,0,0
12.43,9.12,1,0
13.38,14.49,0,0
10.81,13.06,0,0
12.74,-2.35,0,0
-1.86,9.79,0,0
13.45,9.04,1,0
8.44,15.0,0,0
10.12,-2.82,0,0
12.41,7.81,1,0
11.44,11.72,1,0
-0.14,3.6,1,0
9.33,0.47,1,0
10.68,11.49,1,0
11.08,13.13,0,0
11.62,13.16,0,0
11.17,-2.94,0,0
12.74,0.48,1,0
11.95,13.74,0,0
13.8,-0.35,1,0
12.53,-1.24,1,0
12.75,-2.24,0,0
11.76,-0.29,1,0
10.42,-1.21,0,0
-3.11,-1.4,0,0
12.11,-0.8,1,0
-3.34,1.91,1,0
10.2,-3.41,0,0
11.68,-1.63,0,0
-2.07,10.34,0,0
9.45,13.15,0,0
9.08,-3.26,0,0
9.58,13.27,0,0
10.67,11.66,0,0
9.21,14.32,0,0
-1.03,6.2,1,0
9.58,-2.72,0,0
-1.35,6.24,1,0
10.92,-1.64,0,0
9.86,-2.48,0,0
12.43,-1.13,1,0
-3.33,2.08,1,0
8.44,0.29,0,0
10.63,-1.74,0,0
10.44,11.53,0,0
-3.24,8.27,1,0
8.87,-2.59,0,0
10.27,14.44,0,0
-4.55,0.75,1,0
-5.91,-1.29,0,0
12.17,0.18,1,0
10.26,13.0,0,0
-5.65,0.72,1,0
15.15,-1.04,1,0
12.6,-2.46,0,0
10.56,11.27,1,0
-2.75,0.1,0,0
12.07,-1.16,0,0
-2.48,9.93,0,0
-3.08,9.46,1,0
11.91,-2.76,0,0
11.04,-2.27,0,0
-4.16,2.17,1,0
11.2,14.37,0,0
11.43,11.0,1,0
10.07,12.43,0,0
-3.11,0.36,1,0
12.7,-0.38,1,0
-2.98,4.23,1,0
12.4,11.62,1,0
15.12,-1.88,1,0
14.1,-0.87,1,0
8.7,14.27,0,0
14.14,-0.89,1,0
10.98,-2.58,0,0
-2.71,10.29,1,0
-1.85,-2.3,0,0
14.73,0.2,1,0
-1.68,10.66,0,0
12.93,-1.94,0,0
-1.3,-0.96,0,0
10.9,15.28,0,0
10.02,-3.68,0,0
11.24,-2.15,0,0
10.95,-1.4,0,0
12.56,-1.53,1,0
9.42,12.23,0,0
11.3,13.46,0,0
13.45,-0.01,1,0
-2.58,-0.1,0,0
11.36,-1.35,0,0
16.13,-0.89,1,0
11.04,-0.59,0,0
3.96,3.5,0,0
-3.67,10.96,0,0
10.91,15.6,0,0
12.63,-1.63,0,0
8.67,-2.45,0,0
-4.13,1.57,1,0
-1.83,10.68,0,0
10.38,-3.41,0,0
10.49,-3.96,0,0
9.82,-2.02,0,0
10.4,12.78,0,0
-3.65,0.28,0,0
13.13,-1.91,1,0
12.89,-2.57,1,0
9.96,-3.1,0,0
10.63,10.95,0,0
-4.34,0.67,1,0
17.78,7.72,1,1
12.68,-2.26,0,0
13.34,9.72,1,0
-0.6,1.62,1,0
-3.82,11.75,1,0
-2.96,2.69,1,0
10.79,14.84,0,0
13.04,-0.33,1,0
11.42,12.84,0,0
-2.95,8.72,1,0
11.77,-3.29,0,0
12.24,6.96,1,1
-1.44,10.05,0,0
12.07,-3.9,1,0
10.79,-3.12,0,0
-3.62,-0.29,0,0
9.44,12.51,0,0
-0.48,11.44,0,0
9.27,-2.27,0,0
11.38,-1.28,0,0
9.4,-3.41,0,0
-5.01,2.69,1,0
10.69,16.16,0,0
11.93,-3.13,0,0
10.83,14.51,0,0
9.68,12.7,0,0
11.82,-3.46,0,0
14.05,-1.58,1,0
11.75,-0.18,1,0
12.47,-2.53,0,0
-1.71,8.86,1,0
14.03,-2.42,1,0
16.48,-0.61,1,0
10.57,13.41,0,0
12.52,11.4,1,0
10.86,-2.16,0,0
-2.33,-0.17,0,0
-4.99,1.92,1,0
8.99,-2.93,0,0
-1.83,0.99,1,0
-1.06,9.64,1,0
-4.78,-0.68,0,0
10.47,13.63,0,0
11.98,12.36,0,0
13.38,-2.31,1,0
-4.62,-0.34,0,0
-2.68,-0.33,0,0
10.46,-1.99,0,0
9.74,-1.87,0,0
12.71,-2.1,0,0
12.25,-1.6,1,0
10.82,-3.19,0,0
12.73,-2.11,1,0
8.09,13.05,0,0
12.02,-3.17,0,0
10.4,11.03,0,0
-0.99,8.87,1,0
10.87,11.4,1,0
10.79,-2.56,0,0
16.98,0.79,1,0
12.33,-2.21,0,0
13.65,-2.62,1,0
9.79,14.32,0,0
11.39,13.12,0,0
-4.96,3.34,1,0
10.44,-3.47,0,0
10.74,-6.06,0,0
11.9,-1.09,0,0
9.55,12.58,0,0
11.31,12.88,0,0
15.24,1.42,1,0
13.11,-2.12,1,0
9.24,12.94,0,0
8.52,12.6,0,0
13.0,-4.44,1,0
11.0,-1.21,0,0
11.48,-2.69,0,0
10.61,12.17,0,0
10.93,-1.47,0,0
10.66,-2.31,0,0
11.93,13.29,1,0
10.75,-3.84,0,0
12.92,-0.52,1,0
-4.17,8.94,1,0
9.49,-3.11,0,0
10.85,13.23,0,0
-1.83,2.72,1,0
-3.39,1.85,1,0
-3.09,10.26,0,0
15.48,-1.08,1,0
12.59,-2.91,0,0
10.57,-1.98,0,0
10.45,-2.32,0,0
10.95,13.46,0,0
10.87,12.88,0,0
13.14,14.12,0,0
11.85,10.31,1,0
-1.54,10.25,0,0
10.02,-0.98,0,0
10.06,11.55,0,0
-3.82,1.46,1,0
10.41,-2.43,0,0
10.73,13.24,0,0
11.69,12.48,0,0
-4.51,1.52,1,0
-1.95,1.8,1,0
9.96,11.26,0,0
11.17,15.2,0,0
5.7,4.12,0,0
11.65,-1.68,0,0
-3.16,0.61,0,0
-2.38,0.51,0,0
10.31,12.72,0,0
10.77,13.53,0,0
10.29,-1.43,0,0
11.17,-0.89,0,0
15.47,12.8,1,0
13.18,-0.13,0,0
-3.7,0.12,0,0
11.75,-3.66,0,0
14.51,-2.38,1,0
13.13,11.28,1,0
9.69,11.12,0,0
10.03,-2.56,0,0
10.03,-2.36,0,0
11.13,-3.46,0,0
11.54,13.67,0,0
11.12,13.66,0,0
-2.93,9.33,0,0
-3.84,3.74,1,0
11.5,-2.62,0,0
16.89,-0.28,1,0
9.97,-1.77,0,0
-3.3,10.56,0,0
11.08,13.35,0,0
10.51,12.59,0,0
-1.82,6.23,1,0
11.2,-1.18,0,0
-4.2,-0.67,0,0
13.95,-1.72,1,0
9.46,-3.32,0,0
10.53,-3.39,0,0
9.3,-4.28,0,0
-4.61,1.07,1,0
9.97,12.43,0,0
10.21,12.76,0,0
14.67,1.91,1,0
14.01,-0.53,1,0
12.54,-3.11,1,0
-2.8,11.14,0,0
-3.56,0.25,0,0
-2.2,1.48,1,0
-3.09,1.47,0,0
13.11,-0.17,1,0
-3.89,0.23,0,0
10.74,14.05,0,0
10.38,-1.67,0,0
-4.57,1.11,1,0
10.6,-4.0,0,0
10.16,-1.98,0,0
-1.25,11.16,0,0
-3.56,9.52,1,0
-4.19,9.85,1,0
-1.22,8.59,1,0
13.06,-2.28,1,0
10.75,-1.62,0,0
9.1,12.65,0,0
-3.94,5.37,1,0
13.03,-3.3,1,0
12.91,10.2,1,0
8.15,-1.12,0,0
-2.75,0.38,0,0
11.57,-1.93,0,0
8.75,13.0,0,0
9.39,-0.85,0,0
-1.71,10.61,0,0
14.81,-0.57,1,0
6.8,5.54,0,0
-5.69,7.5,1,0
-4.51,-0.72,0,0
10.16,-2.49,0,0
10.92,13.56,0,0
17.11,9.71,1,0
13.3,13.75,1,0
-3.7,1.46,1,0
10.85,-4.15,0,0
11.08,-3.37,0,0
-2.95,6.1,1,0
11.15,-1.31,0,0
-3.83,0.36,0,0
-3.79,0.37,0,0
13.6,-2.36,1,0
11.13,-1.67,0,0
9.55,-3.49,0,0
-1.75,1.85,1,0
-3.57,9.41,1,0
15.81,11.9,1,0
-4.63,1.01,1,0
12.9,-2.29,0,0
-2.85,-0.79,0,0
-3.44,4.29,1,0
10.44,9.2,1,0
10.38,-3.79,0,0
10.45,-1.11,0,0
8.92,9.86,1,0
-1.62,10.05,0,0
11.8,-3.16,0,0
-5.15,0.15,1,0
9.14,12.7,0,0
10.25,-3.65,0,0
-0.41,10.35,1,0
11.13,-1.18,0,0
11.86,-1.45,0,0
-4.01,0.34,0,0
11.32,-1.98,0,0
11.82,0.27,1,0
-3.87,-0.16,0,0
-3.31,1.52,1,0
10.1,-2.53,0,0
-0.7,0.7,0,0
9.67,11.76,0,0
10.22,-0.61,0,0
11.06,9.78,1,0
-3.42,10.5,0,0
9.89,14.14,0,0
11.58,-1.69,0,0
12.61,-1.62,1,0
12.81,-2.41,1,0
13.56,-3.66,1,0
9.65,-2.32,0,0
10.46,-2.07,0,0
-4.84,0.72,1,0
10.65,-1.51,0,0
14.91,10.34,1,0
12.25,-2.1,0,0
11.94,-0.89,1,0
9.04,13.22,0,0
10.34,-0.51,1,0
9.08,-1.89,0,0
10.4,-1.05,0,0
-1.08,9.25,1,0
9.01,-1.81,0,0
-3.53,11.53,0,0
-4.28,2.19,1,0
11.94,0.54,1,0
-1.02,11.29,0,0
10.17,11.91,0,0
-3.91,-2.03,0,0
8.48,-3.01,0,0
8.19,-2.5,0,0
12.49,-1.05,1,0
14.76,-1.19,1,0
13.16,14.73,1,0
14.22,-0.5,1,0
10.08,-1.24,0,0
12.64,-1.91,0,0
-4.23,0.83,1,0
10.38,-2.44,0,0
9.68,-4.42,0,0
-2.14,1.07,1,0
14.77,-2.23,1,0
10.47,-1.74,0,0
10.36,-3.45,0,0
-1.42,8.1,1,0
-4.29,10.29,1,0
11.14,-2.84,0,0
12.05,-2.8,0,0
10.07,12.77,0,0
10.66,-0.8,0,0
10.71,13.14,0,0
9.7,11.87,0,0
4.72,3.65,0,0
9.72,13.92,0,0
10.98,-1.55,0,0
8.34,11.6,0,0
11.38,-1.51,0,0
14.53,-0.54,1,0
11.31,-1.04,0,0
12.41,11.56,1,0
-0.5,8.42,1,0
8.97,-1.77,0,0
-1.86,10.86,1,0
13.72,-1.04,1,0
-6.14,-0.97,1,0
8.28,11.91,0,0
11.2,13.28,0,0
2.69,7.14,0,1
9.54,11.73,0,0
12.57,-1.52,1,0
15.61,0.47,1,0
11.57,-3.21,0,0
14.17,-2.38,1,0
11.34,-2.19,0,0
-1.19,-2.06,0,0
-3.09,2.19,1,0
12.74,-1.09,0,0
16.23,-0.75,1,0
-3.17,-2.37,0,0
11.82,-3.92,0,0
10.22,-2.59,0,0
12.26,-3.22,1,0
12.21,-2.77,1,0
13.28,10.68,1,0
10.3,-2.37,0,0
11.0,13.85,0,0
10.84,9.56,0,0
12.2,11.06,1,0
-2.02,8.12,1,0
-1.94,-0.38,0,0
11.29,-1.49,0,0
9.18,-2.04,0,0
14.01,-1.75,1,0
11.84,-3.97,0,0
11.05,12.62,0,0
-3.12,0.78,1,0
9.24,-4.34,0,0
11.9,12.25,1,0
-2.74,10.42,0,0
12.65,-0.95,1,0
13.48,13.4,1,0
14.62,-1.81,1,0
-3.17,7.12,1,0
9.74,-3.17,0,0
10.12,12.08,0,0
-1.09,9.53,0,0
-3.88,0.66,0,0
10.96,-1.44,0,0
11.34,-2.49,0,0
8.77,13.0,0,0
10.74,10.42,0,0
12.71,-2.17,1,0
9.24,-1.9,0,0
11.89,-0.2,1,0
10.97,-2.32,0,0
11.53,13.6,0,0
13.15,-1.86,1,0
-2.06,-1.7,0,0
9.88,13.12,0,0
-3.95,3.87,1,0
7.48,-1.68,0,0
-2.45,6.45,1,0
10.19,-1.08,0,0
11.53,12.25,0,0
10.96,-3.75,0,0
-5.35,-0.98,0,0
9.89,11.44,0,0
9.77,11.1,0,0
-3.1,0.82,1,0
-1.97,2.01,1,0
8.3,-1.55,0,0
10.59,-3.46,0,0
12.25,-1.58,0,0
-4.84,0.81,1,0
-0.33,8.06,1,0
9.19,12.98,0,0
12.15,-2.04,0,0
12.87,13.2,0,0
10.75,12.59,0,0
11.28,-2.22,0,0
-3.02,-0.16,0,0
10.5,-3.64,0,0
9.56,13.22,0,0
-4.17,-0.26,0,0
9.03,11.98,0,0
-2.56,11.88,0,0
13.88,-2.69,1,0
5.96,4.62,0,0
10.44,-2.83,0,0
11.52,-1.54,0,0
9.39,0.2,0,0
12.41,-0.04,1,0
-1.8,9.97,1,0
-2.33,2.02,1,0
-1.97,-0.94,0,0
14.82,1.18,1,0
10.07,-1.82,0,0
14.75,12.91,1,0
-4.29,2.41,1,0
-4.13,0.35,0,0
11.25,13.56,0,0
13.55,-1.41,1,0
-4.98,-1.29,0,0
11.94,-3.92,0,0
-1.7,10.25,0,0
11.31,10.89,1,0
-3.37,0.87,1,0
13.72,-0.13,1,0
11.45,13.48,0,0
12.61,-3.39,1,0
-3.34,11.68,0,0
10.35,-3.51,0,0
-5.32,4.02,1,0
-1.71,9.92,0,0
-3.87,-0.9,0,0
-2.93,3.06,1,0
-2.75,8.0,1,0
10.56,-3.91,0,0
9.21,14.43,0,0
-3.14,1.08,1,0
11.74,-3.64,0,0
-2.09,4.08,1,0
9.61,12.12,0,0
11.06,10.96,0,0
-2.06,7.19,1,0
-2.34,8.56,1,0
9.44,13.89,0,0
9.71,14.25,0,0
-1.33,-0.01,0,0
11.99,10.14,1,0
-2.7,9.58,0,0
10.54,-2.63,0,0
11.61,-4.13,0,0
14.48,-2.46,1,0
9.74,-2.47,0,0
-3.08,0.48,1,0
8.77,11.94,0,0
16.17,-0.96,1,0
13.22,-0.22,1,0
11.02,-1.64,0,0
10.28,-2.94,0,0
10.5,11.77,0,0
-1.43,1.66,1,0
10.1,-1.04,0,0
10.94,12.52,0,0
14.06,-1.6,1,0
9.69,-1.82,0,0
-2.29,10.55,0,0
10.09,-1.46,0,0
12.48,-2.25,0,0
-4.95,0.4,1,0
-1.79,9.75,0,0
13.33,-0.8,1,0
12.17,8.49,1,0
13.55,-0.9,1,0
13.7,-0.8,0,0
-4.99,0.1,1,0
-4.59,0.11,1,0
10.88,-0.2,0,0
-3.88,0.78,0,0
10.28,11.36,0,0
9.63,13.13,0,0
9.57,-2.58,0,0
11.47,-3.14,0,0
9.06,-2.56,0,0
11.28,-3.4,0,0
13.99,9.37,1,0
-4.18,2.86,1,0
-0.78,8.08,1,0
-1.9,6.72,1,0
10.7,-3.17,0,0
12.51,-1.48,1,0
11.56,9.4,1,0
11.59,14.6,0,0
9.1,-2.3,0,0
11.46,-4.01,0,0
-2.82,10.27,0,0
8.88,14.11,0,0
11.18,-0.51,1,0
-4.29,0.9,1,0
12.9,-2.57,1,0
-3.9,0.25,0,0
10.61,-1.34,0,0
11.78,-2.81,0,0
12.65,-0.45,1,0
10.72,13.7,0,0
11.64,-0.7,0,0
8.61,12.37,0,0
10.89,10.94,1,0
11.15,13.75,0,0
14.81,0.22,1,0
13.88,-2.03,1,0
12.39,-3.28,1,0
10.02,-2.75,0,0
15.21,-1.41,1,0
11.26,13.09,0,0
-1.7,0.77,0,0
9.61,11.33,0,0
11.11,-1.88,0,0
10.81,13.28,0,0
11.8,-1.63,0,0
12.51,-2.82,0,0
-3.78,0.92,1,0
-5.23,-1.08,0,0
10.76,-2.59,0,0
12.46,-2.52,0,0
-1.89,1.48,0,0
-2.39,6.97,1,0
-2.85,2.21,1,0
12.7,-0.58,1,0
10.9,12.41,1,0
11.56,9.79,1,0
13.4,-0.36,0,0
11.79,13.09,0,0
8.47,-2.09,0,0
-2.5,1.18,1,0
-3.03,-0.76,0,0
-5.23,9.2,1,0
9.18,12.04,0,0
-1.64,-1.5,0,0
13.6,-0.98,1,0
11.46,0.85,0,0
11.45,-3.01,0,0
10.29,-3.44,0,0
-2.46,8.99,1,0
10.01,14.66,0,0
11.2,-3.39,0,0
11.07,13.32,0,0
-3.19,12.05,0,0
10.37,12.64,0,0
-1.8,9.87,1,0
10.57,-6.21,0,0
9.47,-1.78,0,0
15.84,-1.4,1,0
-2.49,9.27,1,0
-3.32,10.08,0,0
10.32,-2.55,0,0
-2.68,1.3,1,0
-1.93,8.22,1,0
10.15,15.06,0,0
9.72,12.14,0,0
-2.52,0.36,0,0
11.61,-2.92,0,0
9.29,-3.37,0,0
-2.39,3.82,1,0
11.9,9.8,0,0
10.95,13.41,0,0
10.69,-2.2,0,0
-2.63,7.64,1,0
-2.35,0.05,0,0
10.93,-2.43,0,0
11.39,-5.71,0,0
-1.81,9.28,1,0
12.3,10.94,1,0
-3.52,2.31,1,0
9.47,-2.28,0,0
11.8,12.38,1,0
12.66,-4.01,1,0
12.4,-1.14,1,0
10.85,-2.07,0,0
10.8,0.52,1,0
12.54,-0.64,1,0
16.22,-1.01,1,0
11.11,-1.12,0,0
11.19,11.03,1,0
-4.09,0.67,1,0
13.44,9.0,1,0
10.41,-2.39,0,0
12.8,-0.31,1,0
11.68,13.1,0,0
-3.52,0.23,0,0
8.99,12.19,0,0
-3.82,0.28,0,0
10.87,13.32,0,0
12.91,1.16,1,0
12.48,8.38,1,0
11.27,14.27,0,0
10.02,-2.75,0,0
11.24,12.7,0,0
10.42,-1.07,0,0
11.66,-2.85,0,0
11.86,-2.79,0,0
9.72,11.21,0,0
-3.81,9.4,0,0
11.29,12.95,0,0
11.66,-0.81,1,0
-3.78,3.03,1,0
-2.46,9.33,0,0
9.0,-2.74,0,0
9.96,-0.17,1,0
10.59,13.08,0,0
-4.04,2.55,1,0
-0.73,9.76,1,0
12.45,-2.36,0,0
-0.08,10.68,0,0
-2.46,0.05,0,0
-4.7,1.41,1,0
9.28,11.29,0,0
-3.97,1.34,1,0
11.82,13.28,0,0
13.69,-0.75,1,0
11.49,13.49,0,0
-2.91,2.4,1,0
7.22,13.62,0,0
11.15,-4.1,0,0
13.68,-1.57,1,0
-3.78,-1.03,0,0
14.2,-1.69,1,0
9.37,12.58,0,0
-4.07,0.84,0,0
11.33,-3.02,0,0
-2.46,-0.05,0,0
10.45,11.23,1,0
-4.69,0.07,0,0
13.97,9.84,1,0
-3.34,-1.46,0,0
12.14,-3.5,0,0
12.17,-2.41,0,0
-3.58,0.1,0,0
10.66,-2.07,0,0
10.88,-2.17,0,0
13.97,-2.85,1,0
-3.32,1.48,1,0
9.37,-3.47,0,0
10.23,9.34,0,0
14.12,0.32,1,0
9.4,-2.49,0,0
10.54,-2.71,0,0
11.84,-4.78,0,0
12.96,-4.35,1,0
12.91,12.17,1,0
11.04,0.61,1,0
12.09,11.08,1,0
11.33,-3.03,0,0
13.37,-0.89,1,0
-3.27,1.71,1,0
-4.55,10.52,0,0
-4.03,-0.35,0,0
11.77,-2.45,0,0
-3.29,6.78,1,0
14.54,-2.2,1,0
12.91,-1.75,1,0
10.63,-1.31,0,0
9.38,-3.21,0,0
14.51,-1.09,1,0
9.99,-1.89,0,0
11.24,-3.52,0,0
-2.48,-1.16,0,0
-4.15,-0.04,0,0
11.87,-2.67,0,0
8.94,-2.36,0,0
10.85,11.82,0,0
14.85,-1.64,1,0
-5.3,1.61,1,0
10.81,-2.76,0,0
10.21,-2.3,0,0
10.51,9.73,1,0
12.56,-2.88,0,0
7.59,-2.05,0,0
10.35,-2.16,0,0
-4.14,9.01,1,0
-2.23,1.34,1,0
-2.4,8.54,1,0
11.5,11.54,1,0
13.12,-2.6,1,0
11.33,12.92,0,0
9.83,13.11,0,0
9.7,-2.39,0,0
10.62,13.29,0,0
8.43,-0.97,0,0
12.02,-0.9,1,0
9.97,15.64,0,0
9.38,12.62,0,0
10.01,11.73,0,0
10.47,-1.75,0,0
6.3,13.95,0,0
9.14,-1.74,0,0
-2.59,0.99,1,0
10.68,11.57,0,0
11.31,-1.75,1,0
10.09,-1.49,0,0
14.48,-4.72,1,0
-2.74,11.3,0,0
10.97,-2.17,0,0
10.66,-1.34,0,0
12.37,12.55,1,0
11.23,-0.93,1,0
-4.51,0.08,1,0
9.53,-1.89,0,0
11.47,-2.96,0,0
14.44,-1.8,1,0
11.73,-2.84,0,0
-3.3,11.93,0,0
11.03,-2.15,0,0
12.54,9.42,1,0
-1.44,11.41,0,0
-3.09,-0.84,0,0
11.81,-3.32,0,0
10.93,-1.41,0,0
-2.22,-0.99,0,0
9.18,13.44,0,0
9.97,11.58,0,0
12.5,-0.83,0,0
10.54,11.66,0,0
10.34,13.09,0,0
10.51,13.68,0,0
-3.95,0.26,0,0
11.23,-3.45,0,0
14.38,10.81,1,0
-1.55,-0.61,0,0
11.36,-1.82,0,0
10.66,-1.51,0,0
9.48,-2.25,0,0
-3.18,10.84,0,0
12.75,-1.18,1,0
-3.01,8.51,1,0
9.26,16.29,0,0
12.1,0.13,1,0
12.66,-0.06,1,0
9.95,-3.29,0,0
9.76,14.34,0,0
11.19,-3.73,0,0
10.1,-1.91,0,0
11.97,-2.92,1,0
9.69,13.34,0,0
9.81,-2.95,0,0
9.64,-1.83,0,0
10.26,-3.42,0,0
14.11,10.93,1,0
-6.34,3.12,1,0
11.28,-6.35,0,0
9.41,13.16,0,0
-2.65,0.14,0,0
-2.56,9.4,1,0
-4.95,-1.05,0,0
12.87,-2.73,1,0
11.81,12.29,1,0
11.44,11.45,1,0
6.66,6.44,0,0
-3.96,-1.56,0,0
11.76,14.92,0,0
11.6,12.54,1,0
12.98,-0.99,1,0
9.37,13.25,0,0
-1.75,10.87,0,0
11.86,11.67,0,0
9.39,-1.05,0,0
15.18,0.26,1,0
9.68,13.76,0,0
11.92,-1.3,1,0
13.28,-1.81,0,0
12.0,-1.03,0,0
11.47,-5.01,0,0
11.05,-2.15,0,0
11.33,11.52,1,0
8.27,13.7,0,0
13.04,-0.19,1,0
13.97,-1.69,1,0
11.64,-1.38,0,0
10.52,-3.99,0,0
-6.17,0.32,1,0
8.88,-2.85,0,0
-5.6,4.77,1,0
11.77,15.45,0,0
-3.83,6.41,1,0
12.08,-1.0,0,0
-2.51,-0.08,0,0
-2.56,9.88,0,0
13.58,-0.45,1,0
11.04,12.94,0,0
10.65,-4.49,0,0
8.76,12.78,0,0
9.16,14.08,0,0
9.76,-0.87,0,0
-4.93,-0.82,0,0
-3.61,-1.18,0,0
12.79,-4.51,1,0
8.89,-1.61,0,0
9.04,13.02,0,0
-2.87,0.99,0,0
-4.43,0.48,1,0
13.73,-2.19,1,0
-3.7,-0.08,1,0
15.77,-1.34,1,0
-4.01,-0.21,0,0
8.83,13.89,0,0
12.71,6.16,1,1
12.34,-2.29,0,0
9.87,12.0,0,0
-1.63,4.74,1,0
12.37,1.22,1,0
10.91,13.47,0,0
-4.42,8.61,1,0
11.86,-2.61,0,0
-4.15,3.83,1,0
10.82,-2.29,0,0
11.43,13.35,0,0
12.01,-2.6,0,0
-3.84,0.54,0,0
-4.1,-0.04,0,0
-2.11,-1.06,0,0
-3.76,-1.82,0,0
13.09,-2.22,1,0
11.61,-3.08,0,0
-5.13,0.23,1,0
13.66,0.41,1,0
-2.07,-2.96,0,0
15.2,1.2,1,0
12.11,-0.87,0,0
6.67,4.31,0,0
11.5,0.66,0,0
10.13,-3.24,0,0
13.01,-0.73,1,0
8.84,12.4,0,0
8.39,-1.8,0,0
9.77,13.39,0,0
9.55,-1.13,0,0
12.89,-1.99,1,0
13.36,8.98,1,0
8.36,13.44,0,0
9.4,-1.62,0,0
8.36,-3.43,0,0
10.19,-1.98,0,0
10.06,-3.2,0,0
-2.46,1.67,1,0
11.86,-3.1,0,0
9.8,12.6,0,0
14.28,-1.94,1,0
-3.47,0.05,0,0
-3.78,9.33,1,0
-2.74,-1.05,0,0
9.73,12.16,0,0
-2.87,-0.18,0,0
14.32,-1.15,1,0
10.25,13.14,0,0
-3.99,8.89,1,0
10.76,11.63,1,0
9.27,-3.06,0,0
10.07,12.71,0,0
-7.99,2.1,1,1
9.41,-3.38,0,0
-2.95,8.67,1,0
9.15,13.56,0,0
11.73,10.81,1,0
12.29,-1.6,0,0
11.57,13.82,1,0
13.03,-0.42,1,0
12.66,-2.23,0,0
12.02,-2.63,0,0
-3.7,9.31,0,0
10.74,-1.74,0,0
10.58,-3.83,0,0
11.71,-1.46,0,0
-2.42,9.04,0,0
8.97,13.32,0,0
11.32,0.81,1,0
11.74,-3.0,0,0
12.97,-2.59,1,0
-4.79,-0.16,1,0
10.23,14.84,0,0
8.97,-2.36,0,0
14.74,-0.1,1,0
-4.97,-0.7,1,0
10.54,14.42,0,0
8.95,11.43,0,0
14.76,1.16,1,0
14.02,-0.22,1,0
10.48,-1.56,0,0
-2.95,10.9,0,0
14.14,0.18,1,0
13.94,-0.85,1,0
9.71,-0.72,0,0
11.62,-0.68,0,0
11.03,-2.2,0,0
8.6,-2.15,0,0
-4.29,5.48,1,0
-2.96,6.03,1,0
-2.22,3.73,1,0
11.9,-1.64,0,0
-2.96,-1.36,0,0
-1.94,11.04,0,0
-5.06,-0.99,1,0
12.26,-1.21,0,0
-1.75,9.82,0,0
10.59,12.79,0,0
11.15,-2.77,0,0
9.52,-4.56,0,0
12.24,-0.43,1,0
-4.07,0.66,1,0
-1.51,10.86,0,0
10.72,-3.71,0,0
10.03,-2.92,0,0
5.92,3.14,0,0
-4.28,0.44,1,0
12.02,-2.76,0,0
-4.03,10.46,0,0
16.21,1.46,1,0
13.08,0.19,1,0
13.36,14.32,1,0
10.87,9.68,0,0
11.37,-2.16,0,0
12.51,12.48,1,0
-2.58,-3.16,0,0
9.07,13.31,0,0
12.65,10.94,1,0
14.05,9.6,1,0
13.71,-0.29,1,0
12.74,-2.68,1,0
11.8,-1.28,0,0
-3.88,0.73,0,0
12.56,-4.84,0,0
14.2,-1.5,1,0
9.23,12.91,0,0
-4.17,0.55,1,0
7.14,11.44,0,0
14.46,-0.2,1,0
9.25,12.9,0,0
13.93,10.42,1,0
-3.41,11.23,1,0
14.07,0.42,1,0
-2.92,-1.21,0,0
10.03,14.11,0,0
13.03,-2.05,1,0
11.71,-4.82,0,0
13.83,-0.52,1,0
9.71,13.14,0,0
-4.47,-1.49,0,0
-2.84,7.53,1,0
12.26,10.69,1,0
11.39,-2.52,0,0
-2.62,8.87,1,0
11.09,-4.33,0,0
11.33,-2.8,0,0
10.43,-2.03,0,0
-4.38,1.72,1,0
-4.28,0.79,1,0
8.21,-2.28,0,0
12.84,8.3,1,0
-2.57,9.3,1,0
1.48,4.33,0,0
11.57,-3.41,0,0
12.86,-2.47,1,0
13.43,10.15,1,0
11.42,-4.01,0,0
-3.9,0.79,1,0
9.74,-3.67,0,0
-2.24,0.1,0,0
0.12,0.35,1,0
7.52,-3.3,0,0
17.32,-0.33,1,0
-4.2,1.93,1,0
-2.33,1.7,1,0
9.77,12.31,0,0
9.33,11.63,0,0
10.18,13.28,0,0
16.67,2.28,1,0
13.79,-1.98,1,0
-2.57,1.89,1,0
11.48,9.91,1,0
13.76,9.58,1,0
15.8,9.73,1,0
14.04,-2.45,1,0
9.6,12.93,0,0
11.26,-1.48,0,0
11.15,-1.28,0,0
10.8,13.13,0,0
14.81,0.06,1,0
8.46,13.01,0,0
8.14,14.07,0,0
-3.1,0.02,0,0
10.07,-2.76,0,0
-3.05,-1.27,0,0
11.11,-1.74,0,0
14.61,-0.98,1,0
10.2,-1.44,0,0
-2.2,7.7,1,0
-4.96,2.04,1,0
-4.0,-0.0,0,0
9.22,13.13,0,0
8.9,12.1,0,0
8.59,12.45,0,0
13.77,-2.88,1,0
13.59,-0.84,1,0
11.65,-3.77,0,0
9.59,-1.36,0,0
-1.62,11.55,0,0
9.19,-1.92,0,0
9.76,13.3,0,0
11.31,-2.94,0,0
-1.67,-0.12,0,0
11.3,-2.78,0,0
13.43,-0.22,1,0
-2.08,0.21,0,0
9.83,-2.14,0,0
11.49,13.14,1,0
11.74,-3.25,0,0
9.69,-3.17,0,0
14.73,-0.66,1,0
9.75,12.59,0,0
11.59,12.64,0,0
9.45,12.98,0,0
-3.97,0.45,0,0
10.8,-1.54,0,0
13.3,-1.4,1,0
12.04,-1.55,0,0
13.66,12.37,0,0
16.37,12.76,1,0
8.62,-2.68,0,0
-3.96,10.18,1,0
12.52,11.21,1,0
14.85,12.85,1,0
13.2,-1.71,1,0
10.09,13.41,0,0
16.3,0.65,1,0
12.47,-0.83,1,0
11.7,-2.85,0,0
-2.81,1.01,1,0
9.26,-2.78,0,0
16.07,-1.07,1,0
8.95,13.27,0,0
8.02,-3.68,0,0
11.48,-3.01,0,0
-2.31,1.0,0,0
12.46,10.96,1,0
-0.84,2.09,0,0
-3.3,11.55,0,0
-0.88,10.53,0,0
-3.97,8.65,0,0
9.98,13.8,0,0
12.95,-1.38,1,0
9.78,12.38,0,0
11.42,11.43,1,0
9.79,2.47,0,1
10.5,13.9,0,0
9.62,-4.02,0,0
11.21,-3.1,0,0
0.91,2.42,0,0
9.32,15.54,0,0
-5.4,2.47,1,0
10.14,-2.59,0,0
9.2,13.06,0,0
13.0,-1.52,1,0
9.05,-2.41,0,0
-1.41,9.87,1,0
14.08,8.95,1,0
10.39,-1.96,0,0
13.18,11.17,1,0
10.62,-3.78,0,0
10.57,14.67,0,0
14.05,-0.15,1,0
11.84,-1.26,0,0
11.61,-1.93,0,0
10.55,-1.55,0,0
11.63,-3.11,0,0
10.32,-2.88,0,0
11.18,12.22,0,0
-2.97,0.83,0,0
-3.84,10.42,0,0
11.05,10.38,1,0
14.83,-0.9,1,0
11.11,-3.02,0,0
14.5,10.66,1,0
10.87,12.4,0,0
11.66,12.47,1,0
11.22,12.93,0,0
-4.19,-0.82,0,0
12.0,-1.38,0,0
10.32,-3.84,0,0
-3.8,0.06,0,0
10.18,-1.82,0,0
10.7,-2.25,0,0
9.64,11.72,0,0
13.11,-2.35,1,0
9.5,-1.92,0,0
11.45,13.09,0,0
10.92,-1.33,0,0
8.24,12.67,0,0
9.66,-3.09,0,0
-0.87,-0.29,1,0
11.95,-1.46,0,0
-3.78,1.95,1,0
11.7,-3.34,0,0
14.74,-0.08,1,0
-2.84,0.38,1,0
12.03,14.48,0,0
14.24,-2.8,1,0
-2.7,0.21,1,0
7.38,11.66,0,0
14.18,-1.57,1,0
9.89,13.95,0,0
9.43,13.04,0,0
12.49,10.19,1,0
-4.16,1.03,1,0
10.02,12.25,0,0
9.45,11.54,0,0
-3.68,1.13,1,0
-4.21,2.42,1,0
12.01,-2.57,1,0
-3.77,0.14,0,0
9.87,12.65,0,0
11.22,12.14,1,0
10.02,12.54,0,0
11.2,-1.97,0,0
12.18,-1.31,0,0
5.44,3.66,0,0
9.29,12.85,0,0
10.24,12.79,0,0
11.7,-0.91,0,0
8.8,-1.96,0,0
16.1,9.94,1,0
10.53,-3.53,0,0
0.34,11.18,1,0
-0.93,11.18,0,0
12.93,-1.01,0,0
9.28,-1.19,0,0
-1.95,11.53,0,0
11.3,-1.01,0,0
-1.97,9.05,1,0
9.14,14.0,0,0
-4.02,-0.42,0,0
13.72,-2.09,1,0
11.26,-3.93,0,0
11.44,-1.08,0,0
9.73,12.82,0,0
11.03,-2.25,0,0
-3.3,10.98,0,0
-3.58,10.44,0,0
-4.86,-1.23,1,0
14.75,13.82,1,0
9.49,12.53,0,0
-5.0,1.41,1,0
-1.34,10.29,0,0
10.67,8.6,0,0
9.35,13.04,0,0
10.29,13.1,0,0
12.92,13.22,1,0
12.16,-3.26,1,0
11.29,11.31,1,0
10.52,13.91,0,0
10.28,11.31,0,0
-2.7,2.83,1,0
10.99,-1.04,0,0
5.78,5.37,0,0
12.83,-0.79,1,0
8.96,10.78,0,0
-0.11,10.85,0,0
7.59,12.3,0,0
14.69,0.95,1,0
-3.97,1.34,1,0
14.25,-0.65,1,0
11.57,10.62,1,0
-2.6,6.18,1,0
12.46,-0.4,1,0
11.8,-3.13,0,0
8.97,11.87,0,0
-2.0,9.76,0,0
7.66,14.01,0,0
8.66,13.41,0,0
-2.58,0.43,0,0
13.88,-2.8,1,0
11.2,-1.52,0,0
10.88,11.72,1,0
13.47,11.35,1,0
8.49,-2.92,0,0
9.17,12.88,0,0
11.46,-2.19,0,0
15.18,11.27,1,0
1.19,6.73,0,1
13.92,10.59,1,0
12.71,-0.53,1,0
10.36,-0.4,0,0
-4.73,1.1,1,0
12.59,10.82,1,0
-1.45,8.63,1,0
13.99,12.44,1,0
10.44,-2.18,0,0
14.23,13.79,1,0
10.9,-2.34,0,0
8.8,13.62,0,0
-3.86,0.52,0,0
-2.85,8.32,1,0
-4.35,0.34,1,0
11.29,-3.19,0,0
9.51,-1.74,0,0
15.65,0.05,1,0
12.04,-0.38,0,0
12.05,10.34,1,0
-3.98,0.25,0,0
13.78,-0.82,1,0
-3.15,3.23,1,0
-4.14,1.13,1,0
11.29,-3.16,0,0
11.67,-3.11,0,0
-2.12,4.3,1,0
-2.74,10.87,0,0
9.59,12.65,0,0
-5.75,-1.45,0,0
8.29,-3.31,0,0
11.38,-0.83,0,0
-0.98,9.68,0,0
10.88,13.77,0,0
10.5,13.54,0,0
-2.64,10.53,0,0
8.87,-2.2,0,0
8.98,12.4,0,0
11.76,-3.18,0,0
11.35,-3.15,0,0
-1.12,10.88,0,0
8.87,0.35,0,0
12.52,-0.55,1,0
14.13,13.94,1,0
15.32,-0.09,1,0
-2.5,-0.26,0,0
9.34,12.91,0,0
12.1,-4.26,1,0
16.41,-0.76,1,0
11.1,-4.19,0,0
13.32,-0.35,1,0
-4.3,-1.91,0,0
11.93,-1.99,0,0
13.64,9.12,1,0
7.88,-3.93,0,0
11.98,-0.74,1,0
14.18,1.48,1,0
-1.59,9.11,1,0
11.64,12.25,0,0
-0.62,6.04,1,0
9.65,15.63,0,0
-0.94,10.57,0,0
-1.59,10.47,0,0
6.73,-2.5,0,0
8.97,13.23,0,0
15.3,-0.97,1,0
-1.83,-0.54,0,0
15.8,0.19,1,0
-2.0,10.26,0,0
16.3,0.85,1,0
13.76,-1.09,0,0
12.84,11.83,1,0
14.57,10.83,1,0
8.1,14.39,0,0
-3.56,-0.5,0,0
14.47,9.63,1,0
-2.11,2.0,1,0
13.34,-3.58,1,0
-1.81,9.53,1,0
11.22,-1.28,0,0
-1.95,-0.94,0,0
-3.15,0.8,1,0
13.35,-1.98,1,0
8.8,12.63,0,0
-4.01,1.83,1,0
11.09,-3.7,0,0
10.78,14.01,0,0
9.46,-1.9,0,0
10.5,-3.44,0,0
-3.87,9.0,1,0
10.63,-3.29,0,0
10.36,13.75,0,0
11.8,-3.19,0,0
12.41,0.17,1,0
-3.51,10.44,0,0
7.39,-1.68,0,0
10.94,-3.93,0,0
0.44,10.02,0,0
11.74,-3.2,0,0
11.01,13.59,0,0
10.7,10.77,1,0
13.96,-1.27,1,0
6.41,0.61,0,1
-2.54,11.01,0,0
12.59,-1.32,0,0
-4.67,0.12,0,0
9.75,-2.23,0,0
-1.18,9.3,1,0
10.17,14.41,0,0
12.93,-1.03,1,0
12.1,-4.51,1,0
8.72,9.5,0,0
14.29,11.97,1,0
-2.03,-1.63,0,0
-3.17,10.13,0,0
9.53,12.64,0,0
12.66,-2.42,0,0
12.06,-2.82,0,0
14.26,12.02,1,0
10.34,1.4,1,0
8.91,13.76,0,0
9.39,-2.36,0,0
10.07,-2.88,0,0
-2.36,0.11,0,0
-1.17,9.96,0,0
11.01,-2.12,0,0
12.29,-3.19,1,0
8.14,13.73,0,0
11.93,0.9,1,0
-1.0,1.96,1,0
11.65,-2.6,0,0
7.66,-2.98,0,0
0.74,8.73,1,0
10.32,11.73,0,0
8.74,11.6,0,0
12.25,-2.14,0,0
14.99,-2.63,1,0
10.52,-3.95,0,0
10.42,-1.92,0,0
11.54,12.54,0,0
10.62,-3.33,0,0
11.51,-1.27,0,0
-4.53,-0.5,0,0
12.6,-1.33,1,0
9.49,-2.22,0,0
-4.93,4.4,1,0
-2.34,-0.56,0,0
8.9,-3.65,0,0
11.38,10.95,1,0
9.17,-2.51,0,0
13.55,-0.47,1,0
-2.48,0.85,1,0
12.89,-2.21,1,0
12.98,-3.02,1,0
14.04,-2.4,1,0
11.55,-1.17,0,0
11.42,-3.24,0,0
11.88,14.81,0,0
11.18,-1.36,0,0
10.68,13.78,0,0
9.37,-1.74,0,0
7.79,11.8,0,0
15.14,-0.68,1,0
-1.69,10.71,0,0
12.61,-3.6,1,0
10.93,-3.67,0,0
10.91,-1.7,0,0
-2.34,-0.06,0,0
-4.02,10.63,0,0
13.0,-1.75,1,0
9.53,13.49,0,0
16.95,0.44,1,0
-4.34,0.5,1,0
-1.79,1.53,0,0
-3.03,10.13,1,0
14.52,0.57,1,0
12.32,13.34,1,0
-2.01,9.25,1,0
9.64,13.02,0,0
9.47,11.9,0,0
9.52,14.39,0,0
12.65,-0.8,0,0
-0.04,10.48,0,0
10.34,-2.71,0,0
11.06,9.93,1,0
-3.09,0.36,0,0
9.43,12.37,0,0
11.9,-2.62,0,0
13.03,3.32,1,1
-4.27,1.24,1,0
7.82,-2.2,0,0
9.51,12.02,0,0
13.51,-1.27,1,0
-4.7,3.15,1,0
9.7,-2.09,0,0
7.96,13.35,0,0
15.83,-1.39,1,0
11.14,-0.81,1,0
-3.86,-0.52,0,0
-3.61,11.23,0,0
11.81,11.69,0,0
9.41,-2.73,0,0
-4.81,8.34,1,0
7.42,-3.55,0,0
15.37,10.42,1,0
-4.22,0.03,0,0
12.74,-0.3,0,0
-2.55,1.09,1,0
-4.62,7.43,1,0
10.72,12.97,1,0
12.94,-0.85,1,0
9.6,-2.51,0,0
9.43,-2.31,0,0
14.62,0.38,1,0
12.26,-0.78,0,0
4.78,5.36,0,0
13.57,-1.07,0,0
9.89,-2.6,0,0
15.13,-1.58,1,0
11.71,11.44,1,0
11.29,-3.32,0,0
11.56,13.3,0,0
10.34,-2.41,0,0
-3.32,0.27,0,0
10.96,-1.48,0,0
9.94,-1.14,0,0
11.3,-2.21,0,0
11.01,13.43,0,0
8.74,-2.81,0,0
-3.11,5.2,1,0
10.73,15.41,0,0
14.75,-0.96,1,0
-4.17,-0.52,0,0
10.85,13.24,0,0
10.54,-1.84,0,0
9.92,-0.14,0,0
11.43,12.69,0,0
-3.43,1.67,1,0
-2.5,-0.83,0,0
10.89,-1.16,0,0
11.14,-3.04,0,0
-4.38,1.51,1,0
7.24,12.34,0,0
-3.27,11.19,0,0
-3.78,10.23,0,0
-4.81,0.47,1,0
-1.75,3.25,1,0
9.76,-2.69,0,0
10.37,-1.88,0,0
-5.37,-0.9,1,0
13.1,-0.37,1,0
9.92,-1.8,0,0
13.18,10.49,1,0
13.49,0.4,1,0
-4.49,-0.07,0,0
11.72,-3.01,0,0
12.29,-2.88,1,0
13.2,-0.34,1,0
11.23,-0.92,0,0
10.72,-1.48,0,0
11.94,-0.91,1,0
-3.75,1.18,1,0
9.36,-2.89,0,0
11.06,11.12,1,0
-1.88,10.28,0,0
13.18,9.12,1,0
8.85,12.21,0,0
-2.82,0.4,0,0
12.74,-1.31,1,0
11.48,-1.6,0,0
10.44,-3.65,0,0
11.05,9.68,0,0
-3.72,-1.0,0,0
5.0,5.42,0,0
-3.6,9.66,0,0
10.98,11.17,0,0
-4.47,0.98,1,0
11.38,14.17,0,0
9.31,15.17,0,0
12.98,-2.16,1,0
-3.25,6.83,1,0
9.91,-4.24,0,0
-3.27,9.06,0,0
-2.02,2.04,1,0
-3.66,10.19,0,0
-2.85,-0.7,0,0
-2.54,1.06,1,0
-5.85,1.13,1,0
11.02,12.73,0,0
11.81,-3.11,0,0
9.81,-1.94,0,0
15.44,10.5,1,0
11.68,-1.89,0,0
11.71,12.35,1,0
12.01,11.3,1,0
-2.52,5.63,1,0
11.16,-2.27,0,0
-1.82,-0.22,0,0
15.25,-0.97,1,0
8.18,13.79,0,0
-3.14,1.17,0,0
-3.52,-1.87,0,0
-4.77,9.83,0,0
9.02,12.91,0,0
11.82,-3.06,0,0
-2.11,3.75,1,0
11.4,-5.15,0,0
11.79,13.19,1,0
10.56,11.83,0,0
9.51,12.59,0,0
13.64,9.24,1,0
-1.6,9.32,0,0
-1.78,-1.65,0,0
12.12,-1.46,0,0
11.62,-2.83,0,0
10.92,12.44,0,0
-3.45,-0.62,0,0
11.1,-4.04,0,0
-1.74,9.32,1,0
11.05,-1.56,0,0
10.26,-3.54,0,0
14.01,-1.0,1,0
10.83,-1.54,0,0
9.88,12.63,0,0
-3.59,-2.48,0,0
12.94,-0.78,1,0
9.66,12.3,0,0
-4.08,8.78,1,0
11.03,13.54,0,0
12.6,13.91,1,0
12.15,-2.3,1,0
14.02,13.0,1,0
9.1,14.15,0,0
14.59,-1.31,1,0
10.1,11.8,0,0
-2.64,-1.42,0,0
14.97,13.49,1,0
12.09,12.19,1,0
10.83,-2.19,0,0
9.22,11.83,0,0
-2.08,1.03,1,0
16.34,9.05,1,0
-2.71,0.53,0,0
-4.45,2.32,1,0
13.05,-3.89,0,0
11.84,-3.07,0,0
9.96,13.32,0,0
-3.99,3.2,1,0
9.84,14.27,0,0
9.73,-4.12,0,0
11.07,12.08,0,0
13.91,-1.98,1,0
11.22,-2.54,0,0
11.21,-1.34,0,0
-2.39,1.11,1,0
-1.05,10.71,0,0
-4.06,0.25,0,0
2.57,4.09,0,0
12.07,-0.16,1,0
-1.86,0.92,1,0
10.84,11.79,0,0
11.84,-3.17,0,0
8.72,13.21,0,0
12.23,-0.78,0,0
-3.99,9.87,0,0
8.42,-3.55,0,0
12.56,12.68,1,0
-4.14,1.4,1,0
9.64,-2.13,0,0
-2.52,2.87,1,0
9.45,11.98,0,0
-4.5,1.22,1,0
8.82,12.75,0,0
9.65,11.89,0,0
-4.88,0.54,1,0
13.59,-1.73,1,0
-3.37,9.29,0,0
9.31,-2.32,0,0
12.89,14.3,1,0
9.78,-1.42,0,0
8.5,10.55,0,0
12.63,-5.59,0,0
-1.05,9.24,1,0
8.4,-2.46,0,0
16.0,-0.44,1,0
10.9,13.69,0,0
10.35,12.91,0,0
11.33,13.09,0,0
8.96,12.15,0,0
-3.12,-0.07,0,0
15.13,13.67,1,0
14.01,-0.48,1,0
1.7,2.35,0,0
-3.68,12.44,0,0
12.71,-1.27,1,0
14.64,9.62,1,0
-1.26,1.88,0,0
9.67,-2.97,0,0
-1.86,9.78,0,0
11.28,12.9,0,0
8.38,14.58,0,0
10.48,-2.58,0,0
-0.89,9.59,1,0
12.26,12.27,1,0
9.79,14.37,0,0
14.85,0.03,1,0
10.08,-2.84,0,0
13.35,-3.41,1,0
10.19,0.5,1,0
-3.09,2.88,1,0
-1.08,8.31,1,0
-3.56,0.19,0,0
11.2,-1.14,0,0
12.96,-2.31,1,0
9.95,-3.69,0,0
12.23,-3.93,1,0
-2.29,2.17,1,0
13.24,-0.51,1,0
13.37,-2.42,1,0
9.7,12.75,0,0
11.07,10.17,1,0
-4.08,2.7,1,0
13.0,1.1,1,0
-1.24,8.52,1,0
11.14,-1.28,0,0
10.41,-1.47,0,0
10.53,-1.51,0,0
8.42,13.77,0,0
9.62,-3.75,0,0
11.1,-3.52,0,0
13.04,-4.5,1,0
12.86,-3.48,0,0
14.71,6.88,1,1
10.9,-3.81,0,0
-2.59,-0.13,0,0
11.98,-1.74,0,0
-2.58,2.18,1,0
11.26,11.06,1,0
11.95,-1.75,0,0
9.09,-2.18,0,0
11.49,-1.01,1,0
11.82,12.74,1,0
9.54,11.35,0,0
12.46,10.62,1,0
9.49,-3.62,0,0
-3.73,11.15,0,0
9.51,12.71,0,0
-2.82,0.15,0,0
13.95,10.83,1,0
9.52,12.49,0,0
-2.63,11.58,0,0
12.35,10.37,1,0
13.34,-0.32,1,0
10.78,-3.59,0,0
10.57,-1.51,0,0
10.24,-1.75,0,0
10.33,-0.83,0,0
13.95,-0.6,1,0
10.45,14.91,0,0
13.58,-1.52,1,0
13.21,-1.13,1,0
-3.62,-0.25,0,0
-3.15,0.36,0,0
-1.5,11.01,0,0
13.58,-3.02,1,0
7.33,14.47,0,0
-1.44,2.79,1,0
-3.63,8.87,1,0
11.29,-0.42,1,0
5.95,6.42,0,0
-2.93,10.71,0,0
-3.38,9.84,0,0
7.53,15.03,0,0
-1.76,-0.21,0,0
13.03,8.92,1,0
9.07,-3.06,0,0
9.5,-2.89,0,0
10.51,-1.94,0,0
14.05,-1.34,1,0
-3.24,8.17,1,0
10.9,13.16,0,0
11.7,12.27,0,0
9.6,-2.31,0,0
13.92,-1.59,1,0
12.61,-2.56,0,0
-3.35,0.45,0,0
11.07,14.66,0,0
10.63,13.59,0,0
15.08,1.04,1,0
-4.4,2.31,1,0
11.69,10.05,1,0
11.76,-0.49,1,0
-2.48,0.61,1,0
-1.23,8.93,1,0
5.84,6.46,0,0
9.39,13.1,0,0
-3.81,0.23,0,0
14.18,12.98,1,0
13.01,-3.46,1,0
10.02,14.19,0,0
-2.73,-0.19,0,0
-3.46,1.24,1,0
-1.67,8.56,1,0
5.23,4.17,0,0
11.42,-3.07,0,0
12.33,-1.03,1,0
-1.74,1.23,1,0
10.01,13.03,0,0
10.32,-1.99,0,0
-2.44,-0.75,0,0
11.09,13.23,0,0
10.81,13.16,0,0
10.16,-4.01,0,0
15.57,0.96,1,0
10.87,-1.53,0,0
-1.16,8.95,1,0
11.33,-5.39,0,0
13.73,-1.73,1,0
-4.42,2.23,1,0
-5.65,1.61,1,0
12.79,-0.96,1,0
9.64,12.18,0,0
-1.85,-0.1,0,0
12.06,9.71,1,0
-3.14,2.66,1,0
10.37,-3.83,0,0
9.83,13.99,0,0
-3.04,12.49,0,0
12.74,-0.88,1,0
11.85,10.49,1,0
10.75,8.55,0,0
11.12,-2.49,0,0
12.75,-1.15,1,0
6.32,14.18,0,0
-2.08,10.46,0,0
7.85,-2.43,0,0
-4.05,1.58,1,0
15.78,7.32,1,1
12.8,-1.15,1,0
11.76,-1.24,0,0
10.32,12.83,0,0
-1.45,9.95,0,0
10.4,14.18,0,0
11.77,-2.38,0,0
-1.43,10.17,0,0
11.19,-3.87,0,0
9.81,-1.76,0,0
-1.31,10.5,0,0
11.01,-1.74,0,0
11.28,-1.15,0,0
11.73,-3.0,0,0
12.34,14.92,0,0
-3.25,1.76,1,0
11.79,11.19,0,0
9.2,12.84,0,0
15.25,-0.89,1,0
-0.76,9.58,1,0
12.74,-0.14,1,0
-1.93,10.25,0,0
12.95,-1.82,1,0
-2.8,-0.0,0,0
11.13,13.6,0,0
14.16,-3.29,1,0
11.64,-1.02,0,0
11.95,-0.6,1,0
12.27,-3.91,1,0
1.45,3.46,0,0
15.05,1.3,1,0
-3.0,0.75,1,0
-1.57,1.47,1,0
-0.73,2.2,1,0
9.44,-2.86,0,0
17.57,-0.33,1,0
-4.45,1.95,1,0
-2.27,11.14,0,0
12.11,-1.52,0,0
-2.79,6.92,1,0
-3.86,0.36,0,0
12.24,-4.53,0,0
11.62,-0.97,1,0
9.31,11.66,0,0
9.07,13.34,0,0
12.74,-1.15,1,0
-1.94,-0.28,0,0
8.41,-1.09,0,0
-4.54,0.16,1,0
11.53,-1.79,0,0
-1.97,9.22,1,0
4.65,4.54,0,0
13.05,-2.54,1,0
7.87,-2.15,0,0
13.43,-2.36,1,0
12.45,-3.65,1,0
12.29,-0.63,0,0
10.1,-1.63,0,0
12.3,-2.49,1,0
11.59,-1.77,0,0
13.96,-3.43,1,0
9.9,-1.44,0,0
-0.87,10.32,0,0
13.49,13.4,1,0
12.45,-3.1,1,0
12.52,-2.85,0,0
10.78,-3.46,0,0
-1.61,-0.43,0,0
12.37,-0.96,1,0
10.19,13.94,0,0
11.85,7.81,1,0
10.29,-3.6,0,0
9.6,14.24,0,0
-2.97,-0.86,0,0
9.77,-0.62,0,0
-4.16,-0.31,0,0
12.77,-1.01,0,0
-2.25,-1.01,0,0
13.29,13.33,0,0
10.64,14.32,0,0
1.9,-1.6,0,1
-3.29,-0.64,0,0
12.62,-1.24,0,0
10.65,9.54,1,0
11.24,-2.0,0,0
13.27,10.44,1,0
14.95,-0.56,1,0
10.36,-2.33,0,0
15.31,8.99,1,0
9.61,11.75,0,0
-3.91,8.24,0,0
9.13,-1.15,0,0
11.9,11.29,1,0
13.46,13.99,1,0
13.29,-2.09,1,0
9.39,-4.08,0,0
9.58,-2.45,0,0
9.61,11.96,0,0
11.61,10.84,1,0
8.79,13.0,0,0
10.97,14.06,0,0
10.81,-2.36,0,0
12.01,11.81,1,0
10.93,13.41,0,0
-3.68,0.03,0,0
11.68,-2.75,0,0
12.71,-2.86,1,0
-2.69,8.93,1,0
12.81,8.39,1,0
-4.68,2.79,1,0
12.36,-2.84,0,0
16.42,12.49,1,0
12.93,-2.19,0,0
11.52,-3.02,0,0
14.33,-1.2,1,0
-2.48,-0.21,0,0
-2.78,9.57,1,0
10.9,-1.43,0,0
9.1,-3.97,0,0
-1.7,6.99,1,0
6.71,3.27,0,0
-2.13,-2.74,0,0
-4.01,0.0,0,0
-3.14,9.9,0,0
12.47,-1.38,1,0
7.28,13.26,0,0
9.97,13.48,0,0
12.07,-1.61,1,0
16.88,1.41,1,0
10.85,13.37,0,0
-3.78,0.51,1,0
11.93,0.02,0,0
11.15,-1.31,0,0
12.57,13.34,1,0
11.3,-3.06,0,0
12.27,13.54,1,0
-6.3,4.39,1,0
-3.36,10.68,0,0
10.83,-4.4,0,0
10.6,-0.6,1,0
10.48,14.43,0,0
-4.24,-0.93,0,0
-2.66,4.19,1,0
12.02,-2.92,0,0
8.94,13.52,0,0
10.6,-3.43,0,0
10.15,-2.0,0,0
9.83,-2.29,0,0
-3.82,0.2,0,0
11.48,12.85,0,0
9.26,12.43,0,0
-5.27,-0.32,1,0
10.65,-2.51,0,0
-2.35,-0.85,0,0
10.26,-4.22,0,0
-1.09,7.81,1,0
-3.12,9.63,0,0
11.25,10.41,1,0
11.41,-3.51,0,0
12.61,0.04,1,0
-1.08,9.38,0,0
-2.28,3.31,1,0
9.36,-2.55,0,0
-4.7,10.66,0,0
10.15,-2.63,0,0
14.78,-2.24,1,0
11.94,-2.95,0,0
13.31,-0.53,1,0
12.4,-0.75,1,0
15.73,1.33,1,0
11.73,-2.59,0,0
6.18,3.01,0,0
12.23,-1.01,1,0
11.37,-1.16,0,0
10.86,13.48,0,0
9.86,12.54,0,0
-1.68,10.67,0,0
13.54,-0.45,1,0
11.38,-3.15,0,0
11.26,11.37,1,0
8.1,-2.42,0,0
14.18,-3.75,1,0
-2.45,5.82,1,0
11.54,-1.5,0,0
12.14,-1.59,0,0
8.43,-3.49,0,0
15.1,13.24,1,0
10.55,-0.92,0,0
11.04,-0.99,0,0
11.95,12.91,1,0
-1.82,9.56,0,0
8.21,-2.93,0,0
9.87,12.36,0,0
10.62,12.38,0,0
14.01,-1.69,1,0
-4.28,0.07,0,0
10.23,-1.16,0,0
10.66,13.58,0,0
9.87,11.77,0,0
10.15,11.42,0,0
11.34,-2.86,0,0
11.74,12.08,1,0
10.93,-1.9,0,0
10.72,-1.62,0,0
12.13,-0.66,1,0
11.6,-2.67,0,0
10.33,-0.17,0,0
-4.8,11.95,0,0
13.66,10.61,1,0
15.57,-1.69,1,0
13.45,12.25,1,0
-2.63,-0.42,0,0
-1.46,0.75,1,0
8.71,-2.34,0,0
10.58,13.98,0,0
10.19,10.13,0,0
10.3,-1.09,0,0
13.88,10.05,1,0
4.05,5.57,0,0
13.89,-3.44,1,0
-2.4,-0.05,1,0
13.42,-1.92,1,0
11.32,12.08,1,0
11.77,12.74,1,0
-3.33,3.72,1,0
8.81,15.06,0,0
12.29,-0.53,1,0
15.48,13.08,1,0
-2.09,-0.71,0,0
9.42,-4.56,0,0
2.23,4.38,0,0
0.17,11.03,0,0
13.78,11.64,1,0
-0.7,9.42,0,0
5.52,4.62,0,0
-4.05,-0.96,0,0
8.8,12.84,0,0
12.44,-3.45,1,0
-3.49,-0.27,0,0
13.69,10.44,1,0
10.17,10.08,0,0
12.16,-1.28,0,0
9.1,13.78,0,0
-3.14,8.24,1,0
9.18,13.88,0,0
11.17,-1.93,0,0
10.93,11.72,1,0
-1.26,10.67,0,0
10.58,-3.41,0,0
14.06,-2.28,1,0
11.48,-2.95,0,0
-4.73,4.72,1,0
14.46,10.36,1,0
13.66,-1.35,1,0
11.82,12.11,0,0
13.21,8.68,1,0
10.55,-1.41,0,0
-2.22,6.46,1,0
12.87,-2.04,0,0
-1.94,9.07,0,0
14.64,-2.81,1,0
11.04,0.14,1,0
10.25,14.57,0,0
-2.27,-0.58,0,0
8.66,11.88,0,0
12.25,-1.49,1,0
14.88,3.53,1,0
-2.36,1.81,1,0
9.38,13.61,0,0
10.72,-2.59,0,0
10.94,12.76,0,0
9.9,-3.79,0,0
-4.16,-0.99,0,0
10.14,11.04,1,0
14.67,-2.56,1,0
12.57,-2.99,1,0
13.04,-3.45,1,0
11.97,-0.98,0,0
-1.73,9.84,1,0
12.03,14.43,0,0
13.14,-4.27,1,0
9.8,-3.61,0,0
12.73,10.46,1,0
-1.69,9.3,1,0
12.76,-1.42,1,0
10.58,11.7,0,0
-1.54,11.39,0,0
-1.61,-1.02,0,0
13.84,-2.38,1,0
0.72,4.21,0,0
13.34,0.92,1,0
8.63,12.6,0,0
12.8,-0.34,1,0
13.89,-2.1,1,0
14.91,-0.02,1,0
-4.19,0.37,0,0
13.53,12.4,1,0
10.97,-1.28,0,0
10.82,-3.42,0,0
9.42,13.04,0,0
11.29,-0.75,0,0
10.51,-1.86,0,0
9.61,12.82,0,0
-2.54,9.48,1,0
8.96,13.65,0,0
10.03,12.97,0,0
-2.01,11.15,0,0
11.52,12.21,0,0
8.43,-2.1,0,0
-2.23,1.29,1,0
11.57,-2.92,0,0
12.45,-2.32,0,0
9.51,-2.44,0,0
11.24,12.43,0,0
11.55,11.87,0,0
10.61,-3.39,0,0
9.95,15.06,0,0
13.13,-2.59,1,0
10.18,12.17,0,0
12.39,-1.9,0,0
5.79,14.43,0,0
-2.23,0.5,0,0
10.73,-1.08,0,0
9.01,12.06,0,0
-4.35,7.78,1,0
9.18,12.41,0,0
14.91,-1.94,1,0
11.15,1.58,1,0
12.09,-0.74,1,0
12.18,-0.98,1,0
9.28,-2.46,0,0
9.84,-4.5,0,0
8.57,12.77,0,0
10.65,-3.6,0,0
14.34,-1.51,1,0
11.8,13.04,1,0
9.57,11.94,0,0
12.69,-2.67,0,0
10.54,-3.23,0,0
10.45,-3.66,0,0
9.59,12.5,0,0
10.96,-1.07,0,0
12.81,-2.19,0,0
12.96,10.07,1,0
11.77,-1.51,0,0
12.02,-0.84,1,0
11.62,-3.83,0,0
11.59,-2.35,0,0
9.79,-3.52,0,0
10.95,-0.81,0,0
-2.25,-1.5,0,0
9.7,-3.17,0,0
12.51,-1.23,1,0
11.52,12.26,0,0
9.86,15.06,0,0
15.15,-0.06,1,0
12.67,-1.42,1,0
-2.62,11.49,0,0
8.76,-3.02,0,0
11.36,10.97,0,0
-5.42,2.84,1,0
11.49,-0.72,1,0
14.26,-1.33,1,0
-1.7,8.38,1,0
8.75,-0.43,0,0
8.64,11.85,0,0
-2.89,2.95,1,0
11.52,11.98,1,0
14.6,13.9,1,0
9.24,-3.08,0,0
9.73,13.6,0,0
11.15,-1.58,0,0
11.21,-1.51,0,0
11.29,-1.92,0,0
13.94,-1.88,1,0
9.76,12.32,0,0
13.49,10.21,1,0
9.13,13.1,0,0
-1.79,10.16,0,0
-0.96,8.9,1,0
11.04,-2.26,0,0
9.9,-4.36,0,0
10.89,-1.18,0,0
11.05,12.44,0,0
7.69,14.59,0,0
-3.01,7.58,1,0
-1.7,8.82,1,0
-5.67,-0.08,0,0
12.42,-4.53,1,0
10.3,-1.12,0,0
11.61,13.06,0,0
12.2,12.24,1,0
-4.61,1.36,1,0
8.52,13.27,0,0
10.89,-2.01,0,0
13.91,-3.33,1,0
-3.25,11.44,0,0
10.86,10.53,1,0
10.95,-1.6,0,0
10.63,10.94,0,0
10.45,10.67,1,0
11.06,-1.53,1,0
15.2,1.26,1,0
15.4,-0.81,1,0
-4.05,0.93,1,0
13.8,-0.21,1,0
9.27,12.32,0,0
11.8,11.17,1,0
-2.09,0.76,0,0
9.78,-4.1,0,0
13.1,-0.06,1,0
12.1,-1.97,0,0
9.18,12.71,0,0
-5.18,7.8,1,0
11.93,13.65,0,0
9.44,-2.47,0,0
-1.62,2.95,1,0
9.71,0.36,1,0
17.44,1.6,1,0
11.82,11.93,0,0
-2.48,9.04,1,0
7.78,13.26,0,0
11.31,0.25,1,0
12.88,14.43,0,0
-1.43,10.13,0,0
-2.18,1.16,1,0
14.09,11.59,1,0
-3.28,0.39,0,0
-1.51,9.88,1,0
-4.36,4.58,1,0
8.59,-0.82,0,0
14.33,-1.51,1,0
9.76,13.5,0,0
-2.18,0.69,1,0
10.18,10.58,1,0
-3.12,-0.23,0,0
12.25,-3.3,0,0
10.67,-3.33,0,0
11.67,-3.46,0,0
-2.45,0.64,0,0
11.28,-4.72,0,0
11.17,13.48,0,0
-1.35,1.78,1,0
-3.87,11.52,0,0
12.8,-2.27,1,0
15.0,-0.65,1,0
11.08,-0.41,0,0
8.45,12.74,0,0
10.21,-2.46,0,0
13.94,11.7,0,0
2.61,8.06,0,1
9.58,14.22,0,0
11.23,12.55,0,0
8.58,12.76,0,0
-4.5,2.73,1,0
11.42,10.44,1,0
10.32,12.26,0,0
-4.6,1.1,1,0
11.47,12.64,0,0
9.46,-1.97,0,0
9.75,-0.87,0,0
10.97,-1.42,0,0
9.95,12.66,0,0
12.77,-0.81,1,0
-0.88,8.78,1,0
-5.3,0.27,0,0
12.15,-2.97,1,0
-4.26,-0.76,0,0
12.68,-1.24,0,0
10.11,12.26,0,0
-4.25,2.58,1,0
9.38,12.6,0,0
-3.75,-0.79,0,0
-1.09,0.82,1,0
-4.63,0.75,1,0
10.13,-3.92,0,0
8.06,13.62,0,0
15.96,0.35,1,0
-4.23,-0.08,0,0
10.37,13.61,0,0
8.48,-3.91,0,0
12.36,-4.19,1,0
12.34,-0.7,1,0
-3.81,3.42,1,0
9.74,12.22,0,0
9.41,-2.15,0,0
-1.68,10.85,1,0
3.72,5.79,0,0
15.15,6.64,1,1
9.97,-1.83,0,0
-3.47,1.44,1,0
10.12,14.69,0,0
14.12,11.92,1,0
8.26,13.63,0,0
-2.57,-0.46,0,0
11.01,-1.49,0,0
8.9,-2.38,1,0
13.17,-2.63,1,0
-2.5,-0.55,0,0
9.76,13.27,0,0
10.12,-3.51,0,0
13.57,-0.35,0,0
-2.1,2.16,1,0
-2.94,2.2,1,0
-6.25,-0.0,1,0
12.66,0.12,1,0
11.7,-0.92,0,0
10.73,0.13,1,0
-1.06,10.91,0,0
-4.26,8.79,1,0
10.84,-3.31,0,0
15.59,1.44,1,0
12.37,13.43,1,0
13.19,-1.77,1,0
-3.04,10.38,0,0
-0.41,10.14,1,0
10.81,-1.56,0,0
-2.27,1.1,1,0
-4.77,0.75,1,0
11.0,-1.0,0,0
-1.67,-0.16,0,0
12.96,-4.38,1,0
13.41,-2.14,1,0
-2.61,0.72,0,0
12.01,12.96,0,0
-3.07,10.66,0,0
12.89,-1.93,1,0
11.44,-1.55,0,0
9.7,11.68,0,0
9.32,-2.49,0,0
13.09,-2.48,1,0
-5.85,4.73,1,0
13.3,9.12,1,0
-4.4,1.54,1,0
13.1,-0.3,1,0
11.65,-2.78,0,0
12.93,10.42,1,0
2.75,6.88,0,1
-3.28,-0.19,0,0
10.18,-3.69,0,0
14.44,-1.58,1,0
12.33,13.47,1,0
10.19,-3.64,0,0
13.71,-0.86,1,0
-3.08,-0.81,0,0
-1.24,10.55,0,0
11.51,9.89,1,0
-3.17,5.14,1,0
10.92,-2.0,0,0
10.9,13.86,0,0
-1.28,0.17,0,0
11.45,-2.91,0,0
-3.54,10.63,0,0
8.23,11.95,0,0
-4.33,10.52,0,0
12.73,-0.59,1,0
11.29,-3.07,0,0
11.64,-3.63,0,0
9.78,12.37,0,0
9.63,-1.96,0,0
11.93,13.39,0,0
11.5,10.37,1,0
10.2,11.98,0,0
12.98,-1.93,1,0
9.22,-2.43,0,0
14.05,-3.27,1,0
8.35,0.3,1,0
11.44,-1.12,0,0
10.89,-2.96,0,0
10.24,14.65,0,0
9.63,-2.53,0,0
9.26,-2.85,0,0
11.24,-1.43,0,0
9.87,-2.15,0,0
1.49,4.25,0,0
12.43,-3.31,1,0
13.15,-1.55,1,0
-2.33,7.67,1,0
13.17,-1.12,1,0
14.58,12.3,1,0
9.09,12.85,0,0
9.54,13.36,0,0
12.27,12.04,1,0
9.33,-2.96,0,0
12.68,-3.26,1,0
11.07,-4.34,0,0
-1.04,9.33,0,0
11.47,-2.65,0,0
10.54,-1.43,0,0
11.15,-0.28,1,0
9.19,-2.65,0,0
8.77,11.06,0,0
11.15,-2.25,0,0
14.22,-2.31,1,0
11.17,-0.7,0,0
-2.58,-0.64,0,0
11.12,14.28,0,0
11.46,-1.68,0,0
-2.75,7.23,1,0
-3.13,1.25,1,0
10.69,-2.07,0,0
-4.2,8.05,1,0
11.69,-1.2,0,0
11.26,-3.58,0,0
8.96,-1.04,0,0
9.35,12.39,0,0
-3.31,8.1,1,0
11.23,-1.03,1,0
8.52,14.59,0,0
-5.79,-1.06,0,0
9.5,-3.37,0,0
9.46,14.62,0,0
12.69,-4.26,1,0
11.38,-5.33,0,0
-2.75,10.07,0,0
-2.53,1.33,1,0
10.76,14.14,0,0
-4.96,6.03,1,0
-5.14,-1.22,0,0
-4.03,0.21,0,0
14.75,0.5,1,0
9.42,-3.16,0,0
-2.64,-0.52,0,0
11.21,-3.54,0,0
13.7,-0.37,1,0
10.2,11.27,0,0
-4.03,6.67,1,0
12.7,13.1,0,0
16.41,9.45,1,0
11.39,12.39,1,0
12.23,-1.1,0,0
8.4,-3.94,0,0
9.96,12.05,0,0
-2.48,7.88,1,0
12.38,11.62,1,0
11.44,-1.78,0,0
10.46,12.34,0,0
9.63,-4.1,0,0
13.95,-3.21,1,0
11.42,-3.04,0,0
-4.46,0.05,0,0
-4.28,1.17,1,0
12.44,-3.4,1,0
9.87,-2.84,0,0
12.87,-3.83,1,0
-4.12,-0.79,0,0
10.71,11.84,0,0
-1.43,9.66,1,0
12.01,-1.67,0,0
-4.25,1.71,1,0
15.62,-0.63,1,0
12.15,12.1,1,0
9.26,14.35,0,0
9.53,13.59,0,0
10.67,-1.33,0,0
-2.25,-1.58,0,0
12.49,12.2,1,0
9.26,-2.93,0,0
15.48,0.61,1,0
-0.76,10.19,0,0
-3.59,8.72,1,0
-3.45,-0.18,0,0
12.5,10.79,1,0
8.31,12.78,0,0
-3.13,4.73,1,0
11.27,9.42,1,0
-2.62,1.96,1,0
13.9,12.88,1,0
11.01,-1.92,0,0
15.93,0.27,1,0
9.38,12.96,0,0
-3.2,-1.65,0,0
12.63,-2.2,0,0
11.48,12.34,0,0
14.0,10.86,1,0
-2.53,-0.62,0,0
9.89,-2.3,0,0
11.86,-1.17,0,0
-5.86,3.71,1,0
13.68,11.19,1,0
-3.27,7.59,1,0
12.65,-1.81,1,0
1.25,5.57,0,0
11.41,11.71,0,0
15.83,-0.95,1,0
12.47,-2.75,0,0
15.83,9.12,1,0
10.56,-0.06,1,0
15.13,-1.44,1,0
12.22,11.67,1,0
9.25,-1.6,0,0
-4.07,2.32,1,0
9.45,-2.21,0,0
11.63,-3.63,0,0
9.85,-2.06,0,0
10.47,-3.55,0,0
-1.07,9.26,0,0
-1.55,10.01,1,0
8.99,11.87,0,0
15.34,13.96,1,0
7.53,13.18,0,0
10.09,-4.16,0,0
16.25,-1.13,1,0
-3.07,0.98,1,0
9.03,13.43,0,0
-3.95,0.38,0,0
12.96,12.16,1,0
-4.67,1.19,1,0
10.98,-1.5,0,0
-3.96,-1.55,0,0
11.18,-1.3,0,0
-4.35,0.19,0,0
-3.9,-0.76,0,0
12.4,-2.55,0,0
10.36,12.29,0,0
-3.24,11.09,0,0
11.84,-3.52,0,0
-3.94,7.34,1,0
13.56,-2.45,1,0
16.48,12.56,1,0
11.86,13.13,0,0
-2.93,10.63,0,0
9.87,-1.1,0,0
12.21,-1.4,0,0
9.74,14.62,0,0
11.18,12.5,0,0
12.47,-0.36,1,0
-2.8,10.76,0,0
-1.24,7.98,1,0
-3.1,0.07,0,0
12.02,-1.65,0,0
4.07,6.06,0,0
-1.85,-0.27,0,0
11.04,14.42,0,0
11.85,-1.45,0,0
10.04,-2.67,0,0
-1.7,8.97,1,0
9.85,-1.62,0,0
-4.7,-0.09,0,0
9.78,15.42,0,0
-3.11,8.56,1,0
-2.74,1.02,1,0
-4.52,-1.01,0,0
-2.52,8.68,1,0
10.32,11.62,0,0
9.16,14.33,0,0
13.85,-0.72,1,0
9.2,13.09,0,0
9.09,13.38,0,0
9.88,11.23,0,0
-4.24,0.91,1,0
9.99,11.52,1,0
-3.27,8.91,0,0
11.39,10.09,1,0
9.57,-1.38,0,0
11.94,-2.93,1,0
9.61,-2.31,0,0
9.7,12.61,0,0
11.58,-2.72,0,0
10.0,-2.21,0,0
11.25,-2.23,0,0
10.47,11.66,0,0
-1.96,6.85,1,0
-2.47,0.12,0,0
13.45,-3.66,1,0
13.12,-1.79,0,0
10.6,11.26,0,0
11.11,-4.22,0,0
-5.0,-0.73,0,0
14.41,-1.88,1,0
12.54,-1.04,1,0
12.16,-3.14,0,0
10.26,12.0,0,0
12.6,-2.07,0,0
-3.6,2.57,1,0
-3.71,11.29,0,0
12.64,11.61,1,0
11.88,-1.06,0,0
-3.81,-0.06,0,0
9.65,12.57,0,0
9.04,13.68,0,0
14.14,10.0,1,0
11.87,12.79,1,0
10.18,13.22,0,0
-2.5,1.63,1,0
11.74,-2.64,0,0
11.53,10.77,0,0
-1.83,9.23,1,0
9.69,11.86,0,0
-2.93,7.21,1,0
5.57,4.53,0,0
11.07,13.11,0,0
10.43,-0.83,0,0
11.3,14.04,0,0
13.51,-1.82,1,0
13.15,-0.54,1,0
-4.16,0.87,1,0
15.68,-2.11,1,0
8.33,14.29,0,0
12.74,-2.63,1,0
12.19,14.57,0,0
10.49,12.32,0,0
-4.04,0.52,0,0
-3.82,1.62,1,0
11.53,-2.34,0,0
12.33,0.59,1,0
13.08,0.27,1,0
-5.06,2.64,1,0
12.73,-2.21,1,0
9.58,12.04,0,0
13.48,-0.2,1,0
10.72,-3.96,0,0
12.52,-0.55,1,0
12.97,-0.89,0,0
11.3,-1.5,0,0
14.04,10.07,1,0
-3.09,8.87,1,0
-3.19,10.75,0,0
9.15,-2.01,0,0
12.76,-0.82,0,0
-3.82,9.33,1,0
9.14,-1.85,0,0
12.08,0.03,1,0
11.72,-3.35,1,0
9.23,-2.03,0,0
-3.94,4.24,1,0
10.48,-1.51,0,0
-2.77,8.65,1,0
15.49,-0.71,1,0
14.27,-2.04,1,0
-0.58,8.96,1,0
10.32,11.49,0,0
9.46,-2.55,0,0
11.57,-1.0,0,0
10.87,12.96,0,0
8.43,15.97,0,0
12.86,15.32,0,0
12.02,-3.17,1,0
10.07,-0.98,0,0
-4.42,1.56,1,0
9.74,-2.22,0,0
10.63,15.1,0,0
11.17,-3.93,0,0
8.67,-2.53,0,0
11.08,-2.27,0,0
13.33,-3.59,1,0
11.4,-1.08,1,0
11.04,9.95,1,0
-4.65,1.73,1,0
11.88,12.91,1,0
-4.08,-0.17,0,0
11.48,-3.33,0,0
-6.64,0.85,1,0
-2.95,1.47,1,0
13.22,-1.51,1,0
-2.8,-0.45,0,0
14.11,-2.42,0,0
10.66,-2.92,0,0
-4.1,-0.35,0,0
9.8,13.63,0,0
-4.09,0.35,0,0
8.35,-2.74,0,0
-2.37,9.51,0,0
14.07,7.72,1,0
16.41,-0.55,1,0
11.58,13.31,0,0
8.18,12.96,0,0
-3.41,9.01,1,0
10.1,-2.63,0,0
8.72,-2.8,0,0
13.07,-0.48,1,0
-2.57,-0.8,0,0
-3.33,8.81,1,0
10.59,-2.49,0,0
11.22,-3.52,0,0
-1.82,9.87,0,0
-2.23,8.86,1,0
-2.82,6.44,1,0
10.4,-1.84,1,0
-1.82,10.77,0,0
10.34,12.36,0,0
-1.83,9.94,0,0
9.4,12.41,0,0
10.75,-3.61,0,0
-2.31,-1.93,0,0
14.12,2.2,1,0
-3.19,8.34,1,0
-4.55,1.34,1,0
13.58,-0.63,1,0
10.74,-1.3,0,0
7.47,-2.16,0,0
10.03,12.25,0,0
11.44,13.66,0,0
11.08,13.79,0,0
5.8,4.51,0,0
13.78,12.43,1,0
10.06,11.45,0,0
-0.3,10.94,0,0
8.59,13.21,0,0
11.05,12.14,0,0
13.57,9.95,0,0
-4.03,1.68,1,0
8.1,-1.1,0,0
11.24,-3.39,0,0
-3.15,-0.54,0,0
-1.34,7.46,1,0
-5.43,-0.06,0,0
16.65,-2.14,1,1
9.23,-1.56,0,0
11.35,-3.91,0,0
14.99,12.65,1,0
11.18,11.55,1,0
-4.49,2.27,1,0
11.45,10.3,1,0
9.58,13.73,0,0
9.77,-1.56,0,0
10.38,-1.73,0,0
11.1,-2.25,0,0
13.61,-3.34,1,0
-2.18,9.14,0,0
5.36,-3.15,0,1
10.87,-1.98,0,0
-3.3,-0.38,0,0
9.68,-1.86,0,0
8.6,-2.96,0,0
9.32,13.43,0,0
-3.45,10.5,0,0
16.11,9.3,1,0
15.2,-1.97,1,0
-1.69,11.05,0,0
-4.88,8.47,1,0
10.8,13.62,0,0
10.35,10.21,0,0
9.5,12.71,0,0
7.53,14.33,0,0
10.46,-3.52,0,0
10.85,14.02,0,0
13.89,-1.98,1,0
14.82,-1.07,1,0
-3.29,-0.38,0,0
15.13,12.21,1,0
11.67,15.27,0,0
-2.58,8.85,1,0
9.65,-0.84,0,0
6.54,1.18,0,1
10.56,-2.03,0,0
11.55,10.76,1,0
-1.52,-0.3,1,0
-3.62,-1.01,0,0
9.57,-6.59,0,1
9.61,-2.65,0,0
-2.9,3.09,1,0
-3.86,0.34,0,0
-3.3,10.67,0,0
-0.84,9.72,1,0
11.99,-1.34,0,0
11.84,-3.18,0,0
11.69,10.7,1,0
-3.42,11.05,0,0
-5.04,0.53,1,0
8.12,-2.36,0,0
8.73,-2.22,0,0
11.69,-5.36,0,0
11.81,-3.29,0,0
-1.39,1.02,1,0
-1.12,-1.35,0,0
11.76,-2.81,0,0
11.93,0.44,1,0
13.47,-0.1,1,0
-4.81,1.78,1,0
11.53,-0.86,1,0
-4.38,10.72,0,0
-5.52,1.23,1,0
-3.62,9.88,0,0
10.53,-1.88,0,0
10.98,-1.42,0,0
-3.04,1.33,1,0
11.55,-2.11,0,0
6.5,2.48,0,0
-3.66,7.8,1,0
11.13,-3.17,0,0
10.56,-1.27,0,0
14.79,-2.48,1,0
9.92,-4.18,0,0
6.23,2.68,0,0
13.41,-3.57,1,0
14.23,-1.59,1,0
10.68,-2.66,0,0
10.11,9.97,0,0
12.06,-1.74,0,0
-3.86,10.01,0,0
8.42,-2.1,0,0
10.83,-1.59,0,0
-4.18,10.38,0,0
9.65,-2.31,0,0
11.63,12.71,1,0
-4.29,1.98,1,0
-2.2,4.15,1,0
9.37,13.93,0,0
13.24,-2.28,1,0
-1.8,9.18,1,0
15.16,11.16,1,0
9.77,-1.54,0,0
11.2,12.06,0,0
8.63,13.99,0,0
11.85,-2.66,0,0
-2.01,8.39,1,0
-0.17,7.64,1,0
-2.04,11.27,0,0
14.17,-1.69,1,0
11.71,-3.38,0,0
9.67,13.32,0,0
10.4,-3.6,0,0
-1.39,0.52,0,0
9.86,-1.84,0,0
15.14,9.59,1,0
9.92,-1.56,0,0
12.49,-2.82,1,0
-4.38,9.25,1,0
0.17,6.11,0,0
7.84,13.94,0,0
14.62,15.44,0,1
13.08,-2.54,1,0
11.59,-2.74,0,0
9.01,12.4,0,0
-3.32,8.28,1,0
12.14,-1.41,0,0
-1.0,9.99,1,0
11.54,-3.42,0,0
-3.53,9.89,1,0
11.38,-1.04,0,0
-3.96,0.63,1,0
8.68,-2.93,0,0
13.32,-1.77,1,0
-3.49,10.97,0,0
10.08,12.02,0,0
9.06,-1.49,0,0
9.77,12.09,0,0
12.05,-3.43,0,0
11.6,12.41,1,0
9.26,-1.9,0,0
10.76,-3.54,0,0
15.78,-0.88,1,0
10.7,-4.1,0,0
11.3,-3.31,0,0
10.4,-1.98,0,0
10.33,14.2,0,0
13.42,-0.27,1,0
10.92,-1.38,0,0
-3.07,4.19,1,0
11.17,-2.02,0,0
9.71,-1.84,0,0
-3.19,10.35,0,0
8.89,13.77,0,0
-4.27,1.83,1,0
-2.59,0.2,0,0
9.66,12.53,0,0
-1.22,11.24,0,0
7.78,-2.12,0,0
10.87,-3.01,0,0
10.06,-1.88,0,0
11.29,10.4,0,0
13.6,-2.7,1,0
8.32,12.73,0,0
13.35,-1.7,1,0
13.22,9.65,1,0
-5.26,4.58,1,0
-3.35,1.05,1,0
8.0,13.3,0,0
12.91,-1.02,1,0
13.41,-2.27,1,0
10.75,-1.2,0,0
-3.55,8.43,1,0
14.76,1.42,1,0
-2.14,2.32,1,0
11.43,-3.35,0,0
-3.76,10.01,0,0
10.67,-3.44,0,0
12.73,-0.95,1,0
11.71,-2.59,0,0
-2.91,-0.48,0,0
11.85,9.36,1,0
9.98,-2.87,0,0
9.4,-0.38,0,0
11.63,10.28,1,0
-3.87,-1.16,0,0
-4.21,-0.45,0,0
11.36,12.61,0,0
10.8,-1.85,0,0
11.56,-1.9,0,0
14.16,-1.55,1,0
-4.26,-0.45,0,0
11.11,-1.31,1,0
10.75,-3.42,0,0
-0.95,8.05,1,0
10.61,13.16,0,0
11.34,-2.0,0,0
10.46,12.5,0,0
10.25,-1.51,0,0
-3.62,-1.55,0,0
-4.77,-0.84,0,0
13.09,11.68,1,0
9.94,-3.64,0,0
-1.38,11.44,0,0
-3.11,0.64,1,0
10.11,12.21,0,0
12.71,-2.02,0,0
-3.98,9.39,1,0
8.48,12.86,0,0
12.11,13.53,0,0
9.26,-2.37,0,0
9.9,-2.77,0,0
12.55,-2.38,1,0
8.59,-2.36,0,0
11.03,9.41,1,0
10.31,11.27,1,0
9.48,-1.84,0,0
7.22,11.87,0,0
10.31,-1.29,0,0
-3.59,-0.61,0,0
11.61,-2.74,0,0
9.93,13.94,0,0
9.54,-1.55,0,0
-3.56,10.96,1,0
10.18,15.48,0,0
-1.87,9.67,1,0
9.23,-2.6,0,0
15.8,2.78,1,0
8.17,-4.16,0,0
9.97,-3.15,0,0
8.84,14.05,0,0
9.68,12.07,0,0
10.37,-2.58,0,0
12.51,-3.5,1,0
11.3,12.57,0,0
-3.07,7.58,1,0
10.48,16.1,0,0
9.96,-2.0,0,0
-3.43,-0.93,0,0
9.72,12.82,0,0
11.0,11.35,0,0
-2.37,-0.07,0,0
11.53,11.01,1,0
13.02,-1.26,1,0
-4.74,11.9,0,0
-2.63,2.65,1,0
13.19,-2.27,1,0
11.66,-3.65,0,0
12.51,-1.0,0,0
10.54,10.93,1,0
8.85,13.85,0,0
11.98,5.26,1,1
-1.37,9.81,0,0
13.47,-0.47,1,0
9.83,-1.96,0,0
-3.66,2.05,1,0
-2.43,9.54,1,0
-4.17,1.75,1,0
-1.45,11.13,0,0
11.85,-4.3,0,0
13.26,-2.31,1,0
13.14,-4.78,1,0
16.12,-0.47,1,0
11.78,9.96,1,0
10.41,-3.72,0,0
9.28,-3.06,0,0
7.77,-3.05,0,0
-0.55,11.48,0,0
13.68,-0.85,1,0
11.24,13.25,0,0
10.18,-3.58,0,0
9.75,-0.91,0,0
-2.09,1.9,1,0
12.59,-2.19,0,0
-1.35,9.98,0,0
-4.06,0.21,0,0
-3.47,-1.37,0,0
-0.94,-0.92,0,0
9.72,-2.09,0,0
11.12,14.75,0,0
9.51,-2.22,0,0
-3.39,9.34,1,0
10.62,13.41,0,0
-2.04,7.52,1,0
10.37,11.95,0,0
-1.74,5.82,1,0
10.48,11.21,0,0
-3.96,-0.31,0,0
-2.98,-0.21,0,0
10.73,12.02,1,0
12.49,11.28,1,0
-0.32,10.21,0,0
10.3,-0.12,0,0
10.74,-1.54,0,0
12.56,-4.01,1,0
14.62,-1.81,1,0
9.77,12.02,0,0
-1.97,9.4,0,0
10.96,-1.03,1,0
12.22,9.6,1,0
11.61,-3.18,0,0
12.44,11.21,1,0
11.94,-1.66,1,0
12.13,-4.69,0,0
9.3,12.47,0,0
9.75,11.93,0,0
15.77,-0.8,1,0
-3.38,10.07,0,0
8.74,13.37,0,0
11.63,-1.95,0,0
13.49,0.45,1,0
12.21,-1.38,0,0
9.56,13.78,0,0
13.98,-0.87,1,0
-5.4,0.56,1,0
12.34,-2.69,0,0
7.74,13.24,0,0
9.42,-2.68,0,0
13.94,-2.35,1,0
-4.51,1.08,1,0
10.22,-3.24,0,0
13.68,-0.72,1,0
-3.83,11.85,0,0
11.47,12.24,1,0
13.02,12.6,1,0
-2.33,2.56,1,0
-2.29,-1.28,0,0
-1.99,2.87,1,0
-1.82,3.11,1,0
11.58,-3.27,0,0
-2.09,9.77,0,0
11.58,-1.95,0,0
10.8,12.84,0,0
-2.91,-1.19,0,0
-2.49,8.25,1,0
12.89,-1.46,1,0
-1.29,10.39,0,0
14.42,10.72,1,0
11.43,-1.06,1,0
10.69,-1.81,0,0
11.42,12.65,0,0
10.47,12.34,0,0
-4.35,1.26,1,0
10.46,-3.82,0,0
12.05,-3.3,0,0
8.28,-2.52,0,0
-3.09,0.23,0,0
9.58,12.28,0,0
10.48,14.12,0,0
-4.8,0.88,0,0
-3.93,9.96,1,0
9.54,-1.35,0,0
12.39,-4.49,1,0
13.24,-0.44,1,0
11.96,-0.99,0,0
12.94,-2.17,1,0
13.4,-2.23,1,0
-3.93,0.14,0,0
13.27,-1.96,1,0
8.77,-2.08,0,0
-2.92,12.06,0,0
11.76,-2.88,0,0
-2.56,3.06,1,0
10.27,-2.99,0,0
-1.62,4.05,1,0
12.9,-2.1,1,0
12.06,-1.18,0,0
9.81,11.99,0,0
9.94,-3.07,0,0
14.72,-0.32,1,0
10.48,-1.73,0,0
12.53,-6.99,0,1
-4.32,0.87,1,0
13.15,-1.59,1,0
7.5,-0.31,0,0
10.55,-3.33,0,0
15.66,0.01,1,0
-4.2,9.99,0,0
6.34,-7.32,0,1
11.88,13.32,1,0
9.99,11.32,0,0
-2.97,0.56,0,0
10.29,14.89,0,0
9.48,13.94,0,0
-5.04,1.25,1,0
10.6,-1.67,0,0
-0.91,-1.71,0,0
-5.19,0.21,1,0
10.2,11.43,1,0
-4.49,-0.73,0,0
12.52,12.32,1,0
10.89,-2.34,0,0
-3.33,3.2,1,0
11.98,13.31,1,0
11.03,-3.41,0,0
10.11,11.84,0,0
11.02,-2.14,0,0
-3.91,7.19,1,0
9.46,-2.33,0,0
12.16,12.45,1,0
10.77,0.43,1,0
5.23,3.64,0,0
10.92,13.63,0,0
8.83,12.35,0,0
-0.98,4.03,1,0
10.24,15.37,0,0
15.23,-0.02,1,0
-4.15,-2.27,0,0
11.07,11.95,0,0
12.57,-2.17,0,0
10.11,-4.06,0,0
9.48,-2.25,0,0
-2.75,-1.09,0,0
-3.36,0.81,1,0
9.24,-1.94,0,0
-4.29,13.45,0,1
-4.89,8.6,1,0
11.46,0.2,1,0
13.26,-0.14,1,0
-3.23,0.6,0,0
10.21,11.27,1,0
10.34,-2.7,0,0
12.65,-2.22,0,0
-4.37,1.65,1,0
-3.47,10.61,0,0
-1.46,-1.58,0,0
-1.24,10.62,0,0
-1.37,10.33,0,0
-3.9,2.33,1,0
11.33,-1.98,0,0
-1.65,10.26,0,0
8.89,-2.41,0,0
-4.28,0.24,0,0
12.54,12.84,1,0
15.26,0.12,1,0
8.51,13.79,0,0
-3.51,9.63,1,0
12.08,-2.7,1,0
10.09,13.63,0,0
12.41,-1.48,0,0
-1.63,10.69,0,0
11.33,13.22,0,0
9.69,-2.13,0,0
10.94,13.09,0,0
13.54,-0.06,1,0
11.7,13.51,0,0
11.61,-0.29,1,0
11.37,-4.23,0,0
8.67,13.36,0,0
9.97,-2.17,0,0
-0.51,5.63,1,0
-2.31,2.57,1,0
-5.76,4.96,1,0
12.56,-0.51,1,0
10.61,14.32,0,0
11.09,11.32,0,0
9.63,-2.39,0,0
11.42,-3.46,0,0
12.74,10.26,1,0
10.45,-2.36,0,0
-3.2,11.26,0,0
-3.77,0.34,0,0
8.77,12.19,0,0
11.16,-1.2,0,0
6.93,11.36,0,0
11.82,-2.33,0,0
14.36,0.68,1,0
12.06,-1.57,0,0
9.12,-1.94,0,0
11.43,13.01,0,0
10.63,14.14,0,0
12.75,-3.74,1,0
9.32,-3.66,0,0
10.27,-2.88,0,0
9.69,10.26,0,0
12.98,13.86,1,0
10.07,13.39,0,0
13.15,-2.07,1,0
9.56,-1.98,0,0
-0.2,8.62,0,0
-2.63,1.61,1,0
-2.73,2.19,1,0
13.36,-2.15,1,0
7.95,-2.84,0,0
-1.68,0.74,1,0
10.94,13.0,0,0
10.31,11.8,0,0
-4.2,-0.21,0,0
14.77,7.79,1,0
-2.62,11.37,0,0
12.89,11.76,1,0
11.88,-0.66,1,0
12.2,10.13,1,0
10.12,11.77,0,0
10.94,11.39,1,0
12.63,-0.33,1,0
10.63,12.6,0,0
10.72,-3.25,0,0
11.31,-0.75,1,0
11.71,-3.14,0,0
11.52,10.12,1,0
14.01,1.08,1,0
13.77,9.78,1,0
8.89,13.01,0,0
9.0,13.31,0,0
10.17,12.22,0,0
-0.06,11.35,0,0
-0.44,7.57,1,0
11.97,-2.57,0,0
-2.12,-1.56,0,0
10.97,-2.22,0,0
8.63,15.2,0,0
-3.66,8.04,1,0
-1.36,9.79,0,0
-4.98,2.85,1,0
-3.81,3.19,1,0
-1.69,9.4,1,0
-1.75,9.95,1,0
12.96,12.89,1,0
12.69,13.98,1,0
13.52,-2.38,1,0
-3.85,2.39,1,0
-1.64,10.44,0,0
12.92,-1.39,1,0
-2.41,9.27,1,0
14.14,-1.55,1,0
12.46,-3.77,1,0
-1.06,9.84,0,0
-3.87,3.17,1,0
9.04,12.27,0,0
9.7,-3.86,0,0
9.62,-1.57,0,0
13.97,10.11,1,0
8.97,13.19,0,0
-1.94,0.16,0,0
11.87,-0.75,0,0
12.36,9.94,1,0
9.13,13.63,0,0
-4.84,0.27,0,0
10.65,13.01,0,0
-3.67,-0.93,0,0
11.05,-1.76,1,0
-4.68,0.07,1,0
10.33,13.67,0,0
-2.93,10.85,0,0
-3.31,0.84,1,0
13.48,12.82,1,0
9.29,-2.29,0,0
9.79,-2.56,0,0
12.5,-3.03,1,0
-4.84,2.58,1,0
12.24,-1.18,1,0
-1.97,0.89,0,0
10.96,11.71,1,0
-4.63,0.43,1,0
13.0,13.79,1,0
12.13,-4.27,1,0
11.3,13.81,0,0
-2.53,-1.79,0,0
10.7,12.54,0,0
-4.06,-0.9,0,0
7.07,13.6,0,0
-1.12,10.56,0,0
10.04,11.05,0,0
10.54,11.59,0,0
11.31,13.75,0,0
10.82,10.65,0,0
-0.48,10.84,0,0
9.26,13.19,0,0
9.56,12.21,0,0
10.46,12.34,0,0
14.59,-1.12,1,0
-3.42,-0.26,0,0
-5.1,1.32,1,0
-3.69,3.7,1,0
11.11,-0.83,1,0
9.42,14.03,0,0
10.31,9.35,0,0
-4.17,2.0,1,0
-3.63,10.92,0,0
-2.4,-1.45,0,0
11.47,11.6,0,0
-2.33,10.46,0,0
13.69,-1.84,1,0
9.9,-2.81,0,0
10.37,13.83,0,0
-4.21,-0.74,0,0
10.48,12.93,0,0
-4.28,1.33,1,0
10.65,-2.84,0,0
14.8,-1.51,1,0
10.53,10.82,1,0
9.02,11.86,0,0
9.35,0.24,1,0
9.15,-3.2,0,0
-1.75,9.66,0,0
-2.0,9.88,1,0
6.58,14.22,0,0
8.9,13.23,0,0
10.73,11.54,0,0
8.44,-3.27,0,0
8.69,-2.48,0,0
-4.83,2.93,1,0
11.14,-0.88,0,0
13.97,-0.78,1,0
13.12,8.34,1,0
12.06,-4.71,1,0
-4.13,-0.2,0,0
9.42,-2.43,0,0
9.6,13.58,0,0
14.63,12.45,1,0
10.9,13.59,0,0
10.57,12.73,0,0
9.53,-2.63,0,0
15.54,-0.04,1,0
12.66,0.1,1,0
-2.63,10.13,0,0
9.88,11.11,0,0
11.91,-1.37,0,0
0.27,-1.65,1,0
-2.74,1.26,1,0
13.88,-2.95,1,0
4.91,1.79,0,0
9.75,12.05,0,0
11.05,-1.44,1,0
10.6,-2.51,0,0
12.36,0.08,0,0
6.11,3.14,0,0
7.4,12.51,0,0
-4.26,2.39,1,0
11.65,-2.64,0,0
9.42,-4.39,0,0
-2.61,9.75,1,0
12.58,12.52,1,0
-1.94,-0.59,0,0
12.58,-1.02,1,0
10.24,12.97,0,0
10.47,-3.53,0,0
13.74,13.09,1,0
11.52,-3.33,0,0
11.02,-2.11,0,0
10.54,11.98,0,0
-3.27,0.5,0,0
11.19,-3.75,0,0
13.37,-0.33,1,0
10.02,0.06,0,0
-5.21,-0.34,0,0
11.66,-2.75,0,0
8.95,13.13,0,0
11.41,11.8,1,0
-1.2,10.88,0,0
7.7,-3.4,0,0
10.86,-2.0,0,0
-2.44,5.64,1,0
-2.96,10.92,0,0
-3.26,10.83,0,0
17.01,10.38,1,0
9.3,13.26,0,0
15.18,-0.08,1,0
10.32,14.42,0,0
8.62,-3.13,0,0
-1.8,2.73,1,0
12.37,15.23,0,0
12.81,12.29,1,0
-1.41,7.36,1,0
9.38,13.02,0,0
12.15,-2.97,1,0
-1.6,2.58,1,0
10.79,-2.33,0,0
10.82,-1.38,0,0
10.88,13.38,0,0
11.22,-0.25,0,0
9.12,-1.73,0,0
12.85,-0.8,1,0
12.31,15.05,0,0
11.67,-1.12,1,0
-4.99,1.77,1,0
10.27,13.99,0,0
11.23,-3.52,0,0
11.97,12.52,1,0
10.84,-3.18,0,0
11.28,-1.18,0,0
9.79,-2.68,0,0
-2.05,-0.59,0,0
-3.3,10.32,0,0
8.63,-2.25,0,0
-2.96,-0.17,0,0
8.69,-1.98,0,0
-4.86,1.26,1,0
9.86,-1.37,0,0
-0.65,9.5,0,0
10.3,-1.95,0,0
-4.47,4.76,1,0
13.14,9.48,1,0
-4.18,0.46,0,0
9.99,-3.42,0,0
-2.44,-0.91,0,0
12.78,-0.54,1,0
11.81,9.83,1,0
10.75,-3.79,0,0
9.23,11.9,0,0
12.79,-2.28,1,0
9.4,-2.75,0,0
10.31,-3.53,0,0
-2.56,-0.71,0,0
-2.81,10.81,0,0
-2.26,11.17,0,0
11.38,-3.05,0,0
5.69,5.18,0,0
-2.81,11.02,0,0
11.1,-2.44,0,0
8.64,-3.82,0,0
11.33,-2.96,0,0
8.81,15.53,0,0
-3.62,-0.01,0,0
4.28,10.22,0,1
11.94,15.82,0,0
9.88,12.3,0,0
9.93,13.35,0,0
-4.5,-0.13,0,0
9.34,-1.74,0,0
-5.22,1.57,1,0
-1.21,9.67,0,0
-1.8,9.71,0,0
11.55,11.15,0,0
10.4,-2.03,0,0
13.11,-3.1,1,0
16.15,-0.36,1,0
7.92,-3.29,0,0
14.03,0.68,1,0
13.03,-0.18,1,0
10.19,11.62,0,0
10.02,-1.68,0,0
17.24,0.91,1,0
11.02,-1.49,0,0
12.0,-2.31,0,0
-4.29,10.23,0,0
12.91,12.85,1,0
9.71,-2.21,0,0
-4.2,3.32,1,0
-3.05,9.9,0,0
9.96,-4.41,0,0
14.28,-2.6,1,0
9.34,-3.1,0,0
-3.03,10.15,0,0
11.23,13.49,0,0
-3.6,11.09,0,0
-4.43,2.6,1,0
14.07,9.15,1,0
-1.44,2.76,1,0
12.26,9.72,1,0
10.9,-0.3,1,0
-3.62,-1.48,0,0
-5.14,2.07,1,0
11.71,-2.55,0,0
-2.6,1.08,1,0
13.07,-4.64,1,0
11.84,-1.13,1,0
10.52,10.19,1,0
10.72,-1.61,0,0
10.8,-4.17,0,0
8.54,-3.27,0,0
-1.73,10.84,0,0
12.64,-0.59,1,0
11.73,12.19,1,0
8.8,-2.91,0,0
12.17,0.26,1,0
8.58,12.49,0,0
12.05,-1.24,0,0
5.71,6.28,0,0
8.72,-1.83,0,0
-4.21,-0.41,0,0
8.6,12.79,0,0
-4.43,11.14,1,0
12.51,-0.76,1,0
8.78,13.46,0,0
9.33,-2.42,0,0
-1.58,8.31,1,0
11.06,12.38,0,0
-2.2,-0.27,0,0
9.22,-1.65,0,0
9.83,12.76,0,0
11.37,-2.97,0,0
7.76,9.76,0,1
7.73,13.65,0,0
12.55,-2.08,1,0
-2.36,-0.3,0,0
13.22,-0.13,1,0
-1.63,10.83,0,0
-3.3,10.18,0,0
10.43,12.49,0,0
-5.29,0.32,1,0
9.42,-0.81,0,0
-3.8,1.15,1,0
12.79,-2.57,1,0
10.35,-4.42,0,0
13.1,-2.79,1,0
10.97,11.59,1,0
9.26,-2.72,0,0
-3.93,0.36,0,0
15.23,10.76,1,0
-5.42,0.03,1,0
9.69,12.36,0,0
12.83,-1.34,1,0
10.72,-2.4,0,0
11.82,-1.55,0,0
9.34,14.26,0,0
12.53,-0.3,0,0
3.65,5.43,0,0
12.83,-1.13,1,0
-0.86,9.62,1,0
11.52,-1.72,1,0
-2.79,1.92,1,0
-3.71,-1.71,0,0
10.7,-2.14,0,0
12.21,10.94,1,0
11.48,-1.47,0,0
10.44,-1.95,0,0
-2.87,-0.53,0,0
16.21,12.07,1,0
-2.97,1.9,1,0
-5.64,0.17,1,0
-4.12,1.65,1,0
13.17,-2.53,1,0
-2.51,0.95,1,0
-4.46,0.16,1,0
-2.23,9.92,1,0
9.11,12.69,0,0
-3.44,11.94,0,0
13.69,-3.54,1,0
-4.02,4.67,1,0
9.67,-2.34,0,0
10.49,-2.45,0,0
8.79,13.31,0,0
-2.61,1.36,1,0
11.7,-2.81,0,0
13.72,-0.7,1,0
13.44,-0.45,1,0
8.24,10.9,0,0
-2.71,10.36,0,0
-4.18,10.58,0,0
11.98,-2.49,0,0
9.86,-2.72,0,0
10.85,1.17,1,0
-4.19,-0.3,0,0
12.91,-2.03,1,0
8.79,-1.99,0,0
13.81,11.14,1,0
-0.56,9.48,0,0
-3.9,-1.62,0,0
9.48,12.22,0,0
12.59,-2.27,0,0
12.29,-3.04,1,0
10.93,13.92,0,0
10.18,14.94,0,0
11.64,-3.08,0,0
8.31,11.7,0,0
-3.44,10.0,0,0
14.76,-0.57,1,0
-4.24,-0.07,0,0
-4.36,2.48,1,0
10.6,11.69,0,0
11.03,-2.12,0,0
10.71,-1.92,0,0
12.64,-2.84,1,0
16.94,0.75,1,0
-2.87,10.86,0,0
11.19,-1.08,0,0
9.95,13.43,0,0
-2.25,0.63,0,0
-4.18,-0.71,0,0
11.07,-3.36,0,0
-4.89,1.27,1,0
-5.56,3.02,1,0
-4.31,1.5,1,0
-4.37,0.5,1,0
10.12,14.32,0,0
12.7,-1.17,1,0
14.29,-1.61,1,0
10.11,13.68,0,0
-0.87,7.46,1,0
9.31,12.48,0,0
9.71,13.66,0,0
9.68,11.18,0,0
10.89,12.15,0,0
-2.24,-1.25,0,0
14.14,-2.67,1,0
11.12,13.53,0,0
-3.06,9.92,1,0
10.09,10.81,0,0
-1.33,-0.53,0,0
14.75,-1.3,1,0
-2.34,0.32,0,0
12.74,12.13,0,0
-4.75,7.82,1,0
9.9,-2.92,0,0
13.43,11.27,1,0
-2.96,7.62,1,0
12.58,-3.1,0,0
13.34,1.48,1,0
10.47,-2.57,0,0
-4.99,1.36,1,0
14.38,0.77,1,0
-2.65,2.32,1,0
9.99,-1.23,0,0
8.65,13.24,0,0
-4.53,10.79,0,0
11.77,-3.01,0,0
10.7,14.89,0,0
9.6,12.61,0,0
-3.5,0.08,0,0
12.3,-0.14,0,0
-4.62,-1.01,0,0
11.71,-3.74,0,0
11.1,-3.23,0,0
8.65,13.85,0,0
11.33,0.17,1,0
10.94,1.66,0,0
-2.97,11.04,0,0
7.63,-1.59,0,0
10.14,-3.49,0,0
11.33,13.03,0,0
10.26,12.33,0,0
12.7,-5.64,1,0
-1.06,8.8,0,0
10.17,14.04,0,0
12.01,-3.02,0,0
-3.2,11.31,0,0
11.68,-1.09,1,0
-4.32,0.53,1,0
-2.65,-0.16,0,0
10.48,11.88,1,0
9.8,13.2,0,0
-2.75,3.41,1,0
-2.79,-1.79,0,0
12.51,-1.2,0,0
10.0,-1.41,0,0
10.77,12.73,0,0
12.96,-0.91,1,0
10.91,11.4,0,0
-3.15,1.65,1,0
13.33,13.25,0,0
10.47,11.79,0,0
10.76,-3.82,0,0
9.75,11.97,0,0
5.37,4.69,0,0
12.43,15.53,0,0
10.72,10.07,1,0
9.28,-3.01,0,0
9.3,13.61,0,0
12.53,10.35,1,0
-1.53,-0.37,0,0
12.54,9.41,1,0
-4.21,0.84,1,0
10.87,13.9,0,0
-3.64,1.46,1,0
12.23,-3.16,1,0
-3.91,2.35,1,0
10.33,0.65,0,0
-5.15,1.32,1,0
11.75,-1.67,0,0
8.76,-1.24,0,0
12.81,-4.2,1,0
9.56,-2.24,0,0
-4.35,5.41,1,0
12.1,11.91,1,0
-3.71,9.72,0,0
11.47,-1.83,0,0
10.72,13.55,0,0
9.71,11.93,0,0
12.68,0.52,1,0
12.92,-0.26,1,0
-5.23,9.95,0,0
-2.22,-0.99,0,0
10.95,12.74,0,0
10.98,-1.43,0,0
12.03,-1.72,0,0
-4.7,0.66,1,0
12.93,-2.0,0,0
10.42,-4.65,0,0
-2.49,-1.66,0,0
10.57,13.61,0,0
-2.86,2.67,1,0
-3.85,1.18,1,0
-3.51,9.49,1,0
10.09,-3.74,0,0
13.14,-4.76,1,0
-2.03,-0.14,0,0
10.35,-1.57,0,0
12.01,12.5,0,0
15.65,0.48,1,0
11.19,-2.04,0,0
11.91,-1.3,1,0
-3.14,0.92,1,0
7.51,14.11,0,0
9.56,12.99,0,0
10.93,13.07,0,0
13.65,-0.59,1,0
10.4,-3.9,0,0
7.19,14.72,0,0
-1.49,-1.42,0,0
9.72,-2.25,0,0
-4.52,0.14,0,0
13.0,0.54,1,0
12.02,-2.77,0,0
-1.89,2.18,1,0
12.42,-0.29,1,0
8.02,-2.12,0,0
10.8,9.42,0,0
12.06,-0.97,1,0
-4.73,2.99,1,0
15.12,-0.46,1,0
11.01,-1.22,0,0
13.87,11.13,1,0
11.66,-3.36,0,0
-3.21,2.38,1,0
-4.25,1.92,1,0
-2.8,0.15,0,0
13.83,-0.33,1,0
6.85,-2.62,0,0
-2.27,1.36,1,0
9.42,13.25,0,0
-4.38,-1.59,0,0
-4.1,0.22,0,0
12.13,-0.93,0,0
8.74,13.35,0,0
-2.97,1.24,1,0
-3.86,-0.4,0,0
10.04,-3.72,0,0
13.1,-3.38,1,0
15.59,-1.31,1,0
11.57,14.1,0,0
13.76,-2.51,1,0
14.1,-3.27,1,0
10.9,-1.6,0,0
10.81,14.4,0,0
-1.84,10.24,0,0
-1.71,5.0,1,0
12.86,-4.81,1,0
10.83,-1.26,0,0
-5.09,-2.08,0,0
12.56,-2.81,0,0
9.88,0.78,0,0
10.24,-1.23,0,0
10.74,-1.75,0,0
9.99,12.02,0,0
12.53,-2.18,0,0
11.89,-0.03,1,0
-2.63,2.45,1,0
13.79,-2.37,0,0
11.13,-1.63,0,0
11.16,9.62,1,0
-4.04,0.77,1,0
-4.68,0.31,0,0
-3.04,4.88,1,0
8.71,12.4,0,0
-2.03,1.65,1,0
-1.71,0.54,1,0
-2.15,9.81,0,0
11.6,-2.94,0,0
9.0,-2.43,0,0
10.62,-1.67,0,0
-4.67,-1.95,1,0
-3.71,11.86,0,0
11.4,-1.53,0,0
-4.92,0.96,1,0
16.41,12.23,1,0
-4.21,-1.12,1,0
17.24,11.83,1,0
12.66,-1.35,1,0
-3.68,0.08,0,0
-3.31,10.38,1,0
12.91,11.92,1,0
10.35,13.47,0,0
12.66,-1.98,1,0
8.82,-1.7,0,0
10.94,14.33,0,0
10.29,-3.7,0,0
15.25,13.55,1,0
-3.53,7.12,1,0
11.71,11.69,1,0
-3.49,2.92,1,0
8.28,-1.49,0,0
10.31,-0.93,0,0
14.07,-2.21,1,0
10.12,-0.89,0,0
-3.33,9.31,0,0
10.53,12.47,0,0
-4.34,-0.96,0,0
-1.93,9.65,0,0
8.97,-1.62,0,0
10.56,-3.63,0,0
9.33,13.73,0,0
9.23,15.88,0,0
-3.9,0.48,1,0
12.79,-2.58,0,0
14.1,-2.97,1,0
11.26,13.97,0,0
15.78,13.36,1,0
11.66,-2.66,0,0
10.38,-0.99,0,0
11.45,11.42,1,0
12.41,9.29,1,0
-4.15,-0.31,0,0
11.04,13.09,0,0
10.34,-3.76,0,0
-2.67,-0.05,1,0
-2.61,8.63,1,0
11.56,13.7,0,0
9.64,-3.5,0,0
10.12,-2.74,0,0
-4.13,-0.99,1,0
9.32,11.78,0,0
-4.58,1.24,1,0
10.75,-2.6,0,0
13.74,10.73,1,0
11.18,12.06,0,0
11.19,14.04,0,0
13.16,-0.65,1,0
9.5,-2.53,0,0
10.2,13.38,0,0
9.06,12.27,0,0
-1.51,9.79,0,0
-2.87,-0.99,0,0
11.78,13.11,0,0
11.87,-3.25,0,0
11.24,13.21,0,0
-2.25,0.12,0,0
-4.09,-0.1,0,0
-3.52,8.06,1,0
13.15,13.65,1,0
10.62,11.17,0,0
9.03,-2.4,0,0
11.38,13.57,0,0
9.25,13.11,0,0
-0.91,9.34,0,0
11.49,-3.03,0,0
10.96,11.88,1,0
-4.45,-0.22,0,0
11.75,13.93,0,0
9.06,-2.18,0,0
13.31,12.91,1,0
10.0,13.25,0,0
-4.02,3.44,1,0
12.14,-5.59,0,0
11.47,9.83,1,0
-2.84,-1.56,0,0
-4.23,12.48,0,0
-5.62,-1.63,1,0
15.97,1.15,1,0
-2.62,7.99,1,0
14.21,12.07,1,0
11.44,-3.06,0,0
9.81,-4.5,0,0
9.95,13.27,0,0
-4.42,0.2,0,0
-2.27,0.89,0,0
-4.44,2.47,1,0
-3.98,0.38,0,0
9.31,12.97,0,0
-0.52,2.83,1,0
13.35,-0.55,1,0
10.28,13.96,0,0
10.08,13.75,0,0
-2.37,-0.27,0,0
-3.42,9.33,1,0
12.67,-1.63,0,0
11.43,-1.82,0,0
13.32,-1.51,1,0
11.12,-3.02,0,0
11.39,-2.95,0,0
11.81,-1.65,0,0
-4.13,-0.46,0,0
-2.42,11.85,0,0
11.03,-1.31,0,0
10.48,-3.15,0,0
12.71,-2.55,1,0
10.24,-1.72,0,0
-3.12,0.06,0,0
11.71,-3.31,0,0
9.83,14.09,0,0
-2.25,0.01,0,0
-4.86,1.72,1,0
-3.72,11.04,0,0
12.78,-2.74,0,0
11.46,-1.1,1,0
10.21,12.69,0,0
15.54,10.19,1,0
-3.31,10.97,0,0
9.04,-3.11,0,0
-1.4,1.93,1,0
12.17,-2.7,0,0
13.03,-1.9,1,0
11.64,-0.58,1,0
12.37,7.99,1,0
13.31,-0.32,0,0
9.44,-2.14,0,0
10.73,-1.55,0,0
-3.1,-0.54,0,0
12.52,-1.26,0,0
11.91,-0.87,1,0
13.17,-1.97,1,0
-5.06,-0.5,0,0
11.8,-3.2,0,0
8.55,-2.32,0,0
10.71,-1.02,1,0
13.38,-0.6,1,0
10.81,-1.45,0,0
11.33,11.45,0,0
8.76,13.96,0,0
13.84,0.6,1,0
12.97,-1.85,1,0
-3.2,0.42,0,0
-1.27,0.47,0,0
10.46,10.16,0,0
14.94,0.52,1,0
11.61,13.83,0,0
-1.52,10.38,0,0
9.22,13.28,0,0
10.21,-4.01,0,0
10.33,-2.6,0,0
10.76,-2.36,0,0
8.63,9.5,0,0
8.16,-1.19,0,0
-3.2,1.47,1,0
-3.8,-0.81,0,0
-2.44,7.82,1,0
12.95,13.68,1,0
-2.82,12.23,0,0
10.37,13.73,0,0
-2.26,0.9,0,0
9.39,13.89,0,0
9.58,-2.0,0,0
-2.92,8.36,1,0
10.57,13.61,0,0
-4.76,2.32,1,0
11.28,-3.5,0,0
-4.0,0.63,1,0
-3.97,0.28,0,0
12.3,-0.59,0,0
10.74,10.3,1,0
5.91,6.26,0,0
9.47,-2.9,0,0
-4.94,-0.61,1,0
9.79,-2.77,0,0
-3.9,6.92,1,0
-3.84,1.97,1,0
10.32,9.37,1,0
-5.56,1.11,1,0
-1.88,-0.09,1,0
12.5,-2.27,0,0
13.76,-1.63,1,0
-4.67,-0.53,1,0
14.87,-4.83,1,0
-5.01,0.58,1,0
7.54,11.98,0,0
-3.34,8.79,1,0
10.28,-1.44,0,0
10.78,-2.35,0,0
10.88,-1.39,0,0
9.11,12.12,0,0
-3.34,3.01,1,0
12.98,-2.61,1,0
13.58,-0.05,1,0
10.36,-5.19,0,0
9.53,-2.35,0,0
-4.17,0.58,1,0
-1.95,10.16,0,0
11.77,9.33,1,0
-3.71,10.69,0,0
9.78,-2.72,0,0
-2.8,3.25,1,0
-1.38,6.7,1,0
11.09,13.81,0,0
12.11,11.27,1,0
11.0,13.2,0,0
11.31,13.23,0,0
13.8,-1.66,1,0
-1.41,11.04,0,0
12.3,-1.63,0,0
-4.98,0.44,1,0
12.05,-3.39,1,0
14.48,-2.23,1,0
9.32,-1.5,0,0
-3.38,-0.96,0,0
12.49,-1.22,1,0
10.17,-3.55,0,0
11.85,-3.06,0,0
9.85,-1.78,0,0
-5.14,9.85,1,0
-2.15,1.89,1,0
10.81,8.92,0,0
14.47,-1.05,1,0
10.3,-2.07,0,0
-4.84,10.94,0,0
-3.64,11.35,0,0
10.28,-2.63,0,0
14.64,0.43,1,0
13.14,-0.31,1,0
10.14,11.82,0,0
11.7,-2.65,0,0
13.41,0.76,1,0
-4.33,2.76,1,0
11.74,-3.37,1,0
12.77,13.63,1,0
-4.06,-1.09,0,0
12.24,11.03,1,0
11.18,-2.17,0,0
10.52,14.39,0,0
8.21,12.96,0,0
16.2,1.53,1,0
-2.55,1.86,1,0
10.63,-3.83,0,0
-4.0,1.77,1,0
10.04,-4.3,0,0
12.16,0.6,0,0
-2.17,1.63,1,0
10.83,-4.0,0,0
11.92,0.05,1,0
-2.4,1.15,1,0
12.85,-2.23,1,0
11.11,-1.65,0,0
-3.45,-0.17,0,0
7.9,14.13,0,0
9.29,-3.69,0,0
12.14,-2.56,0,0
-5.87,-2.37,0,0
-4.25,-1.12,0,0
12.57,-2.66,0,0
6.22,3.62,0,0
15.12,0.14,1,0
13.58,1.37,1,0
10.08,-0.32,0,0
12.3,-2.62,0,0
9.32,12.99,0,0
12.27,-4.63,0,0
10.94,14.03,0,0
13.11,-1.13,1,0
11.76,-2.84,0,0
5.96,4.27,0,0
-3.69,1.5,1,0
-3.77,-1.07,0,0
-2.45,9.85,0,0
7.67,14.12,0,0
14.41,0.19,1,0
10.5,13.71,0,0
-1.42,-0.38,0,0
-2.12,-0.06,0,0
-3.3,9.64,1,0
12.83,-1.04,0,0
10.66,-3.62,0,0
10.21,12.15,0,0
11.15,-2.4,0,0
13.97,12.53,1,0
14.66,-0.33,1,0
9.58,-2.52,0,0
11.74,-2.75,0,0
9.29,13.03,0,0
-3.5,0.95,1,0
15.05,-1.47,1,0
12.74,-1.64,1,0
-2.13,3.62,1,0
9.64,11.99,0,0
11.68,9.42,1,0
9.45,-2.6,0,0
-3.72,-0.27,0,0
-4.34,0.72,0,0
-3.06,4.57,1,0
11.52,-2.0,0,0
-2.59,8.57,1,0
-3.88,9.23,0,0
9.12,12.79,0,0
8.49,13.2,0,0
11.76,11.88,1,0
-4.25,-0.9,0,0
11.47,-2.62,0,0
-4.24,1.28,1,0
-3.02,11.49,1,0
10.33,13.36,0,0
8.51,11.97,0,0
10.01,12.45,0,0
9.27,10.78,0,0
-1.15,-1.95,0,0
10.79,-2.49,0,0
10.41,14.33,0,0
10.62,-0.53,0,0
11.36,12.54,0,0
12.66,-2.09,0,0
15.61,12.86,1,0
11.08,-0.47,0,0
-2.7,0.47,1,0
-1.59,2.61,1,0
12.91,-1.66,0,0
-1.36,10.76,0,0
8.69,12.52,0,0
10.88,13.41,0,0
11.0,-2.71,0,0
-3.11,0.92,1,0
9.76,13.09,0,0
-2.69,0.9,1,0
8.09,14.54,0,0
8.69,-1.91,0,0
10.85,-1.91,0,0
11.28,-2.34,0,0
11.21,-2.27,0,0
10.63,-3.38,0,0
13.26,-1.28,1,0
12.74,9.6,1,0
10.44,-4.33,0,0
12.38,14.07,0,0
12.34,-2.57,1,0
-2.86,-1.06,0,0
10.87,-1.8,0,0
11.65,-1.09,0,0
-2.57,0.89,1,0
11.24,-1.57,0,0
9.35,12.61,0,0
11.45,-1.88,0,0
10.51,-3.46,0,0
10.58,-4.26,0,0
12.28,10.6,1,0
-4.03,-1.16,0,0
7.38,-1.71,0,0
12.49,-2.6,0,0
11.38,13.69,0,0
10.54,-3.76,0,0
10.35,12.66,0,0
14.13,-2.11,1,0
8.47,-1.82,0,0
11.41,-1.65,1,0
11.7,-3.18,0,0
0.43,4.79,0,0
-2.63,10.56,0,0
13.55,16.04,0,0
9.95,-2.2,0,0
9.1,-1.37,0,0
14.72,-1.93,1,0
10.52,-1.46,0,0
8.86,13.01,0,0
13.64,-0.1,1,0
9.12,0.83,0,0
9.95,12.38,0,0
12.72,8.16,1,0
11.59,-3.88,0,0
9.53,-4.43,0,0
8.8,13.89,0,0
13.71,-0.12,1,0
-1.47,11.3,0,0
9.59,-2.03,0,0
12.4,-2.74,1,0
9.5,11.9,0,0
11.14,-1.51,0,0
8.46,15.24,0,0
-0.2,9.89,1,0
-4.13,1.14,1,0
8.96,-2.76,0,0
-3.38,-0.22,0,0
-2.39,0.23,0,0
13.14,0.06,1,0
11.81,13.9,0,0
8.97,-3.2,0,0
9.87,13.11,0,0
11.89,-2.54,0,0
13.0,9.76,1,0
10.59,-1.86,0,0
10.33,13.27,0,0
4.61,6.22,0,0
-3.55,10.74,1,0
-1.92,8.61,1,0
11.15,-1.9,0,0
10.55,13.5,0,0
12.12,12.46,1,0
10.3,-3.47,0,0
9.85,11.48,0,0
-4.16,-0.49,0,0
15.23,-0.79,1,0
11.78,-2.67,0,0
11.39,-0.97,1,0
10.75,15.18,0,0
9.6,-2.54,0,0
10.57,13.22,0,0
9.85,-3.45,0,0
9.8,13.98,0,0
9.85,-1.82,0,0
10.51,11.62,0,0
11.01,13.2,0,0
-3.02,10.48,0,0
10.13,10.03,0,0
11.17,-1.24,0,0
-3.39,3.92,1,0
-3.84,0.95,0,0
9.45,-1.85,0,0
-1.58,9.03,1,0
15.45,-0.73,1,0
12.45,-2.51,0,0
-2.54,9.07,1,0
0.22,1.95,0,0
9.34,-2.9,0,0
-3.81,-0.37,0,0
9.8,-2.59,0,0
13.34,-0.72,1,0
11.36,11.25,1,0
12.8,-0.93,1,0
12.68,-1.05,1,0
-2.64,8.21,1,0
12.52,13.22,1,0
-5.1,-1.1,0,0
-0.69,10.65,0,0
12.37,13.64,0,0
15.72,-0.58,1,0
9.06,-0.22,0,0
15.27,9.8,1,0
-1.11,11.46,0,0
-1.89,8.72,1,0
13.73,-1.06,1,0
9.29,-2.16,0,0
10.51,-1.84,0,0
1.31,4.08,0,0
9.91,-2.17,0,0
13.77,0.4,1,0
-3.74,-0.95,0,0
-1.09,0.6,0,0
10.54,11.91,0,0
11.14,-4.19,0,0
9.67,-1.76,0,0
12.75,-0.48,1,0
-2.84,0.14,0,0
-3.38,0.24,1,0
11.07,-1.31,1,0
9.85,11.9,0,0
12.43,-1.97,1,0
13.66,-2.43,1,0
11.97,-4.76,0,0
10.34,-4.1,0,0
11.17,-2.02,0,0
8.76,11.77,0,0
11.43,-2.7,0,0
0.55,-0.6,0,0
-3.0,11.07,0,0
10.75,-4.66,0,0
8.71,-2.77,0,0
10.35,13.65,0,0
-3.89,1.51,1,0
1.13,2.5,0,0
11.32,0.87,1,0
10.42,-2.71,0,0
3.34,6.28,0,0
-3.06,7.3,1,0
10.29,-1.72,0,0
-3.54,1.7,1,0
13.53,-0.6,1,0
12.9,11.91,1,0
13.6,-2.82,1,0
11.69,12.67,0,0
-2.87,10.38,0,0
9.99,13.81,0,0
-5.43,-1.49,0,0
-3.32,9.99,0,0
11.33,13.03,0,0
12.06,13.71,1,0
-2.67,0.03,0,0
13.62,-3.22,1,0
11.39,13.72,0,0
-2.04,2.87,1,0
12.16,14.62,0,0
11.78,-2.79,0,0
-2.1,1.91,1,0
-2.37,0.34,0,0
-3.59,5.79,1,0
9.16,-2.73,0,0
10.85,-1.65,0,0
11.72,-3.26,0,0
9.99,-2.22,0,0
11.02,-0.35,0,0
12.64,1.51,1,0
-5.34,3.16,1,0
9.97,11.38,0,0
-0.6,7.87,1,0
13.38,0.31,1,0
9.08,13.57,0,0
8.18,-1.99,0,0
10.08,-3.27,0,0
8.98,-1.17,0,0
-4.44,10.98,0,0
11.33,13.14,0,0
12.5,14.68,0,0
11.41,-3.5,0,0
-3.47,9.48,1,0
-0.95,8.41,1,0
13.1,-1.36,1,0
10.66,12.84,0,0
12.81,-2.42,1,0
-3.2,-1.29,0,0
9.16,-2.51,0,0
-2.22,-1.05,0,0
-2.51,2.32,1,0
12.88,-3.69,1,0
12.55,-0.64,1,0
10.14,11.73,0,0
9.39,11.95,0,0
11.59,12.43,0,0
14.42,-2.12,1,0
-2.33,-0.41,0,0
11.65,-1.88,1,0
10.07,7.11,1,1
11.78,13.77,1,0
14.55,-1.77,1,0
12.43,-0.92,0,0
-3.15,0.86,1,0
-5.83,-0.26,1,0
15.19,-0.51,1,0
-1.42,-0.9,0,0
11.38,1.85,0,0
11.61,11.27,1,0
10.78,-1.09,0,0
-4.22,-0.32,0,0
8.62,12.46,0,0
12.03,-2.63,0,0
11.41,-4.04,0,0
14.85,0.22,1,0
11.94,10.87,1,0
11.01,-2.62,0,0
12.3,11.34,1,0
11.09,13.17,0,0
8.95,-2.8,0,0
-4.31,4.04,1,0
10.15,-2.52,0,0
12.34,-0.78,1,0
-4.17,2.08,1,0
8.87,11.71,0,0
12.48,11.75,1,0
-4.64,-0.97,1,0
-2.79,-0.25,0,0
12.97,-0.54,1,0
-0.76,-0.47,1,0
-5.35,2.06,1,0
12.47,-3.3,1,0
-3.95,-0.24,0,0
5.92,2.36,0,0
11.15,10.14,0,0
6.96,1.21,0,1
-3.04,-1.91,0,0
10.3,13.79,0,0
13.47,-1.69,1,0
10.04,-3.36,0,0
11.78,-1.39,0,0
10.55,13.55,0,0
11.5,14.32,0,0
-1.78,0.48,0,0
9.85,12.18,0,0
10.95,13.48,0,0
10.06,13.45,0,0
11.2,-0.96,0,0
11.69,12.46,1,0
-2.81,10.36,1,0
9.74,15.54,0,0
11.64,-2.08,0,0
10.41,11.72,0,0
5.82,5.15,0,0
13.99,0.24,1,0
13.03,13.14,1,0
10.07,-3.46,0,0
-4.59,9.76,1,0
10.94,-1.51,0,0
9.44,-2.44,0,0
10.44,-4.57,0,0
11.74,-1.87,0,0
-1.86,7.25,1,0
-4.12,0.31,0,0
-2.47,1.57,1,0
12.97,1.05,1,0
12.83,10.89,1,0
9.95,12.01,0,0
11.41,-2.86,0,0
11.38,-3.47,0,0
-3.33,-1.01,0,0
15.0,-0.83,1,0
13.35,10.17,1,0
-2.19,10.1,0,0
11.71,-3.68,0,0
11.19,12.95,0,0
-4.97,0.52,1,0
12.27,12.34,1,0
11.39,-3.37,0,0
-2.93,11.99,0,0
9.59,14.38,0,0
14.17,-1.44,1,0
13.89,0.51,1,0
-2.34,9.2,0,0
10.63,-2.28,0,0
9.02,-2.17,0,0
-1.32,-0.56,0,0
-4.14,0.41,0,0
-2.31,0.01,0,0
11.15,13.38,0,0
10.11,-2.32,0,0
8.63,-2.73,0,0
-2.86,10.55,0,0
11.08,9.0,1,0
9.34,-0.5,0,0
9.43,13.42,0,0
-2.82,1.92,1,0
12.03,14.97,0,0
10.74,-2.35,0,0
12.06,13.97,1,0
-1.48,8.79,1,0
-3.21,10.94,0,0
-5.08,0.4,1,0
5.78,6.51,0,0
-1.8,-1.09,0,0
10.2,14.86,0,0
11.83,12.36,0,0
-2.52,0.72,0,0
13.24,-0.39,1,0
13.98,-4.0,1,0
12.28,-1.22,0,0
10.73,14.52,0,0
9.86,-3.08,0,0
-2.6,8.57,1,0
8.56,-2.81,0,0
-2.69,0.66,1,0
9.66,12.13,0,0
11.13,-2.96,0,0
13.03,-2.08,1,0
11.82,-2.81,0,0
12.97,-0.17,1,0
10.32,-2.05,0,0
-4.43,0.27,1,0
-3.86,-0.18,0,0
-4.11,2.29,1,0
11.14,11.88,0,0
9.24,12.78,0,0
-1.18,10.15,0,0
14.05,13.94,1,0
17.4,12.97,1,1
14.68,-0.29,1,0
13.86,-2.87,1,0
13.14,-2.76,1,0
14.2,10.49,1,0
11.08,-1.73,0,0
10.93,14.21,0,0
12.5,-0.66,1,0
12.38,1.19,1,0
13.93,-1.56,1,0
-3.64,-0.03,0,0
8.36,14.54,0,0
-1.77,1.26,1,0
-1.96,10.44,0,0
10.92,13.46,0,0
-5.97,0.36,1,0
-3.94,-0.25,0,0
-1.27,2.75,1,0
10.53,-1.48,0,0
10.01,14.08,0,0
13.71,-0.93,1,0
11.73,14.16,0,0
-3.54,-0.51,0,0
14.15,10.55,1,0
12.31,-0.73,1,0
12.0,12.52,1,0
-2.5,7.03,1,0
13.97,-3.34,1,0
8.43,-1.77,0,0
-1.5,9.42,1,0
12.67,14.72,0,0
-3.97,0.43,0,0
12.01,-1.09,0,0
10.54,-4.44,0,0
-2.34,8.46,1,0
14.64,10.61,1,0
-2.64,11.49,0,0
11.01,-2.04,1,0
8.33,14.06,0,0
-2.75,3.68,1,0
-2.21,-0.53,0,0
-2.21,11.98,0,0
6.49,6.56,0,0
-3.42,-0.81,0,0
10.06,13.39,0,0
8.96,13.31,0,0
-0.71,10.96,0,0
11.67,-1.77,1,0
-0.2,3.12,1,0
13.01,0.61,1,0
11.11,-2.12,0,0
10.83,-1.59,0,0
9.82,12.16,0,0
-3.89,0.61,0,0
13.04,-0.1,1,0
13.04,-2.14,1,0
-4.12,-0.85,0,0
10.15,13.28,0,0
7.87,12.12,0,0
-2.28,3.21,1,0
9.39,-1.07,0,0
8.36,-2.6,0,0
-0.96,7.34,1,0
10.24,8.96,0,0
12.35,-1.28,1,0
10.18,-2.56,0,0
-2.66,0.72,0,0
-2.04,2.53,1,0
9.88,12.27,0,0
-1.09,2.12,1,0
12.06,13.67,1,0
10.07,-1.9,0,0
9.93,-4.3,0,0
9.58,14.3,0,0
-6.61,-0.16,1,0
13.59,9.1,1,0
-1.28,-0.27,0,0
10.74,10.09,1,0
9.82,-2.34,0,0
13.83,-1.92,1,0
11.79,-1.45,0,0
-4.49,0.91,1,0
8.62,-2.73,0,0
13.58,-2.33,1,0
11.81,-2.33,0,0
7.79,14.07,0,0
-3.5,-0.28,0,0
13.19,-2.29,1,0
10.57,9.93,0,0
11.44,11.17,1,0
11.48,-3.82,0,0
11.61,11.64,1,0
-4.92,1.36,1,0
12.13,12.92,1,0
13.28,-0.75,1,0
12.06,-0.81,0,0
-1.49,10.96,0,0
8.73,12.36,0,0
12.61,-0.98,1,0
10.8,13.62,0,0
16.2,8.66,1,0
8.84,-2.01,0,0
-3.23,10.25,0,0
-2.72,0.62,1,0
12.55,1.18,1,0
13.1,-0.11,1,0
11.55,-2.65,0,0
10.16,14.25,0,0
0.05,9.54,1,0
14.16,-1.44,1,0
7.36,13.53,0,0
-2.61,8.83,1,0
-4.42,1.02,1,0
10.44,-1.33,0,0
15.32,-2.54,1,0
13.02,-1.86,0,0
-2.58,7.64,1,0
10.67,12.56,0,0
5.74,13.12,0,1
0.53,9.32,1,0
12.13,-4.72,1,0
-4.19,1.84,1,0
11.16,0.02,1,0
11.79,-1.44,0,0
9.88,12.95,0,0
11.8,-1.01,1,0
11.32,9.36,1,0
-2.34,-0.59,0,0
11.16,-0.51,1,0
-3.63,9.87,0,0
12.23,-2.73,0,0
11.1,13.8,0,0
9.78,13.82,0,0
-2.94,10.37,0,0
10.68,10.69,0,0
11.65,-2.78,0,0
16.9,9.85,1,0
-2.07,9.0,1,0
11.61,12.14,1,0
-2.59,-0.66,0,0
12.42,-1.46,1,0
10.89,-0.37,1,0
13.62,-1.74,1,0
10.28,-2.6,0,0
11.19,-3.31,0,0
-1.8,-1.07,0,0
10.24,12.77,0,0
8.2,-4.0,0,0
9.59,-1.65,0,0
13.99,-1.39,1,0
8.92,-3.11,0,0
-1.39,8.87,1,0
9.12,-2.25,0,0
11.77,-2.83,0,0
12.23,-0.68,1,0
9.42,13.76,0,0
11.63,9.61,1,0
16.22,1.25,1,0
10.83,-3.76,0,0
12.7,8.78,1,0
-3.23,0.07,0,0
-4.27,0.77,1,0
-3.19,1.25,0,0
11.02,-2.96,0,0
9.93,-2.41,0,0
13.05,-0.47,1,0
-3.31,-0.05,1,0
-2.84,0.79,1,0
14.59,-0.7,1,0
12.27,-1.39,0,0
13.48,11.88,1,0
12.91,12.82,1,0
9.11,-4.79,0,0
-3.63,10.66,0,0
9.59,13.01,0,0
-2.93,9.16,1,0
8.46,13.19,0,0
9.35,14.56,0,0
10.36,14.14,0,0
13.12,-2.94,1,0
10.59,-3.69,0,0
-2.61,2.14,1,0
-4.0,9.07,1,0
11.48,-1.68,1,0
8.85,-2.26,0,0
11.02,10.63,1,0
-2.5,-0.4,0,0
-2.33,1.84,1,0
-3.66,9.79,0,0
8.38,-3.97,0,0
-2.88,9.81,0,0
9.7,12.54,0,0
12.81,10.98,1,0
-4.69,-0.0,0,0
10.67,-1.37,0,0
13.12,12.35,1,0
-2.28,-0.22,0,0
-2.73,3.79,1,0
11.48,-2.29,0,0
-2.09,2.96,1,0
-5.12,-0.94,0,0
-3.58,7.45,1,0
13.0,-2.14,1,0
-4.22,-1.39,0,0
11.69,-0.65,1,0
13.76,-1.72,1,0
-1.78,9.81,0,0
12.63,11.43,1,0
12.06,-2.7,1,0
10.63,-4.77,0,0
-1.82,10.36,0,0
9.21,-1.38,0,0
10.46,13.88,0,0
11.51,12.47,0,0
-2.68,8.12,1,0
10.79,-1.08,0,0
-3.94,-0.12,0,0
10.65,-2.11,0,0
11.35,15.16,0,0
8.96,-3.31,0,0
10.45,0.7,1,0
10.85,9.6,1,0
13.63,-2.88,1,0
11.03,15.2,0,0
9.9,-2.08,0,0
9.51,12.67,0,0
10.62,-1.88,0,0
10.02,-2.11,0,0
10.65,11.73,0,0
14.03,-0.42,1,0
12.05,9.69,1,0
9.66,13.95,0,0
8.87,-1.13,0,0
-4.8,0.12,1,0
10.1,12.68,0,0
9.42,-2.48,0,0
12.45,-3.63,1,0
12.03,-0.8,0,0
-3.09,10.68,0,0
11.37,10.8,1,0
-4.32,1.12,1,0
10.63,-3.51,0,0
-2.73,8.21,1,0
8.51,12.96,0,0
-2.91,11.06,0,0
12.81,1.62,1,0
10.08,-2.68,0,0
12.86,-2.94,1,0
10.9,-1.9,0,0
9.45,-1.47,0,0
14.01,-1.67,1,0
-1.06,11.45,0,0
11.84,-1.25,0,0
14.14,-3.67,1,0
10.44,14.62,0,0
10.78,-1.35,0,0
10.68,-2.52,0,0
-4.72,10.95,0,0
9.03,12.16,0,0
-5.19,5.4,1,0
11.22,-3.99,0,0
11.76,-1.48,0,0
-4.62,-0.39,0,0
-2.62,-0.18,1,0
11.47,-1.46,0,0
-4.32,0.8,1,0
10.53,14.91,0,0
12.46,-2.43,0,0
-1.22,11.49,0,0
9.96,-1.88,0,0
8.88,12.49,0,0
11.38,0.02,1,0
-6.22,4.86,1,0
10.82,-6.17,0,0
10.42,-2.06,0,0
13.2,-0.91,0,0
-5.41,7.48,1,0
11.54,-3.86,0,0
10.14,-0.75,0,0
9.97,-1.3,0,0
9.58,13.24,0,0
-0.66,9.07,1,0
-4.19,4.1,1,0
10.86,10.03,1,0
12.89,-1.46,1,0
9.83,12.15,0,0
10.04,-2.69,0,0
-3.66,11.12,0,0
-5.37,1.14,1,0
11.24,15.41,0,0
-2.39,1.49,1,0
11.24,11.11,1,0
11.28,8.86,1,0
15.56,0.67,1,0
-1.6,1.31,0,0
-4.39,-0.34,0,0
11.94,11.23,1,0
10.58,14.08,0,0
-2.0,7.31,1,0
10.76,13.14,0,0
11.1,-3.24,0,0
11.04,11.62,0,0
11.21,9.36,1,0
11.59,-2.8,0,0
11.12,13.23,0,0
12.98,-1.04,1,0
10.07,-1.65,0,0
11.61,11.11,0,0
-3.74,-1.34,0,0
10.53,-1.81,0,0
9.3,13.69,0,0
-4.72,-0.51,1,0
12.45,-2.86,1,0
-1.8,7.07,1,0
-1.18,5.02,1,0
-0.88,2.47,0,0
-3.81,10.48,0,0
10.98,14.55,0,0
10.79,-2.0,0,0
11.79,-1.24,0,0
12.05,13.57,0,0
-4.23,-0.14,0,0
13.79,-1.56,1,0
-2.41,1.47,1,0
9.72,13.73,0,0
10.08,12.25,0,0
-4.36,9.93,0,0
-3.9,0.01,0,0
10.78,11.03,1,0
-3.67,1.42,1,0
9.51,-2.38,0,0
13.48,-2.33,1,0
10.83,-3.71,0,0
15.25,13.08,1,0
10.6,-5.28,0,0
4.29,6.67,0,0
-3.04,5.18,1,0
11.27,-1.96,0,0
10.68,-1.75,0,0
-4.54,12.55,0,0
10.78,-2.92,0,0
11.4,13.01,0,0
-3.67,11.43,0,0
-4.72,0.96,1,0
-4.09,11.13,0,0
12.7,11.83,1,0
9.06,-1.8,0,0
10.06,-1.85,0,0
-3.75,10.23,0,0
12.08,-1.73,0,0
12.81,10.39,1,0
12.01,-2.46,1,0
13.82,-3.18,1,0
9.18,14.75,0,0
13.72,-1.74,1,0
-2.51,1.74,1,0
-3.35,1.07,1,0
12.41,-0.1,1,0
-2.34,7.21,1,0
12.43,-2.37,0,0
11.68,13.69,0,0
-2.34,1.21,1,0
12.55,10.56,1,0
11.74,0.71,1,0
11.32,-3.0,0,0
12.26,14.71,0,0
10.53,12.65,0,0
10.68,13.46,0,0
11.32,14.1,0,0
9.38,-2.99,0,0
11.28,0.13,1,0
-1.0,0.59,1,0
14.01,-1.19,1,0
10.05,-4.81,0,0
-0.79,10.69,0,0
7.66,14.14,0,0
10.89,-1.13,0,0
10.16,11.01,0,0
9.41,-4.24,0,0
8.3,-0.22,0,0
11.52,10.28,1,0
-3.95,-0.68,0,0
12.18,-0.93,0,0
12.83,-1.14,0,0
11.68,13.0,0,0
10.37,-1.69,0,0
9.22,-4.34,0,0
11.43,13.44,0,0
9.89,11.82,0,0
13.71,-2.87,1,0
-3.09,-1.14,0,0
-1.92,0.36,1,0
10.02,13.14,0,0
8.86,12.83,0,0
-5.1,8.03,1,0
9.01,-2.22,0,0
13.4,11.06,1,0
11.76,-3.33,0,0
10.48,-1.42,0,0
-2.82,9.23,1,0
11.85,-4.28,0,0
8.22,13.75,0,0
10.87,-2.42,1,0
11.23,13.23,0,0
10.06,-2.53,0,0
13.81,12.72,1,0
10.71,-1.77,0,0
10.01,16.08,0,0
-3.89,-0.27,0,0
-4.02,3.82,1,0
12.3,-3.03,1,0
14.62,-0.49,1,0
12.28,-0.1,1,0
-2.22,-0.89,0,0
-3.04,0.73,1,0
14.27,0.03,1,0
-1.87,9.6,0,0
15.31,-0.6,1,0
15.68,12.26,1,0
11.86,13.11,1,0
9.69,-1.47,0,0
11.16,12.85,0,0
8.13,-3.06,0,0
13.81,-3.34,1,0
6.48,14.08,0,0
12.34,-2.6,0,0
-1.41,10.82,0,0
11.72,11.54,1,0
12.83,-2.21,1,0
10.69,13.69,0,0
11.59,-2.82,0,0
12.69,12.93,1,0
15.44,13.51,1,0
11.37,12.49,0,0
10.55,-1.51,0,0
-3.47,-1.51,0,0
-2.98,0.64,0,0
-3.68,-0.79,0,0
10.96,-3.41,0,0
-4.88,0.28,0,0
10.99,13.39,0,0
-2.46,1.88,0,0
-3.9,9.86,1,0
-1.95,1.93,1,0
8.57,-1.84,0,0
9.93,-2.02,0,0
13.9,-1.52,1,0
11.53,8.77,1,0
4.23,3.3,0,0
10.02,-2.9,0,0
9.13,-1.9,0,0
-4.63,2.39,1,0
-1.74,9.43,1,0
9.78,-1.29,0,0
12.85,-2.4,0,0
10.16,10.89,0,0
-3.99,10.38,0,0
-4.06,0.54,0,0
10.95,-4.26,0,0
10.93,14.65,0,0
13.4,0.65,1,0
11.97,-2.56,0,0
8.74,-3.82,0,0
10.77,11.31,0,0
9.9,15.46,0,0
-3.04,-0.14,0,0
-1.4,10.84,0,0
-4.28,1.93,1,0
-2.44,1.12,1,0
13.79,-0.72,1,0
7.82,-1.59,0,0
-1.73,10.75,0,0
10.32,12.71,0,0
11.41,-0.99,0,0
-2.85,10.05,0,0
1.1,6.04,0,0
10.26,14.28,0,0
10.72,12.43,0,0
10.54,-1.4,0,0
11.8,-2.3,0,0
-1.76,9.89,0,0
12.71,-0.58,1,0
11.48,13.62,0,0
-1.52,10.12,0,0
11.29,-1.42,0,0
-3.36,-2.58,0,0
8.97,13.29,0,0
7.14,-0.93,0,0
-1.68,10.25,0,0
-2.73,-2.51,0,0
9.57,-2.28,0,0
9.33,-2.57,0,0
-3.04,10.19,0,0
10.41,-3.21,0,0
10.74,11.31,0,0
13.43,10.79,1,0
11.2,14.05,0,0
14.71,-0.21,1,0
12.59,-2.96,0,0
9.25,13.09,0,0
13.67,-2.14,1,0
10.87,-4.62,0,0
10.84,10.34,1,0
11.11,-2.11,0,0
-4.09,1.2,1,0
14.76,9.63,1,0
14.67,-0.2,1,0
11.58,1.09,1,0
13.94,-0.34,1,0
14.45,9.66,1,0
10.8,15.53,0,0
10.16,-0.48,0,0
11.69,-4.01,0,0
-3.51,5.93,1,0
-1.12,1.65,1,0
8.03,13.96,0,0
-2.56,0.21,0,0
15.18,7.98,1,0
8.89,13.28,0,0
-3.8,2.91,1,0
11.64,12.86,0,0
13.68,-1.69,0,0
10.65,-0.38,0,0
-5.6,-1.53,0,0
13.03,-2.16,1,0
11.94,-0.82,1,0
8.9,-3.14,0,0
-3.64,0.63,0,0
9.54,11.46,0,0
11.29,12.83,0,0
-1.79,10.08,0,0
7.45,13.71,0,0
10.18,-2.64,0,0
10.57,12.54,0,0
10.73,-3.92,0,0
11.52,-2.27,0,0
-2.26,9.11,1,0
-2.28,0.14,0,0
-2.26,8.24,1,0
-2.56,1.43,1,0
-4.67,1.89,1,0
10.68,-1.34,1,0
11.85,-1.19,1,0
-1.36,0.5,1,0
13.21,0.43,1,0
13.67,-0.69,0,0
12.9,-1.36,1,0
9.59,-3.16,0,0
9.96,11.6,0,0
12.35,-0.44,0,0
-2.31,4.75,1,0
10.62,-2.22,0,0
10.18,-2.47,0,0
7.99,13.33,0,0
-1.88,8.64,1,0
9.84,15.92,0,0
9.56,-2.54,0,0
11.49,-0.3,1,0
14.83,0.54,1,0
9.72,13.87,0,0
8.13,-3.88,0,0
11.92,-2.74,1,0
-3.88,9.16,0,0
-2.01,2.81,1,0
2.31,4.17,0,0
11.87,-2.96,0,0
8.63,12.52,0,0
12.03,-1.8,1,0
16.62,0.82,1,0
10.55,1.29,0,0
8.24,-1.42,0,0
10.52,-3.84,0,0
13.45,13.22,1,0
8.58,-4.08,0,0
-1.48,7.08,1,0
9.76,12.97,0,0
11.73,11.01,1,0
13.03,11.21,1,0
10.14,-3.88,0,0
10.85,-2.2,0,0
12.89,14.22,0,0
6.99,-3.81,0,0
11.51,-2.03,0,0
10.25,-2.61,0,0
9.88,-0.54,0,0
15.77,-0.66,1,0
12.03,-2.72,1,0
12.02,-2.45,0,0
6.73,13.76,0,0
-3.07,-0.34,0,0
13.99,-1.38,1,0
-3.82,0.7,0,0
14.75,-0.25,1,0
12.92,-2.29,1,0
10.34,10.71,0,0
8.64,13.04,0,0
8.6,12.33,0,0
11.16,10.11,1,0
10.03,11.57,0,0
8.58,-0.54,0,0
-1.13,9.55,0,0
11.45,11.2,1,0
-1.87,8.88,1,0
11.98,-2.74,0,0
11.02,12.52,0,0
10.18,12.32,0,0
-1.36,10.79,0,0
-3.15,3.41,1,0
9.59,11.9,0,0
12.73,-0.58,1,0
11.21,-1.23,1,0
-3.65,-0.61,0,0
13.37,11.37,1,0
10.49,-0.91,0,0
12.49,-2.18,0,0
12.79,13.8,1,0
14.06,-1.25,1,0
9.34,12.67,0,0
11.51,-3.38,0,0
-3.3,1.19,1,0
9.4,12.07,0,0
1.67,4.49,0,0
14.59,-1.41,1,0
11.88,-1.67,1,0
-0.49,11.07,0,0
11.55,12.77,0,0
10.87,-3.97,0,0
-2.96,-1.24,0,0
-4.57,0.86,1,0
11.42,-3.11,0,0
12.75,-1.19,1,0
10.62,-3.46,0,0
-2.22,9.61,0,0
12.36,-2.84,0,0
13.35,9.73,1,0
11.86,12.68,0,0
-4.17,-0.96,0,0
14.14,-1.89,1,0
12.53,-2.65,1,0
6.86,3.36,0,0
-2.36,2.27,1,0
-3.11,1.19,1,0
11.87,10.64,1,0
-4.21,1.23,1,0
13.93,-1.94,1,0
13.39,-0.53,1,0
10.13,14.58,0,0
14.82,-0.93,1,0
11.11,11.54,1,0
10.15,12.59,0,0
12.14,12.81,1,0
11.34,-2.36,0,0
-5.11,2.77,1,0
11.74,10.67,1,0
12.75,-1.59,0,0
11.15,-3.36,0,0
-1.44,10.33,0,0
11.04,11.28,1,0
9.07,-2.31,0,0
-2.07,-0.22,0,0
8.96,-1.77,0,0
11.93,-3.82,1,0
5.01,3.91,0,0
10.62,0.18,1,0
-1.6,10.66,0,0
11.42,-1.62,0,0
10.37,12.69,0,0
10.67,-3.71,0,0
9.64,-3.36,0,0
12.87,-1.22,0,0
11.32,11.93,0,0
11.15,-1.85,0,0
-2.95,0.48,0,0
-4.88,8.46,1,0
-0.26,11.69,0,0
11.11,-1.41,0,0
10.62,12.04,0,0
8.27,-2.7,0,0
11.57,13.36,0,0
7.86,12.7,0,0
10.65,14.29,0,0
-2.77,-1.16,0,0
15.95,-0.04,1,0
-2.21,9.62,0,0
13.7,9.12,1,0
9.41,12.49,0,0
-2.82,0.89,0,0
10.91,-1.49,0,0
11.49,-2.45,0,0
-1.6,9.25,1,0
9.77,-2.1,0,0
12.87,-0.83,1,0
10.03,-1.75,0,0
9.35,-3.14,0,0
-4.09,2.12,1,0
-4.26,7.23,1,0
8.37,-1.83,0,0
-5.47,1.56,1,0
12.52,-1.42,1,0
10.68,12.99,0,0
-3.55,1.31,1,0
11.37,-0.62,1,0
-4.45,0.53,1,0
-4.11,0.89,0,0
11.15,-2.19,0,0
7.56,12.27,0,0
7.72,14.33,0,0
13.56,-0.09,1,0
13.07,-2.15,1,0
12.85,-3.59,1,0
-4.11,1.77,1,0
8.02,0.89,1,0
7.23,12.85,0,0
11.6,12.45,0,0
-4.17,-0.91,0,0
11.53,11.6,0,0
-1.25,8.87,1,0
12.56,-3.16,1,0
13.56,-1.07,1,0
11.87,-1.59,0,0
9.9,-2.11,0,0
-3.84,2.3,1,0
12.38,-1.21,0,0
12.87,-0.67,1,0
13.37,-2.11,1,0
7.82,12.57,0,0
12.37,10.47,1,0
11.45,12.3,1,0
-5.06,8.84,1,0
11.45,-2.61,0,0
-4.72,0.32,0,0
5.77,3.68,0,0
-3.65,11.59,0,0
13.93,0.01,1,0
12.46,-3.06,1,0
-4.8,3.36,1,0
10.61,12.95,0,0
11.63,13.6,0,0
10.36,-4.09,0,0
10.71,-2.03,0,0
11.48,-1.32,0,0
-3.6,0.88,1,0
11.16,-3.69,0,0
11.64,-1.92,0,0
9.39,12.91,0,0
-5.6,0.55,1,0
15.14,-1.87,1,0
10.46,-2.63,0,0
13.41,-1.71,1,0
12.52,9.92,1,0
-5.86,1.14,1,0
9.79,-2.16,0,0
12.4,-1.45,1,0
11.74,12.44,1,0
-2.6,10.65,0,0
11.36,-2.36,0,0
-4.71,1.74,1,0
13.06,9.08,1,0
-4.17,0.39,0,0
11.88,-3.45,0,0
-2.63,-0.43,0,0
12.38,-3.54,0,0
11.28,15.0,0,0
10.08,-0.36,1,0
10.26,15.14,0,0
-2.75,1.76,1,0
-3.9,0.31,0,0
12.26,-0.97,0,0
-4.57,-0.75,0,0
-4.57,2.27,1,0
-3.28,10.65,0,0
8.76,12.12,0,0
1.87,8.47,0,1
14.08,8.85,1,0
10.72,-1.14,1,0
12.98,-0.74,1,0
13.62,-0.02,1,0
-4.59,0.73,1,0
-4.13,8.01,1,0
9.11,-2.13,0,0
9.91,-2.57,0,0
14.37,-1.13,1,0
-2.57,3.39,1,0
13.7,-1.46,1,0
11.84,13.38,0,0
12.45,12.09,1,0
10.59,-1.28,0,0
-2.43,1.8,1,0
11.32,-2.73,0,0
10.23,-1.47,0,0
8.74,12.25,0,0
11.9,11.67,1,0
-3.16,0.02,0,0
11.5,10.99,1,0
-3.69,-1.3,0,0
15.05,8.56,1,0
12.87,-2.49,1,0
-4.83,-0.08,0,0
-4.97,3.14,1,0
11.07,10.74,1,0
-3.47,-0.33,0,0
-1.63,9.35,1,0
-3.97,0.5,0,0
-1.86,9.31,1,0
-4.15,1.15,1,0
-1.02,7.4,1,0
11.11,12.96,0,0
11.9,-1.54,0,0
8.68,12.84,0,0
11.23,13.11,0,0
11.73,12.16,1,0
6.01,6.01,0,0
7.38,14.63,0,0
10.11,-1.21,0,0
10.81,11.49,1,0
11.36,-1.82,0,0
11.5,-3.05,0,0
9.79,8.58,1,0
13.43,-0.4,1,0
-2.15,0.85,0,0
10.81,-1.44,0,0
9.68,-2.71,0,0
11.81,12.88,1,0
10.37,13.31,0,0
-4.65,-1.35,0,0
-5.73,-0.75,0,0
9.3,-2.71,0,0
12.35,10.93,1,0
10.7,-3.04,0,0
11.18,-3.7,0,0
-3.45,2.14,1,0
12.5,13.31,1,0
11.22,13.56,0,0
11.64,-1.4,0,0
10.18,0.27,1,0
10.22,14.61,0,0
12.23,12.49,1,0
10.67,-2.58,0,0
11.36,-4.88,0,0
10.51,-3.2,0,0
-5.06,7.61,1,0
-1.63,10.35,0,0
-3.53,11.04,0,0
9.98,15.86,0,0
11.93,11.85,1,0
10.0,-1.49,0,0
10.15,11.74,0,0
8.51,14.12,0,0
10.08,14.91,0,0
11.09,-1.15,0,0
9.67,13.33,0,0
12.49,-1.07,1,0
-3.81,11.36,0,0
13.06,-1.05,1,0
13.03,11.53,1,0
9.13,12.92,0,0
11.59,-2.75,0,0
-3.65,-1.57,0,0
14.74,2.12,1,0
-2.1,9.24,1,0
11.12,-2.07,0,0
12.05,-3.05,0,0
15.39,-0.19,1,0
-5.66,4.78,1,0
8.84,12.71,0,0
-4.0,4.64,1,0
15.1,0.24,1,0
13.42,11.39,1,0
12.25,-1.39,0,0
11.33,-3.07,0,0
13.31,-1.68,1,0
10.41,-1.42,0,0
12.36,1.71,1,0
9.13,-2.4,0,0
11.22,-2.0,0,0
10.87,13.88,0,0
10.21,14.4,0,0
-4.18,0.65,0,0
12.11,-1.67,0,0
-4.05,0.16,1,0
14.65,-1.09,1,0
10.61,13.0,0,0
11.24,14.53,0,0
13.86,-1.98,1,0
10.97,-1.04,0,0
5.06,3.95,0,0
-1.35,6.81,1,0
12.1,-2.83,1,0
13.14,14.18,0,0
11.8,-3.51,1,0
-4.4,10.53,0,0
9.44,12.69,0,0
11.77,-0.79,0,0
11.2,-2.04,0,0
11.89,-3.03,0,0
-4.86,-0.9,0,0
8.0,-0.9,1,0
-1.32,9.95,1,0
12.85,-2.36,1,0
10.15,-3.3,0,0
11.19,-2.16,0,0
13.06,-2.5,1,0
-1.78,10.2,0,0
13.14,-2.0,0,0
-4.9,9.04,1,0
9.97,-2.98,0,0
10.48,-1.29,1,0
8.23,12.92,0,0
10.32,-0.8,1,0
9.41,-1.49,0,0
9.92,13.01,0,0
-5.74,3.82,1,0
10.33,-1.9,0,0
15.69,9.92,1,0
13.14,-1.61,1,0
12.72,-2.35,0,0
13.37,-1.97,0,0
-1.86,-0.37,0,0
9.79,-2.79,0,0
-4.3,0.85,1,0
-1.32,10.4,0,0
13.57,0.22,1,0
10.74,-1.65,0,0
-2.83,10.09,0,0
-4.04,-1.03,0,0
-3.07,0.16,0,0
15.37,8.79,1,0
-3.83,2.52,1,0
-3.31,-0.35,0,0
11.28,-1.07,0,0
-3.08,9.2,1,0
8.49,-1.39,0,0
9.77,14.27,0,0
-2.0,0.45,0,0
12.5,-2.46,0,0
12.92,-4.5,1,0
-4.76,-0.82,0,0
10.21,-1.47,0,0
10.97,11.51,1,0
13.6,-3.0,1,0
12.55,-2.86,1,0
12.91,11.76,1,0
-2.57,0.62,0,0
-1.11,9.88,0,0
-2.0,8.58,1,0
13.61,-1.65,1,0
9.18,13.87,0,0
13.28,0.42,1,0
-3.04,9.73,1,0
13.93,-1.3,1,0
11.81,-0.75,0,0
-4.0,1.75,1,0
13.46,13.04,1,0
-4.21,9.24,1,0
-4.55,4.02,1,0
-3.2,-1.08,0,0
-4.63,-0.73,1,0
16.58,-0.67,1,0
1.49,5.29,0,0
11.89,-3.54,0,0
10.75,-0.92,0,0
9.32,14.81,0,0
-0.94,10.3,1,0
11.06,-3.77,0,0
9.84,13.59,0,0
12.48,-2.01,0,0
12.26,-1.68,1,0
8.27,-2.84,0,0
12.39,-1.19,1,0
12.03,10.54,1,0
10.88,-3.05,0,0
11.61,-2.71,0,0
11.25,-2.58,0,0
-2.67,10.59,0,0
-3.64,6.98,1,0
-1.58,0.06,0,0
12.09,13.27,0,0
-2.32,-0.48,0,0
16.58,0.03,1,0
10.39,-3.5,0,0
10.25,-2.46,0,0
-4.76,2.55,1,0
11.27,9.45,1,0
-2.37,-0.33,0,0
11.55,13.3,0,0
10.19,-3.51,0,0
-2.34,10.54,0,0
-3.88,-0.59,0,0
-2.25,-1.3,0,0
8.85,13.79,0,0
11.21,-0.96,0,0
11.53,-0.09,1,0
-1.4,10.33,1,0
15.76,12.07,1,0
10.93,-2.47,0,0
9.18,13.29,0,0
-4.51,9.31,0,0
9.1,-1.26,0,0
11.91,-2.61,0,0
11.65,8.55,1,0
11.8,-4.3,0,0
17.13,9.76,1,0
8.82,13.68,0,0
-3.36,11.59,0,0
-1.96,9.36,1,0
11.85,-1.03,1,0
10.67,-1.3,0,0
9.12,-2.63,0,0
-4.37,5.18,1,0
16.53,10.08,1,0
9.6,14.78,0,0
-4.97,1.79,1,0
14.45,-1.24,1,0
15.38,0.08,1,0
12.31,-0.68,1,0
10.7,13.72,0,0
16.03,-0.65,1,0
10.9,13.2,0,0
11.05,-4.1,0,0
5.67,3.49,0,0
14.93,-0.62,1,0
-4.77,1.98,1,0
9.02,11.83,0,0
9.46,14.97,0,0
9.26,12.98,0,0
-3.01,1.88,1,0
-4.49,2.62,1,0
11.12,13.67,0,0
13.92,1.76,1,0
-3.71,10.54,0,0
12.4,-2.5,0,0
8.73,12.5,0,0
11.64,-2.65,0,0
-2.59,10.67,0,0
-1.0,7.69,1,0
14.72,-0.31,1,0
11.15,13.71,0,0
10.56,-3.69,0,0
8.36,12.52,0,0
10.41,11.86,0,0
10.41,14.17,0,0
12.81,-1.5,1,0
-0.06,0.01,0,0
12.74,14.16,0,0
11.7,-0.47,0,0
11.55,10.88,1,0
-2.64,10.54,0,0
-3.87,3.08,1,0
10.94,-4.05,0,0
10.09,-2.38,0,0
10.71,-2.05,0,0
10.61,-1.19,0,0
11.1,14.1,0,0
10.9,-1.73,0,0
6.57,3.31,0,0
11.34,-0.57,0,0
12.39,12.32,1,0
10.08,13.78,0,0
10.98,-1.58,0,0
-4.1,7.94,1,0
11.46,-3.49,0,0
13.93,-0.68,1,0
12.42,12.45,1,0
11.01,-1.25,0,0
10.44,-2.12,0,0
-2.24,2.29,1,0
-2.21,1.19,1,0
12.37,13.39,1,0
-0.26,9.04,1,0
-4.83,0.73,1,0
9.2,-2.33,0,0
9.28,14.46,0,0
9.97,11.92,0,0
10.69,-4.85,0,0
13.07,9.25,1,0
-1.08,1.47,0,0
11.87,-2.72,0,0
-4.36,-0.6,1,0
9.86,-2.74,0,0
6.53,5.28,0,0
14.21,0.27,1,0
10.35,-4.05,0,0
-4.35,10.75,0,0
8.48,14.02,0,0
9.59,-2.72,0,0
11.14,14.82,0,0
12.98,-3.21,1,0
11.81,13.08,1,0
12.13,12.28,0,0
12.89,0.01,1,0
11.67,-1.87,0,0
10.53,13.53,0,0
-2.82,-0.04,0,0
10.93,11.35,1,0
13.9,-0.25,1,0
9.97,-3.94,0,0
12.84,-0.84,1,0
-2.78,-1.1,0,0
-2.39,10.59,0,0
-3.73,11.31,0,0
-1.96,2.36,0,0
10.7,-5.43,0,0
9.81,13.59,0,0
11.85,11.72,1,0
8.69,-3.08,0,0
10.34,-2.74,0,0
12.54,13.92,0,0
5.18,3.23,0,0
10.56,-1.54,0,0
11.31,13.25,0,0
11.74,-3.56,0,0
11.14,-1.52,0,0
12.69,-2.42,0,0
9.8,12.43,0,0
-3.93,-0.65,0,0
-2.2,8.79,1,0
-1.96,11.04,1,0
10.27,-2.36,0,0
15.34,-0.66,1,0
10.73,-1.74,0,0
9.34,12.13,0,0
11.67,-2.96,0,0
12.62,-1.65,0,0
13.39,-1.9,1,0
12.61,-3.14,1,0
-4.12,10.22,0,0
8.13,-2.01,0,0
-2.93,10.95,0,0
16.11,-0.21,1,0
12.73,-1.98,1,0
12.3,10.74,1,0
10.54,11.16,0,0
8.15,12.26,0,0
10.39,-1.53,0,0
8.19,-4.16,0,0
12.64,-0.54,1,0
9.49,-2.3,0,0
10.02,-2.78,0,0
-1.57,10.73,0,0
12.36,11.86,1,0
-1.65,10.58,0,0
10.22,14.43,0,0
-3.7,-0.03,0,0
13.47,-1.17,1,0
10.77,-1.66,0,0
-3.21,10.88,0,0
9.51,12.83,0,0
11.13,13.38,0,0
-2.18,1.28,1,0
11.21,-1.91,0,0
-3.62,2.03,0,0
12.66,11.96,1,0
12.99,9.77,1,0
-4.3,0.41,1,0
14.87,-2.17,1,0
9.67,11.0,0,0
-1.53,6.78,1,0
13.4,-0.31,1,0
11.48,-3.03,0,0
10.2,-3.11,0,0
10.97,-2.0,0,0
-3.98,-0.41,0,0
-2.96,2.39,1,0
10.93,-2.13,0,0
10.61,-1.6,0,0
-1.84,0.48,1,0
-4.01,1.29,1,0
-4.15,1.35,1,0
12.99,-0.2,1,0
10.59,-1.88,0,0
9.77,14.75,0,0
-3.45,-1.05,1,0
11.93,-2.48,0,0
10.19,-3.57,0,0
8.0,13.23,0,0
11.9,-1.6,0,0
11.05,14.48,0,0
7.9,-0.93,0,0
12.99,-2.04,1,0
-2.65,9.68,1,0
11.11,-2.15,0,0
12.17,-0.63,0,0
-4.27,4.72,1,0
9.52,11.73,0,0
14.01,-1.69,1,0
-2.31,11.88,0,0
-1.29,10.97,0,0
13.56,-3.09,1,0
10.51,-2.0,0,0
6.44,13.76,0,0
10.17,-2.13,0,0
12.72,0.11,1,0
-3.24,-3.92,0,1
9.89,13.18,0,0
-6.97,3.19,1,0
-1.13,-1.65,0,0
14.34,1.14,1,0
10.78,11.91,0,0
13.11,11.97,1,0
-2.94,8.35,1,0
14.48,9.62,1,0
11.82,0.18,1,0
12.02,-2.36,0,0
11.68,-1.55,0,0
13.4,-2.6,1,0
10.73,-1.54,1,0
-2.98,-0.11,0,0
9.13,-1.98,0,0
10.56,13.74,0,0
-4.73,0.68,1,0
-2.2,0.54,0,0
-4.03,-0.34,0,0
-4.26,11.6,1,0
-0.62,10.52,1,0
12.98,-2.37,1,0
11.97,-3.11,0,0
8.73,-1.8,0,0
-4.92,3.2,1,0
-3.96,0.81,1,0
11.05,12.32,0,0
12.63,-0.74,1,0
14.91,12.1,1,0
9.05,-1.7,0,0
14.74,-0.27,1,0
9.84,-2.74,0,0
-2.23,-0.49,0,0
11.92,-1.41,0,0
-2.79,0.09,0,0
-4.05,-1.34,0,0
11.44,-2.92,0,0
11.35,12.45,0,0
10.98,-1.37,0,0
10.32,13.41,0,0
-3.35,0.41,0,0
11.22,-1.58,0,0
11.37,14.81,0,0
-3.11,0.22,1,0
11.67,-1.14,0,0
-3.87,10.58,0,0
-3.35,-1.42,0,0
-4.91,-0.75,0,0
12.61,-1.91,0,0
11.4,12.35,0,0
-2.18,-0.07,0,0
-2.94,9.71,1,0
-4.44,1.92,1,0
13.35,-0.82,1,0
12.29,-0.86,1,0
10.52,-4.05,0,0
10.32,-2.6,0,0
14.31,12.87,1,0
11.43,-0.25,1,0
11.58,12.49,0,0
12.09,-2.34,0,0
-3.94,-0.14,0,0
10.02,13.36,0,0
-2.06,10.96,1,0
10.94,9.56,1,0
-1.93,9.31,1,0
9.93,13.7,0,0
10.54,-3.56,0,0
9.38,-3.17,0,0
10.0,12.13,0,0
-3.1,6.46,1,0
7.76,6.22,0,1
9.9,11.94,0,0
7.99,12.65,0,0
11.83,-2.33,0,0
14.65,0.24,1,0
12.74,13.39,1,0
5.95,3.55,0,0
11.47,13.52,0,0
10.51,9.99,1,0
12.15,-2.79,0,0
9.56,-1.89,0,0
8.79,-1.91,0,0
-2.89,-0.55,1,0
11.32,-3.36,0,0
-3.7,9.39,1,0
-3.73,-0.81,0,0
10.71,-1.2,0,0
10.91,-0.87,0,0
11.71,12.63,1,0
-3.79,0.0,0,0
11.58,-1.02,0,0
15.96,-1.08,1,0
11.88,-1.13,0,0
16.08,-2.16,1,0
11.76,9.82,1,0
11.46,13.18,1,0
12.36,-4.25,0,0
8.68,13.0,0,0
11.93,-2.72,0,0
-1.66,9.73,0,0
-3.27,1.21,1,0
-2.28,8.9,1,0
9.71,15.2,0,0
10.93,-3.69,0,0
13.53,-3.05,1,0
10.89,-4.57,0,0
-3.47,11.0,0,0
13.31,-2.27,1,0
-2.18,-0.13,0,0
11.23,-0.1,1,0
10.19,-2.28,0,0
-3.8,0.65,0,0
-1.79,8.81,1,0
9.78,12.03,0,0
11.14,-2.07,0,0
-3.29,1.01,1,0
13.37,-2.01,1,0
9.75,-2.72,0,0
12.33,-2.93,1,0
-2.48,0.39,0,0
-2.42,-0.52,0,0
8.8,12.02,0,0
11.3,-3.83,0,0
9.27,13.02,0,0
7.89,13.35,0,0
10.48,-1.6,0,0
9.77,-3.77,0,0
-3.92,-0.26,0,0
-2.23,0.09,0,0
7.99,13.0,0,0
11.19,-2.24,0,0
11.56,-3.08,0,0
12.35,12.28,1,0
10.22,-3.5,0,0
-2.14,9.48,1,0
9.76,-2.65,0,0
9.99,13.29,0,0
9.7,13.52,0,0
12.42,0.18,1,0
10.77,0.49,0,0
-3.76,1.13,1,0
11.07,-1.93,0,0
10.51,13.35,0,0
12.28,-1.04,1,0
-1.92,1.76,1,0
10.0,12.51,0,0
11.9,-2.78,0,0
-4.51,1.46,1,0
9.11,13.16,0,0
-1.8,-1.51,0,0
12.67,-2.27,0,0
12.0,11.17,1,0
11.17,12.49,0,0
13.75,14.24,1,0
-1.77,10.3,0,0
-2.93,0.65,0,0
-1.8,6.01,1,0
-3.85,9.76,1,0
11.16,-2.04,0,0
10.75,13.74,0,0
-4.67,0.72,1,0
12.32,13.91,1,0
13.97,-0.18,1,0
-2.66,2.03,1,0
9.21,-2.01,0,0
12.3,-3.34,1,0
-3.04,10.3,0,0
12.39,-3.24,1,0
11.92,11.97,0,0
-3.03,4.3,1,0
14.6,-1.28,1,0
-5.25,11.02,0,0
-3.64,10.44,0,0
11.72,-3.27,0,0
9.89,13.64,0,0
11.35,-1.93,0,0
-2.45,8.29,1,0
-3.1,8.26,1,0
-4.14,10.89,0,0
9.42,13.88,0,0
10.04,9.97,1,0
10.89,13.89,0,0
11.89,-1.79,1,0
14.73,-0.2,1,0
10.43,12.9,0,0
9.48,-2.51,0,0
9.37,13.16,0,0
9.71,-1.78,0,0
13.42,-1.75,1,0
12.32,9.79,1,0
-3.37,10.62,1,0
10.42,-1.94,0,0
10.64,-3.58,0,0
11.89,-2.14,1,0
9.13,12.96,0,0
10.12,-2.99,0,0
-2.48,-0.25,0,0
11.39,-3.38,0,0
10.91,-1.22,0,0
12.51,-1.27,1,0
-2.05,1.31,1,0
-5.53,2.88,1,0
-3.88,0.82,0,0
12.94,-2.82,1,0
12.89,9.74,1,0
14.4,-2.95,1,0
11.18,10.99,1,0
11.81,12.96,0,0
-4.14,12.01,0,0
13.22,-0.42,1,0
11.1,14.16,0,0
14.9,-0.69,1,0
9.65,-2.06,0,0
12.47,-1.65,1,0
9.55,-2.09,0,0
10.73,-2.25,0,0
4.83,3.83,0,0
10.34,13.32,0,0
11.58,-1.91,0,0
14.04,-1.36,1,0
-4.46,3.28,1,0
-3.91,0.56,0,0
9.5,14.4,0,0
-6.04,1.56,1,0
10.86,-1.9,0,0
12.66,9.88,1,0
11.6,-0.89,0,0
12.44,-3.32,1,0
9.93,-2.18,0,0
11.81,11.92,1,0
6.35,6.32,0,0
10.46,-3.21,0,0
9.52,-1.5,0,0
8.29,12.42,0,0
12.51,10.86,1,0
12.8,0.12,1,0
11.01,-4.02,0,0
9.71,-2.89,0,0
-4.19,3.12,1,0
10.8,-3.72,0,0
9.56,-2.42,0,0
14.55,10.8,1,0
8.87,14.25,0,0
14.32,-1.05,1,0
12.0,11.11,1,0
-2.44,9.32,0,0
15.7,-1.2,1,0
12.07,-2.96,0,0
9.8,13.02,0,0
-4.61,0.08,1,0
-2.38,-2.44,0,0
10.48,-3.65,0,0
12.79,-0.42,1,0
9.64,-3.47,0,0
12.3,-0.0,1,0
9.35,11.69,0,0
14.71,-2.3,1,0
10.56,14.18,0,0
10.9,-1.53,0,0
9.34,-3.26,0,0
9.45,13.23,0,0
-0.81,5.92,1,0
13.14,10.57,1,0
10.46,-3.59,0,0
10.58,-4.18,0,0
11.3,-0.16,1,0
10.97,-3.31,0,0
12.28,-1.5,1,0
12.24,-0.69,1,0
10.43,11.97,0,0
-3.08,4.49,1,0
-1.9,8.85,1,0
9.02,12.89,0,0
10.74,-1.35,0,0
9.2,-2.46,0,0
11.94,-3.77,0,0
-4.14,4.32,1,0
-2.16,10.58,1,0
18.87,1.54,1,1
10.14,15.1,0,0
8.97,13.18,0,0
12.37,-1.28,1,0
12.19,12.43,1,0
11.73,-1.16,0,0
11.0,13.79,0,0
11.49,9.9,1,0
14.42,0.04,1,0
-3.88,11.69,0,0
-4.51,0.46,0,0
10.29,12.79,0,0
10.81,-0.8,0,0
8.79,-2.59,0,0
10.64,11.96,0,0
-3.44,9.93,0,0
10.4,13.91,0,0
10.3,15.42,0,0
9.43,-1.39,0,0
-3.83,0.12,0,0
10.46,14.45,0,0
9.67,-2.14,0,0
9.99,-3.93,0,0
-3.99,-0.97,0,0
11.0,-3.58,0,0
-1.48,1.67,1,0
10.9,-1.1,0,0
-3.61,-0.11,0,0
11.43,12.9,0,0
9.33,13.23,0,0
10.56,-1.78,0,0
11.53,13.32,1,0
12.14,-2.46,0,0
-2.97,0.84,1,0
14.69,-0.48,1,0
-3.57,-0.28,0,0
-2.91,2.03,1,0
12.64,-3.58,1,0
10.4,-3.45,0,0
7.11,13.63,0,0
11.03,-2.06,0,0
-1.89,9.4,1,0
10.29,14.85,0,0
-3.83,0.12,0,0
9.72,-1.72,0,0
8.17,13.65,0,0
12.17,12.99,1,0
10.91,10.43,1,0
-3.15,11.11,0,0
12.63,-2.79,1,0
11.85,-3.67,0,0
13.18,-0.88,1,0
-2.14,0.03,0,0
11.74,-2.76,0,0
10.71,10.05,1,0
11.43,9.75,1,0
11.36,-1.47,0,0
11.33,12.94,0,0
-4.33,0.34,0,0
-3.08,10.51,0,0
12.55,12.17,1,0
-3.89,-0.42,0,0
10.66,13.9,0,0
12.68,-2.31,1,0
10.09,10.98,0,0
-2.7,8.47,1,0
-1.82,10.01,0,0
10.93,-1.95,0,0
-3.36,-0.46,0,0
-5.14,0.18,1,0
11.07,13.75,0,0
13.67,10.6,1,0
11.62,-2.07,1,0
11.75,-0.93,0,0
15.02,-1.6,1,0
-2.94,-0.39,0,0
10.51,12.22,0,0
12.34,-2.38,1,0
-0.84,2.23,1,0
-5.66,2.83,1,0
10.21,12.27,0,0
12.52,-2.28,0,0
-4.13,1.37,1,0
-2.29,1.57,1,0
9.94,-0.73,0,0
12.92,-3.42,1,0
-3.0,0.43,1,0
12.6,-1.21,1,0
11.61,13.79,0,0
13.35,11.91,1,0
-1.17,10.75,0,0
12.73,-2.38,0,0
9.94,-1.99,0,0
14.66,10.3,1,0
10.63,14.58,0,0
-2.35,0.11,0,0
-3.05,0.82,1,0
-5.35,0.81,1,0
13.7,-1.64,1,0
12.5,-1.33,1,0
10.15,-1.69,0,0
12.49,-0.49,0,0
9.85,12.24,0,0
9.71,12.21,0,0
10.75,-3.13,0,0
9.54,-2.21,0,0
10.63,11.82,0,0
10.64,-3.71,0,0
12.94,-4.11,1,0
10.57,-3.16,0,0
13.91,-1.75,1,0
-3.11,0.3,0,0
-4.94,0.6,1,0
-4.61,1.31,1,0
10.27,-0.99,0,0
-2.67,-0.09,0,0
11.38,-2.89,0,0
9.15,12.4,0,0
10.79,-1.65,0,0
9.85,12.18,0,0
13.42,8.92,1,0
12.5,11.59,1,0
10.16,-3.47,0,0
8.24,13.4,0,0
11.56,12.81,0,0
9.58,12.33,0,0
10.55,14.53,0,0
13.28,-1.9,0,0
11.5,13.4,0,0
11.65,12.82,0,0
15.57,0.62,1,0
5.09,4.45,0,0
-2.98,-0.12,0,0
11.88,-0.07,1,0
8.39,12.83,0,0
11.66,-2.73,0,0
8.83,12.23,0,0
11.83,-5.01,0,0
-5.15,0.94,1,0
10.63,-1.78,0,0
12.49,-0.82,0,0
-4.78,-0.42,0,0
-4.5,2.85,1,0
13.92,1.23,1,0
9.34,-3.08,0,0
0.49,10.61,0,0
8.49,12.91,0,0
11.94,-2.68,0,0
12.43,-3.56,0,0
-1.69,10.42,0,0
-3.23,8.95,1,0
9.99,12.16,0,0
-2.94,0.66,0,0
12.47,-1.31,1,0
-1.89,9.3,1,0
13.82,10.19,1,0
11.1,-2.52,0,0
-1.78,1.85,1,0
9.35,-4.04,0,0
10.36,12.07,0,0
-4.05,5.13,1,0
9.62,12.73,0,0
9.75,13.75,0,0
0.83,5.84,0,0
11.47,-0.38,1,0
8.87,12.65,0,0
8.73,-2.32,0,0
-3.95,1.05,0,0
10.97,10.39,0,0
10.64,-4.2,0,0
14.15,13.26,1,0
9.34,-1.06,0,0
14.53,9.94,1,0
5.75,3.14,0,0
10.56,13.86,0,0
11.97,-1.6,0,0
12.12,-0.59,1,0
13.81,-3.07,1,0
12.45,10.05,0,0
-2.13,0.42,0,0
13.18,-0.74,1,0
14.68,-1.81,1,0
2.91,2.22,0,1
8.39,13.42,0,0
12.33,-2.55,0,0
10.12,-1.62,0,0
4.7,3.34,0,0
9.85,11.78,0,0
12.31,0.64,1,0
9.43,-1.32,0,0
13.41,12.28,1,0
12.18,-1.5,0,0
-4.49,11.83,0,0
11.56,12.65,0,0
14.37,-0.1,1,0
11.23,-1.85,0,0
12.48,-1.95,1,0
11.5,-3.08,0,0
11.51,13.81,0,0
-1.42,8.89,1,0
-5.1,0.48,1,0
9.63,-4.05,0,0
-2.29,12.92,0,0
12.38,-2.55,0,0
9.12,11.46,0,0
-5.06,-0.63,0,0
13.06,-1.53,1,0
10.85,12.98,0,0
2.27,2.98,0,0
12.55,10.37,1,0
-1.88,10.14,0,0
11.07,15.34,0,0
12.06,-1.16,0,0
6.73,7.55,0,1
-1.99,9.36,0,0
13.69,-2.85,1,0
-2.48,0.04,0,0
-3.15,-0.98,0,0
10.71,-1.77,0,0
14.24,14.03,1,0
13.05,-0.23,1,0
14.67,0.13,1,0
11.47,-3.1,0,0
16.25,10.07,1,0
-1.9,9.77,0,0
10.51,-5.42,0,0
9.21,12.34,0,0
-5.03,0.54,1,0
6.84,-3.87,0,0
-2.13,9.03,1,0
13.87,2.49,1,0
12.4,-2.82,1,0
11.75,13.46,0,0
-3.41,11.45,0,0
12.99,-0.78,1,0
8.09,12.31,0,0
9.73,13.34,0,0
13.53,9.51,1,0
11.02,13.25,0,0
-2.55,-0.51,0,0
-3.26,10.41,0,0
10.16,13.73,0,0
10.46,-1.5,0,0
11.26,-3.47,0,0
10.1,-2.39,0,0
-4.45,-0.74,0,0
13.55,-0.34,1,0
11.49,-3.41,0,0
-4.14,0.44,0,0
13.84,-2.13,1,0
-4.22,0.62,1,0
-0.61,8.44,1,0
10.51,14.21,0,0
7.45,-3.44,0,0
11.68,-2.49,0,0
12.07,10.53,1,0
-2.45,0.92,0,0
10.52,-2.79,0,0
-4.34,2.86,1,0
-2.28,3.23,1,0
9.35,13.01,0,0
-3.6,9.76,1,0
12.35,11.44,1,0
13.7,-0.06,1,0
-2.5,7.34,1,0
11.48,12.51,0,0
11.95,-0.44,1,0
9.1,12.95,0,0
8.95,-3.2,0,0
10.97,-2.07,0,0
-5.06,1.76,1,0
12.9,-2.84,1,0
13.45,-0.19,1,0
10.44,-0.98,0,0
11.27,12.76,0,0
-4.49,7.33,1,0
-3.84,-0.88,0,0
9.78,14.07,0,0
12.5,-1.28,1,0
-2.46,10.23,0,0
9.31,-3.09,0,0
-3.23,8.27,0,0
-1.02,9.0,1,0
-4.23,1.35,1,0
-2.75,2.89,1,0
9.4,12.95,0,0
10.67,-1.78,0,0
11.68,13.0,1,0
10.82,14.72,0,0
12.03,-0.94,1,0
11.77,-3.49,0,0
8.64,-4.32,0,0
11.34,-1.19,1,0
10.59,-4.54,0,0
10.67,-3.62,0,0
11.28,-1.25,0,0
9.21,-3.56,0,0
12.75,-2.38,0,0
-3.05,10.34,0,0
-5.01,3.51,1,0
12.17,12.44,0,0
10.81,11.17,0,0
11.28,15.83,1,0
15.06,11.38,1,0
9.08,12.2,0,0
12.75,-0.61,1,0
-2.94,9.04,0,0
11.51,13.48,0,0
-1.37,8.4,1,0
11.51,-2.6,0,0
-1.65,9.72,1,0
15.96,-0.32,1,0
11.3,-3.58,0,0
10.5,-4.02,0,0
9.4,14.15,0,0
11.12,-2.09,0,0
12.91,-0.4,1,0
12.49,12.28,1,0
12.04,11.56,1,0
10.82,13.14,0,0
-1.49,10.35,0,0
9.62,12.48,0,0
12.5,-2.44,0,0
-4.12,-0.96,0,0
12.95,11.66,1,0
11.7,-3.13,0,0
10.71,-3.48,0,0
12.1,-4.6,0,0
-4.74,1.76,1,0
14.73,-1.34,1,0
1.36,-1.25,0,1
9.75,-2.9,0,0
-4.06,0.37,1,0
-2.59,0.63,0,0
9.95,-1.81,0,0
11.28,-3.25,0,0
9.13,-1.99,0,0
14.28,12.11,1,0
10.52,-1.44,0,0
8.42,-0.85,0,0
-0.83,2.64,0,0
8.68,12.52,0,0
-1.68,0.81,0,0
15.91,13.35,1,0
13.29,-1.24,1,0
11.75,0.11,1,0
10.12,-2.76,0,0
12.02,-2.74,0,0
-3.23,10.5,0,0
13.8,-2.16,1,0
10.2,12.63,0,0
11.08,-1.42,0,0
11.91,-3.59,0,0
13.27,-1.35,1,0
9.51,-2.58,0,0
12.97,-2.36,1,0
10.72,-1.49,0,0
-3.62,10.47,0,0
11.93,-3.83,0,0
-1.68,-1.51,0,0
-4.83,0.52,1,0
11.13,9.91,0,0
-2.83,11.38,0,0
11.07,-2.96,0,0
-2.96,-0.57,0,0
-1.23,-1.31,0,0
10.66,12.44,0,0
10.99,13.59,0,0
-1.79,9.91,0,0
10.25,14.08,0,0
9.8,-3.4,0,0
8.63,-2.77,0,0
10.78,10.55,1,0
-3.0,8.55,1,0
-1.56,9.53,0,0
9.68,-2.99,0,0
12.7,14.67,1,0
9.64,11.66,0,0
13.27,-0.61,1,0
13.97,-1.27,1,0
8.05,-2.17,0,0
-2.96,0.73,0,0
12.92,-4.25,1,0
12.9,-3.16,1,0
12.1,-1.16,1,0
9.83,-4.22,0,0
10.56,13.59,0,0
-1.17,9.46,1,0
11.27,-1.74,0,0
11.14,-0.77,0,0
9.49,12.02,0,0
7.44,12.3,0,0
-3.8,0.68,1,0
10.72,11.12,1,0
-5.24,-0.26,0,0
-5.25,-0.01,0,0
9.04,12.44,0,0
9.86,-2.36,0,0
-4.35,-0.72,0,0
-3.66,12.53,0,0
10.75,10.24,1,0
9.51,-3.29,0,0
6.35,13.81,0,0
-3.99,10.51,0,0
9.91,12.96,0,0
10.55,14.01,0,0
12.74,-2.36,1,0
-1.16,10.52,0,0
11.7,-1.24,0,0
10.89,13.34,0,0
12.36,-1.68,0,0
10.69,-4.18,0,0
12.39,-0.65,1,0
13.95,0.09,1,0
13.33,-1.13,0,0
-3.31,-2.38,0,0
11.82,11.67,1,0
10.44,-3.63,0,0
-2.7,8.45,1,0
-3.38,2.03,1,0
6.7,3.59,0,0
11.53,-1.35,1,0
-3.18,1.12,1,0
-2.1,6.76,1,0
12.39,9.94,1,0
16.46,15.93,0,1
12.18,-1.65,1,0
10.52,13.67,0,0
14.48,-2.01,1,0
9.38,13.53,0,0
10.4,11.41,0,0
11.03,9.91,1,0
10.46,-1.91,0,0
9.06,13.51,0,0
10.0,12.49,0,0
11.81,-2.58,0,0
-3.31,-0.53,0,0
11.99,14.4,0,0
12.23,13.41,1,0
9.49,0.71,1,0
-1.22,0.49,0,0
10.58,-1.23,0,0
-0.4,10.39,0,0
9.19,9.03,0,0
12.12,11.33,1,0
12.66,-2.32,0,0
10.4,-3.81,0,0
10.33,13.71,0,0
-4.04,10.65,0,0
15.04,-0.21,1,0
-1.52,9.53,0,0
10.75,13.94,0,0
10.39,-3.6,0,0
14.44,1.91,1,0
10.13,13.19,0,0
0.05,8.48,1,0
-4.18,4.52,1,0
11.68,-4.4,0,0
-4.27,2.31,1,0
5.25,4.63,0,0
-1.72,8.81,1,0
-4.72,1.12,1,0
13.21,13.25,1,0
11.65,-1.0,1,0
13.46,1.82,1,0
11.78,12.67,1,0
9.15,-2.7,0,0
11.14,13.09,0,0
9.86,11.8,0,0
-2.87,9.81,0,0
9.55,15.24,0,0
12.53,-1.46,1,0
10.96,-3.44,0,0
12.51,12.61,1,0
12.74,-0.07,1,0
-1.65,1.2,0,0
-2.36,10.97,0,0
6.65,5.35,0,0
-3.7,5.18,1,0
13.53,-0.39,1,0
10.46,-1.71,0,0
10.66,-1.58,0,0
9.2,-2.4,0,0
14.15,-0.26,1,0
12.96,-1.42,1,0
9.2,-1.88,0,0
17.58,1.49,1,0
10.96,-3.84,0,0
-4.13,2.77,1,0
-1.79,10.07,0,0
10.26,12.97,0,0
9.76,-4.21,0,0
-3.39,2.4,1,0
-4.57,7.32,1,0
-6.15,3.58,1,0
-2.17,-0.41,0,0
-2.38,0.02,0,0
12.64,12.06,0,0
9.78,13.37,0,0
11.78,-0.23,1,0
10.4,-0.22,1,0
13.58,-0.47,1,0
12.77,-1.29,0,0
11.88,-3.38,0,0
10.37,-1.29,0,0
-1.23,9.0,1,0
12.18,-3.9,0,0
11.48,12.26,0,0
8.81,11.48,0,0
15.33,11.37,1,0
12.65,12.55,1,0
11.49,-0.81,1,0
14.39,-1.27,1,0
12.02,-0.74,1,0
13.63,11.0,1,0
13.26,-2.2,1,0
-1.62,9.47,0,0
11.42,-0.65,0,0
14.07,-2.21,1,0
-2.6,-1.16,0,0
13.42,-0.54,1,0
10.64,14.28,0,0
-2.23,-0.9,0,0
11.76,-0.6,1,0
9.4,-2.63,0,0
12.4,12.16,1,0
10.44,-3.54,0,0
9.87,-1.36,0,0
10.63,-3.27,0,0
-3.12,1.78,1,0
12.4,-0.62,1,0
13.27,-1.91,1,0
9.74,12.0,0,0
12.11,9.87,1,0
-4.08,1.56,1,0
9.19,-0.05,0,0
-2.77,9.09,1,0
11.55,-0.92,0,0
-2.32,-1.07,0,0
10.59,-3.6,0,0
13.58,-1.81,1,0
10.87,-1.36,0,0
-1.32,7.88,1,0
-4.47,0.08,1,0
12.74,11.48,1,0
10.43,14.8,0,0
12.42,12.26,1,0
7.49,-1.75,0,0
-3.05,3.68,1,0
4.74,6.46,0,0
10.94,12.54,1,0
10.33,-2.6,0,0
-5.54,5.3,1,0
11.79,12.71,1,0
12.27,-4.9,1,0
9.57,11.82,0,0
8.94,13.03,0,0
14.11,13.11,1,0
12.31,-1.5,1,0
7.71,14.71,0,0
11.31,10.6,1,0
7.21,-1.96,0,0
10.35,-2.83,0,0
9.34,-1.91,0,0
-1.79,0.82,1,0
12.67,-0.79,1,0
-4.2,-1.2,0,0
-1.58,10.82,0,0
-2.68,1.98,1,0
-2.4,-0.6,0,0
7.98,14.09,0,0
10.65,-3.6,0,0
-1.65,8.75,1,0
11.92,10.26,1,0
-2.53,-0.05,0,0
-0.47,10.43,0,0
9.09,-2.37,0,0
-1.74,9.81,0,0
10.4,-4.66,0,0
9.53,-2.27,0,0
9.33,12.19,0,0
-1.18,11.03,0,0
9.22,13.34,0,0
11.68,-3.06,0,0
-3.12,12.44,0,0
10.35,-1.03,0,0
-1.61,10.31,0,0
13.45,-3.06,1,0
10.83,13.53,0,0
10.39,-2.85,0,0
-2.01,-0.97,0,0
-1.58,8.97,1,0
-3.56,-0.35,0,0
10.82,11.55,0,0
10.92,9.68,1,0
-2.97,10.94,0,0
13.34,13.6,1,0
-4.83,1.43,1,0
8.83,-3.0,0,0
-2.61,1.44,1,0
10.12,-2.11,0,0
-1.36,10.37,0,0
9.59,11.33,0,0
-3.95,0.58,1,0
-3.33,0.59,0,0
11.87,-3.4,0,0
12.63,-0.12,1,0
14.49,12.96,1,0
-2.26,1.01,1,0
11.65,-3.34,0,0
11.5,-0.86,1,0
15.55,-2.73,1,0
-1.31,11.15,0,0
8.07,-0.66,0,0
10.94,14.22,0,0
-2.45,8.45,1,0
14.39,9.7,1,0
11.38,-1.48,0,0
10.65,-2.35,0,0
15.61,12.91,1,0
9.19,-2.42,0,0
10.78,11.48,0,0
10.44,-3.84,0,0
15.63,-1.73,1,0
11.91,-1.67,0,0
10.36,-4.43,0,0
13.26,11.13,1,0
10.19,-2.3,0,0
9.72,14.34,0,0
10.84,-1.09,0,0
11.55,14.35,0,0
12.29,-1.08,0,0
10.77,14.64,0,0
-4.55,2.18,1,0
12.87,-2.11,0,0
11.12,13.04,0,0
10.81,-1.43,0,0
-2.09,11.09,0,0
-2.05,1.32,1,0
8.63,13.87,0,0
9.43,10.97,1,0
11.31,14.82,0,0
8.89,13.65,0,0
14.27,-1.91,1,0
13.59,-2.18,1,0
10.11,-0.98,0,0
13.39,0.57,1,0
11.34,14.35,0,0
12.31,-2.32,1,0
11.73,-3.41,0,0
13.54,-1.77,1,0
9.27,12.8,0,0
-1.2,10.57,0,0
9.87,-1.84,0,0
12.24,-1.29,1,0
-3.13,0.87,1,0
14.37,-0.57,1,0
11.35,-2.77,0,0
8.31,12.06,0,0
11.17,-3.47,0,0
-3.85,11.06,0,0
-2.36,11.23,0,0
11.73,-2.93,0,0
14.58,-1.13,1,0
10.33,-2.01,0,0
10.84,-2.17,0,0
12.36,-1.28,0,0
10.18,-2.48,0,0
15.74,-1.61,1,0
11.31,-0.99,1,0
12.66,13.65,1,0
15.69,-0.8,1,0
8.38,12.95,0,0
8.15,-3.51,0,0
9.94,-0.24,0,0
10.89,-1.51,0,0
9.86,11.13,0,0
12.27,-2.84,0,0
-3.29,3.92,1,0
11.32,13.28,0,0
-2.74,-1.39,0,0
11.61,-1.71,0,0
11.38,-2.88,0,0
10.68,12.56,0,0
9.64,14.46,0,0
11.5,11.89,1,0
-0.93,9.92,1,0
10.73,-1.77,0,0
10.63,-2.16,0,0
8.34,14.07,0,0
8.21,-2.1,0,0
10.47,13.93,0,0
1.25,1.96,0,0
-4.26,0.8,1,0
14.41,10.91,1,0
-3.31,8.91,0,0
15.54,10.1,1,0
9.74,-2.89,0,0
10.5,13.95,0,0
12.12,-1.39,0,0
10.96,13.55,0,0
12.27,0.97,1,0
-5.32,5.26,1,0
-4.0,-1.28,0,0
-1.83,4.9,1,0
-4.04,1.65,1,0
-3.34,10.29,0,0
-0.78,9.66,1,0
11.22,-2.23,0,0
-5.42,-0.37,0,0
-1.23,8.3,1,0
-1.63,-0.59,0,0
12.83,-0.35,1,0
10.69,-1.81,0,0
9.18,-0.77,0,0
11.07,-1.44,0,0
11.49,12.61,0,0
14.24,-1.18,1,0
10.12,-2.36,0,0
7.46,10.44,0,0
12.71,-0.74,1,0
9.76,-1.7,0,0
10.34,-1.73,0,0
7.9,13.39,0,0
13.07,-2.12,1,0
13.41,-1.99,1,0
-4.46,0.96,1,0
-3.62,9.72,0,0
14.49,13.48,0,0
-5.17,0.23,0,0
11.1,11.76,0,0
10.98,15.21,0,0
-3.19,-2.44,0,0
11.55,-3.32,0,0
11.42,11.83,1,0
10.56,-2.4,0,0
-1.7,8.44,0,0
-3.01,2.49,1,0
9.7,-2.42,0,0
9.52,15.36,0,0
-2.3,9.45,1,0
11.51,-1.07,1,0
8.83,13.03,0,0
13.91,-1.17,1,0
11.36,-0.77,0,0
10.21,11.48,0,0
9.53,15.08,0,0
-4.19,-0.88,0,0
9.85,-1.38,0,0
11.67,12.48,0,0
12.3,9.83,1,0
11.72,-1.64,0,0
-1.33,10.05,0,0
-1.89,0.14,0,0
16.56,-0.14,1,0
10.43,-1.52,0,0
-3.97,-1.18,0,0
9.12,12.88,0,0
-2.3,2.57,1,0
-4.29,0.08,0,0
-3.44,6.62,1,0
14.27,-0.1,1,0
-1.17,10.01,0,0
-2.49,0.93,1,0
8.75,-3.37,0,0
-2.36,8.01,1,0
11.97,-2.02,0,0
9.6,-2.11,0,0
12.28,-1.51,0,0
-4.79,6.71,1,0
12.14,0.89,1,0
-0.58,11.16,0,0
10.6,-1.68,0,0
12.82,-2.35,1,0
-1.63,0.99,0,0
-3.64,8.84,0,0
10.18,12.56,0,0
12.71,10.74,1,0
-3.27,0.66,0,0
12.0,-2.65,0,0
12.54,-1.17,0,0
10.65,13.13,0,0
10.13,-3.37,0,0
10.7,14.23,0,0
10.22,-3.89,0,0
-1.85,-0.24,0,0
5.94,3.58,0,0
12.59,-0.64,1,0
9.4,-1.87,0,0
13.56,9.33,1,0
9.03,-2.7,0,0
-4.55,0.08,0,0
6.86,5.55,0,0
10.6,-1.36,1,0
8.71,13.6,0,0
13.13,-2.71,1,0
12.04,10.04,1,0
-3.98,7.55,1,0
10.79,14.6,0,0
12.66,0.29,1,0
7.62,-3.53,0,0
10.48,13.46,0,0
13.59,1.08,0,0
-2.96,0.88,1,0
11.06,-3.82,0,0
9.15,-2.59,0,0
10.02,12.58,0,0
9.34,14.16,0,0
-5.25,1.98,1,0
-3.2,6.96,1,0
-2.2,-1.96,0,0
-3.37,2.16,1,0
-2.81,1.03,0,0
-3.55,0.25,0,0
-1.28,8.78,1,0
11.51,2.09,1,0
-2.26,-0.17,1,0
-5.05,1.4,1,0
-3.34,0.45,0,0
-2.86,2.88,1,0
9.39,13.88,0,0
12.46,-5.12,0,0
-0.47,-0.17,1,0
9.9,-3.26,0,0
-2.07,1.06,1,0
11.0,-2.15,0,0
10.95,-0.73,0,0
11.85,-1.3,0,0
-0.07,8.13,1,0
10.19,-0.0,0,0
9.68,-2.04,0,0
12.67,12.27,1,0
13.9,12.83,1,0
12.04,-2.17,0,0
-1.28,9.29,1,0
9.64,12.64,0,0
-2.74,-0.45,0,0
16.05,0.21,1,0
10.54,-2.14,0,0
9.2,-1.8,0,0
-1.16,10.1,0,0
10.73,-1.8,0,0
13.34,-0.37,1,0
13.67,0.28,1,0
9.73,-2.26,0,0
-3.7,0.35,1,0
11.42,-3.58,0,0
11.41,-3.1,0,0
10.72,0.15,1,0
-0.9,10.5,0,0
-2.98,-0.26,0,0
9.48,-2.37,0,0
11.73,11.17,1,0
9.47,12.25,0,0
13.08,-1.85,1,0
9.42,13.38,0,0
10.72,9.01,1,0
12.98,-2.32,1,0
11.56,-2.78,0,0
14.12,12.02,0,0
9.28,-2.98,0,0
12.94,-1.99,0,0
-2.55,9.22,1,0
10.52,-2.87,0,0
10.4,11.27,0,0
9.93,-3.02,0,0
12.22,11.69,1,0
9.88,-4.62,0,0
-3.95,3.81,1,0
10.18,12.47,0,0
14.44,11.5,1,0
10.53,-3.38,0,0
-5.09,2.14,1,0
9.74,12.39,0,0
-3.49,0.94,1,0
9.38,12.71,0,0
10.69,11.93,1,0
8.54,-1.99,0,0
11.17,11.17,1,0
10.72,11.05,1,0
-3.65,7.52,1,0
11.68,-0.83,0,0
-4.11,2.75,1,0
11.44,-2.99,0,0
-2.09,10.15,0,0
-3.35,7.01,1,0
11.93,-2.63,1,0
11.52,-2.8,0,0
13.37,-0.52,1,0
10.71,-2.31,0,0
-1.86,9.34,0,0
10.91,-1.7,0,0
-3.17,10.34,0,0
11.32,10.64,1,0
13.85,0.21,1,0
9.7,-3.13,0,0
11.08,-2.22,0,0
9.69,-3.68,0,0
-3.82,1.18,1,0
10.54,13.92,0,0
13.22,-2.58,1,0
-3.86,11.19,0,0
13.91,-0.82,1,0
12.45,13.45,1,0
11.58,-1.72,0,0
-1.2,2.74,0,0
11.04,12.89,0,0
8.48,13.35,0,0
-4.02,5.67,1,0
10.73,12.56,0,0
5.21,4.33,0,0
12.52,9.9,1,0
11.09,-1.61,0,0
-2.14,7.83,1,0
17.27,13.23,1,1
10.26,-2.35,0,0
10.88,13.92,0,0
11.91,-2.64,1,0
-2.38,10.49,1,0
10.02,13.75,0,0
15.44,1.52,1,0
-2.06,2.13,1,0
11.45,0.11,1,0
17.15,0.08,1,0
9.12,13.01,0,0
11.0,-1.97,0,0
-2.35,1.24,1,0
10.6,12.02,0,0
10.4,-3.6,0,0
8.67,-3.82,0,0
8.47,-2.58,0,0
10.22,12.22,0,0
11.39,-3.35,0,0
-1.84,1.28,1,0
13.26,-0.58,1,0
-2.96,-0.88,0,0
10.26,-0.07,1,0
-1.98,-0.85,0,0
-4.56,0.33,1,0
13.24,6.93,1,1
-3.04,-0.47,0,0
8.57,-2.01,0,0
-2.12,9.33,1,0
-1.41,10.31,1,0
10.57,12.25,0,0
10.73,-1.43,0,0
12.44,-2.49,0,0
11.54,12.57,1,0
-2.46,0.76,1,0
11.64,-2.91,0,0
-2.5,0.29,0,0
8.19,13.09,0,0
-0.87,11.05,0,0
5.03,4.4,0,0
9.65,12.26,0,0
10.23,-4.61,0,0
12.65,-1.86,0,0
-6.7,1.45,1,0
-3.06,-0.02,0,0
-2.24,-0.46,0,0
-2.43,10.95,0,0
7.57,14.19,0,0
10.68,13.38,0,0
8.67,13.05,0,0
-3.16,1.74,1,0
9.13,12.87,0,0
-3.94,2.25,1,0
14.2,9.52,1,0
9.07,13.43,0,0
14.16,-2.58,1,0
11.84,-2.64,0,0
12.97,10.85,1,0
-3.33,10.18,0,0
-4.09,-0.5,0,0
-3.84,9.45,0,0
-1.94,10.31,0,0
12.5,-1.42,1,0
-0.58,10.12,1,0
10.75,13.9,0,0
11.61,-2.8,0,0
11.69,10.23,1,0
-4.42,8.08,1,0
9.77,12.77,0,0
-2.47,-0.09,0,0
9.82,10.83,0,0
-1.65,10.4,1,0
-3.82,1.11,1,0
-2.43,2.89,1,0
14.28,-1.8,1,0
13.17,-1.66,1,0
-4.02,0.44,0,0
-5.02,1.18,1,0
14.6,11.49,1,0
-2.83,0.1,0,0
-2.34,1.92,1,0
-2.91,-0.08,0,0
13.12,15.17,0,0
-2.53,10.95,0,0
9.88,-2.85,0,0
12.12,-2.88,0,0
9.09,-1.13,0,0
12.21,12.48,1,0
10.03,-2.29,0,0
14.14,-1.75,1,0
13.03,-2.07,1,0
10.01,-2.44,0,0
-1.55,11.75,0,0
10.2,-3.03,0,0
-3.88,1.73,1,0
-4.17,10.39,0,0
13.41,9.56,1,0
11.41,10.41,1,0
-4.29,-2.18,0,0
15.13,12.53,1,0
12.83,-1.62,1,0
8.69,-3.17,0,0
10.17,13.82,0,0
-1.25,8.77,1,0
9.07,13.52,0,0
15.86,0.84,1,0
10.08,-2.29,0,0
9.44,-2.27,0,0
12.61,14.17,0,0
14.47,-0.48,1,0
9.88,13.1,0,0
12.87,10.63,1,0
16.23,9.42,1,0
-2.82,9.67,0,0
-2.31,-0.33,0,0
10.88,7.4,1,0
7.31,12.73,0,0
10.71,-1.34,0,0
14.65,0.57,1,0
12.82,-2.1,1,0
11.13,13.42,0,0
11.0,13.63,0,0
10.48,-3.61,0,0
10.79,-3.07,0,0
10.62,-1.85,0,0
-0.97,8.6,1,0
13.52,9.58,1,0
-3.51,10.11,0,0
11.36,13.24,0,0
13.94,-0.43,1,0
12.35,-2.44,1,0
12.02,0.49,1,0
8.08,12.36,0,0
11.39,13.59,0,0
12.53,-3.77,1,0
-5.22,1.02,1,0
11.5,-5.11,0,0
-3.66,10.42,0,0
-4.32,10.52,1,0
-3.47,-0.22,0,0
13.27,-1.83,1,0
4.77,3.61,0,0
13.2,-1.2,1,0
11.13,-4.25,0,0
8.6,12.88,0,0
12.89,12.54,1,0
8.91,-2.23,0,0
13.15,10.82,1,0
10.25,12.4,0,0
13.59,10.24,1,0
13.01,-2.23,1,0
-2.91,8.84,1,0
14.15,10.6,1,0
-3.15,5.07,1,0
9.66,-1.96,0,0
-3.38,-0.09,0,0
12.02,-2.37,0,0
-3.96,1.02,1,0
9.26,-2.76,0,0
10.77,13.49,0,0
-1.81,8.35,1,0
10.51,12.75,0,0
9.51,-2.55,0,0
14.98,-1.03,1,0
9.08,-1.83,0,0
-2.44,9.82,1,0
10.78,14.15,0,0
10.27,-1.95,0,0
9.86,-1.92,0,0
-3.78,3.74,1,0
-5.25,5.7,1,0
10.87,11.87,0,0
12.79,-1.51,0,0
12.54,-0.78,1,0
10.29,11.54,0,0
8.47,13.55,0,0
9.56,-2.69,0,0
-3.59,0.31,0,0
-4.78,-0.71,1,0
11.59,-3.1,0,0
9.9,-1.73,0,0
11.33,13.44,0,0
-4.59,-2.03,0,0
-1.63,9.78,0,0
-3.6,9.36,1,0
-3.49,11.51,0,0
-2.55,0.99,1,0
13.09,13.2,1,0
-1.71,6.71,1,0
9.79,-2.97,0,0
13.22,-0.1,1,0
2.7,5.84,0,0
11.0,-4.18,0,0
13.61,9.56,1,0
13.16,15.33,0,0
-2.8,9.33,1,0
-2.53,0.18,1,0
13.66,-1.72,1,0
-1.71,8.87,1,0
7.41,0.88,0,1
9.0,-1.02,0,0
11.72,-2.45,0,0
-2.27,0.11,0,0
-2.32,8.16,1,0
11.59,-2.86,0,0
11.07,12.23,0,0
9.21,-2.77,0,0
10.81,11.24,0,0
-1.32,-1.12,0,0
12.48,-0.95,0,0
16.14,2.32,1,0
11.24,10.79,1,0
-4.17,0.91,1,0
11.41,-3.2,0,0
8.84,-3.17,0,0
-4.11,0.49,1,0
-2.52,0.55,0,0
11.85,-1.19,1,0
-1.01,8.95,1,0
-5.92,-0.17,1,0
8.91,-2.52,0,0
10.56,-2.67,0,0
10.41,11.46,0,0
10.29,11.54,0,0
13.28,1.25,1,0
9.61,11.33,0,0
-3.78,6.58,1,0
8.95,-3.01,0,0
14.27,-1.02,1,0
10.07,-2.11,0,0
11.97,-2.27,0,0
10.7,-0.47,1,0
-4.09,-1.52,0,0
12.4,-2.93,0,0
11.32,-2.25,0,0
10.01,13.23,0,0
12.65,12.41,1,0
13.2,-1.48,1,0
-4.33,3.02,1,0
9.37,-2.55,0,0
15.19,-0.89,1,0
10.81,-1.81,0,0
10.59,-1.79,0,0
12.41,-0.92,1,0
11.54,-3.16,0,0
12.59,12.88,1,0
14.34,-1.48,1,0
9.94,13.5,0,0
8.41,-2.48,0,0
10.38,-1.84,0,0
-2.92,0.57,0,0
13.36,-4.15,1,0
-4.93,-0.88,0,0
10.12,-3.51,0,0
13.28,13.44,1,0
8.98,-2.18,0,0
-1.65,9.81,0,0
11.68,12.85,1,0
13.97,11.05,1,0
-0.56,7.66,1,0
13.38,12.8,1,0
13.85,11.45,1,0
9.12,-4.11,0,0
7.55,-3.04,0,0
10.9,-1.12,0,0
9.41,13.67,0,0
9.64,12.28,0,0
9.01,12.94,0,0
13.37,-2.38,1,0
8.58,14.82,0,0
9.44,-2.0,0,0
11.54,13.18,0,0
10.0,12.48,0,0
-2.67,1.0,0,0
9.77,12.81,0,0
10.64,-1.81,0,0
8.18,-1.89,0,0
-1.57,10.08,0,0
7.79,10.85,0,0
-1.78,-0.62,0,0
11.99,-1.04,0,0
10.38,-2.28,0,0
-2.62,8.25,1,0
-2.44,-1.42,0,0
-2.79,9.33,1,0
-4.96,-0.9,0,0
8.12,14.94,0,0
12.29,-0.39,1,0
10.16,11.73,0,0
10.59,13.66,0,0
12.44,-3.49,1,0
9.11,13.32,0,0
9.47,12.74,0,0
10.31,14.04,0,0
14.71,13.98,1,0
-2.05,3.12,1,0
12.63,12.61,1,0
11.6,-2.91,0,0
12.19,-3.7,0,0
10.94,13.11,0,0
9.42,13.19,0,0
11.13,14.98,0,0
10.76,12.42,0,0
-3.11,2.81,1,0
0.83,8.65,1,0
-2.77,0.15,0,0
-4.67,0.07,1,0
13.64,-2.45,1,0
10.11,-4.0,0,0
10.09,-1.45,0,0
-3.41,9.18,1,0
8.49,13.2,0,0
11.6,-2.79,0,0
-0.08,0.67,1,0
15.48,11.07,1,0
11.31,-2.97,0,0
9.43,13.17,0,0
11.42,-1.82,0,0
11.67,-1.77,0,0
-3.68,3.57,1,0
9.46,-1.48,0,0
11.85,-1.25,0,0
8.92,-3.69,0,0
-2.79,3.21,1,0
8.97,-2.51,0,0
10.69,15.35,0,0
9.99,-0.81,0,0
-2.68,0.96,1,0
12.29,14.9,0,0
10.09,-5.16,0,0
11.15,14.09,0,0
13.11,-1.81,1,0
10.83,8.71,0,0
-3.97,0.63,1,0
11.0,-1.19,0,0
8.32,12.16,0,0
13.66,-2.22,1,0
9.42,-1.86,0,0
12.54,12.69,1,0
-3.13,-0.04,0,0
-2.67,1.21,1,0
9.95,-1.83,0,0
-4.91,1.21,1,0
-0.86,10.88,1,0
-2.71,-0.85,0,0
13.6,-0.49,1,0
-3.68,11.3,0,0
14.59,-1.31,1,0
-3.3,7.87,1,0
10.11,12.02,0,0
12.89,-1.94,0,0
13.15,-0.36,1,0
12.41,-4.16,1,0
10.01,11.94,0,0
-0.26,10.47,1,0
12.06,-1.2,0,0
9.34,-1.09,0,0
8.64,13.48,0,0
10.1,-1.59,0,0
14.51,12.55,1,0
11.57,-0.66,1,0
10.69,11.27,0,0
4.96,3.52,0,0
-1.29,-1.51,0,0
11.24,-3.26,0,0
-4.64,2.7,1,0
13.42,12.64,1,0
9.41,-2.48,0,0
13.24,8.59,1,0
-3.75,-0.08,0,0
10.15,12.46,0,0
15.01,2.02,1,0
10.69,-1.44,0,0
12.19,-2.57,1,0
-4.04,-0.88,0,0
11.22,-1.65,0,0
11.66,-1.75,0,0
10.11,14.49,0,0
-4.42,3.58,1,0
10.87,-1.79,0,0
-4.62,0.0,1,0
13.61,-0.88,1,0
10.5,-1.24,0,0
-3.25,3.2,1,0
-3.05,10.27,0,0
9.85,-1.51,0,0
8.16,11.77,0,0
-3.76,3.07,1,0
-3.45,0.32,1,0
9.69,13.68,0,0
12.99,-0.56,1,0
8.51,12.14,0,0
8.72,11.29,0,0
-4.47,3.88,1,0
-2.83,-0.17,0,0
9.85,-4.09,0,0
11.36,-2.04,0,0
14.0,-1.91,1,0
-4.19,-0.56,0,0
10.93,-1.2,0,0
-3.1,8.16,1,0
10.68,-3.69,0,0
10.52,-1.47,0,0
10.45,11.09,1,0
12.53,-3.16,1,0
-2.6,-0.49,0,0
-3.56,0.37,0,0
10.72,-2.01,0,0
-1.99,9.24,0,0
10.63,13.05,0,0
12.18,-2.1,0,0
14.53,10.45,1,0
-2.93,0.3,0,0
8.29,13.24,0,0
14.84,2.1,1,0
12.06,-2.42,0,0
10.1,-2.65,0,0
11.79,-3.28,0,0
8.33,-2.47,0,0
-2.08,10.72,0,0
-4.21,0.73,1,0
11.21,-1.24,1,0
-4.23,-1.47,0,0
12.04,-0.88,1,0
8.52,14.11,0,0
-2.38,-0.97,0,0
8.13,13.59,0,0
9.59,-2.24,0,0
-2.34,9.77,0,0
-2.46,9.1,1,0
13.12,11.87,1,0
9.33,-2.41,0,0
7.93,16.36,0,1
12.13,-1.47,0,0
11.18,-3.01,0,0
10.13,-3.81,0,0
11.4,-3.04,0,0
-2.02,9.93,0,0
10.07,-2.97,0,0
11.58,-1.62,0,0
-2.58,-0.69,0,0
10.82,-1.71,0,0
-3.74,0.41,1,0
11.37,14.32,0,0
13.39,10.8,1,0
11.14,12.81,0,0
11.34,-3.59,0,0
-3.24,11.47,0,0
11.11,-3.28,0,0
-2.14,9.72,1,0
9.42,-2.75,0,0
-2.78,11.62,0,0
10.78,13.59,0,0
14.22,-0.79,1,0
4.96,12.21,0,1
-4.13,-1.15,0,0
10.48,13.47,0,0
-4.78,2.25,1,0
9.39,-2.42,0,0
14.57,-2.37,1,0
8.05,-1.86,0,0
13.14,-2.66,0,0
11.13,8.97,1,0
11.53,10.59,1,0
13.14,-2.17,1,0
12.94,-2.25,1,0
13.64,9.55,1,0
-2.11,9.37,1,0
9.43,14.96,0,0
-4.0,0.2,0,0
12.22,-2.62,1,0
8.32,-2.33,0,0
13.79,10.54,1,0
9.31,10.97,0,0
-1.32,10.67,0,0
12.96,-3.11,1,0
-2.13,11.73,0,0
11.29,-0.37,1,0
10.62,-2.05,0,0
-3.98,-0.66,0,0
12.57,-2.12,0,0
12.16,-1.63,1,0
8.52,-1.69,0,0
9.91,15.91,0,0
8.23,-4.17,0,0
-2.47,0.96,0,0
11.46,-1.96,0,0
11.01,11.19,0,0
13.37,0.83,1,0
15.36,10.74,1,0
13.91,-0.29,1,0
-3.67,-0.04,0,0
10.98,12.97,0,0
7.32,14.57,0,0
12.82,-0.34,1,0
-2.43,0.81,1,0
10.98,12.8,0,0
-0.68,11.16,0,0
-2.28,1.62,0,0
10.76,-3.62,0,0
12.57,-0.65,1,0
-2.55,0.25,0,0
8.65,12.62,0,0
7.49,14.74,0,0
14.35,-0.66,1,0
-2.99,-0.73,0,0
12.42,-3.76,1,0
-3.8,-2.13,0,0
10.31,-2.35,0,0
11.47,-3.0,0,0
-2.22,9.91,0,0
10.02,-3.95,0,0
8.38,12.45,0,0
10.58,-4.68,0,0
8.81,-3.0,0,0
11.15,-1.57,0,0
11.55,-2.69,0,0
7.59,-1.88,0,0
10.15,10.52,0,0
9.27,11.31,0,0
13.47,-2.0,1,0
-4.09,10.36,1,0
-2.57,1.04,1,0
-2.96,1.59,1,0
14.01,-1.62,1,0
12.82,8.88,1,0
-5.18,0.21,1,0
-3.54,8.53,1,0
9.8,11.84,0,0
8.93,-2.76,0,0
13.62,-1.53,1,0
-5.54,-0.4,0,0
10.02,12.77,0,0
10.55,-2.69,0,0
11.41,-1.28,1,0
9.29,-1.98,0,0
11.17,10.89,1,0
12.02,-5.08,1,0
11.49,11.75,1,0
-4.2,2.67,1,0
10.86,10.77,1,0
-5.48,-0.21,0,0
8.23,-1.49,0,0
11.9,-0.68,1,0
-3.42,3.04,1,0
-3.92,10.47,1,0
12.13,-2.28,0,0
10.65,0.16,1,0
13.22,13.36,1,0
16.11,8.34,1,0
8.56,0.99,0,0
10.5,14.75,0,0
-4.49,0.33,1,0
12.58,-3.09,0,0
-3.13,0.14,0,0
11.39,13.7,0,0
-4.28,9.16,1,0
11.44,-1.5,0,0
10.01,11.25,0,0
-2.24,9.31,1,0
-0.46,12.11,0,0
10.91,14.91,0,0
-3.97,-0.59,0,0
12.33,-0.77,0,0
12.1,-1.05,1,0
10.84,-1.61,0,0
16.4,0.39,1,0
9.81,13.31,0,0
10.45,11.99,0,0
11.61,-1.92,0,0
13.17,-0.66,1,0
-3.85,0.73,0,0
11.7,-1.83,0,0
11.62,-0.15,1,0
9.67,-2.16,0,0
13.36,9.45,1,0
-4.24,2.61,1,0
10.64,9.54,1,0
13.2,-1.93,1,0
11.0,-2.32,0,0
10.76,-3.83,0,0
10.68,-3.7,0,0
-4.98,4.09,1,0
10.33,-3.78,0,0
13.91,0.1,1,0
10.93,13.1,0,0
11.44,-3.24,0,0
-3.62,11.62,0,0
-2.94,-0.77,0,0
-4.04,10.55,0,0
-2.05,1.49,1,0
-2.2,2.75,1,0
8.41,-1.48,0,0
10.26,-3.29,0,0
-4.22,0.18,0,0
11.16,-1.3,0,0
12.42,9.76,1,0
10.02,11.06,0,0
10.82,13.11,0,0
-2.58,13.7,0,1
-3.06,10.84,0,0
11.35,-2.94,0,0
-2.18,8.22,1,0
12.42,-2.41,0,0
-3.92,1.81,1,0
10.97,-0.6,1,0
10.41,14.4,0,0
15.09,9.84,1,0
9.36,-1.41,0,0
11.59,10.54,1,0
12.15,-1.18,0,0
10.05,12.99,0,0
10.63,-1.49,0,0
9.37,-2.99,0,0
-3.22,0.1,0,0
14.95,-2.29,1,0
8.82,12.85,0,0
-3.43,0.98,1,0
10.15,-2.09,0,0
-5.12,4.95,1,0
11.03,14.71,0,0
9.33,-3.02,0,0
11.4,-3.28,0,0
12.74,-1.22,0,0
-4.87,-0.62,1,0
13.4,-1.87,1,0
8.69,-1.9,0,0
11.42,-1.94,0,0
-2.73,10.24,0,0
-3.44,2.17,1,0
8.6,12.93,0,0
10.4,11.83,0,0
4.8,13.65,0,1
-4.04,1.03,0,0
9.84,-3.48,0,0
-2.54,0.2,0,0
-2.68,-1.87,0,0
-4.66,2.91,1,0
12.95,-2.34,1,0
-4.27,10.53,0,0
7.91,15.55,0,0
-5.28,8.86,1,0
-0.14,9.03,1,0
-0.46,7.0,1,0
10.27,14.14,0,0
12.75,-2.74,1,0
9.92,-2.82,0,0
10.4,11.97,0,0
12.8,-2.44,1,0
-1.89,5.98,1,0
15.17,9.34,1,0
12.05,13.51,1,0
12.42,-1.4,0,0
-1.61,9.79,1,0
-1.96,11.34,0,0
10.46,-3.73,0,0
10.75,13.25,0,0
12.14,12.17,1,0
-2.32,-0.11,0,0
9.3,-2.5,0,0
-2.65,8.83,1,0
-2.43,0.34,0,0
9.49,13.15,0,0
10.01,12.58,0,0
9.56,-1.46,0,0
9.02,12.76,0,0
10.34,10.77,0,0
12.11,11.38,1,0
10.38,-1.15,0,0
10.08,-1.66,0,0
10.3,-2.14,0,0
10.12,-2.1,0,0
-2.73,-1.62,0,0
11.7,10.3,1,0
7.4,10.89,0,0
-2.61,2.36,1,0
9.75,-4.07,0,0
-1.14,10.83,0,0
11.82,-2.99,0,0
10.5,-0.52,1,0
-3.71,-1.27,0,0
10.49,14.92,0,0
-2.96,1.97,1,0
-4.31,10.42,0,0
-1.55,8.5,1,0
10.37,11.94,0,0
10.66,-0.27,0,0
8.95,12.95,0,0
-3.85,2.73,1,0
-3.94,1.63,1,0
-2.75,0.4,1,0
0.25,9.46,0,0
9.3,-4.89,0,0
-4.86,0.33,1,0
10.77,13.44,0,0
14.15,-1.39,1,0
-3.58,1.99,1,0
9.69,11.86,0,0
9.34,-2.25,0,0
11.82,11.08,0,0
10.38,-3.19,0,0
-4.1,-0.05,0,0
14.13,-1.89,1,0
15.4,-1.48,1,0
11.93,-1.41,0,0
-4.0,0.54,1,0
9.45,-2.03,0,0
10.7,11.91,0,0
-2.72,8.06,1,0
11.94,13.68,0,0
-5.43,-0.38,0,0
15.44,-0.65,1,0
-1.36,3.25,1,0
-3.24,9.94,1,0
10.27,-1.84,0,0
12.48,12.64,1,0
10.3,12.33,0,0
9.41,-2.01,0,0
10.64,10.49,1,0
-4.34,0.45,1,0
10.63,-3.75,0,0
14.72,-0.88,1,0
10.31,9.44,0,0
14.16,-1.25,1,0
8.12,13.21,0,0
-4.38,0.64,1,0
13.64,12.31,1,0
13.91,-0.81,1,0
12.58,0.88,1,0
13.5,1.33,1,0
-4.5,7.19,1,0
10.02,-1.8,0,0
12.39,-2.15,0,0
-2.06,1.26,1,0
8.07,-2.77,0,0
9.62,11.81,0,0
-1.34,8.98,1,0
-2.16,3.67,1,0
-1.71,10.21,0,0
8.6,13.08,0,0
10.29,-2.23,0,0
10.48,-3.47,0,0
10.19,10.16,1,0
10.19,-2.33,0,0
9.9,-3.01,0,0
13.28,12.34,1,0
15.85,-0.64,1,0
10.88,-1.25,1,0
9.93,12.02,1,0
9.67,12.89,0,0
-4.03,0.25,0,0
13.13,-1.71,1,0
8.36,-1.92,0,0
9.78,11.44,0,0
9.32,-2.45,0,0
10.13,-2.19,0,0
9.27,-3.78,0,0
11.41,-3.16,0,0
13.08,-2.02,1,0
12.37,-1.6,1,0
-4.17,-0.78,0,0
9.76,-0.92,0,0
-2.51,10.89,0,0
14.8,9.45,0,0
13.24,-1.06,1,0
10.6,10.82,0,0
-3.65,11.13,0,0
12.35,15.13,0,0
4.18,6.54,0,0
13.19,11.14,1,0
13.6,-0.47,1,0
-0.42,0.87,0,0
-2.88,10.12,0,0
13.13,-0.2,1,0
10.47,-1.68,0,0
-1.71,0.86,1,0
12.67,-2.87,1,0
11.46,0.44,1,0
-4.37,-0.11,0,0
13.61,-1.57,1,0
11.32,-2.06,0,0
16.21,-1.02,1,0
10.75,11.51,0,0
10.95,-1.17,0,0
-3.13,9.65,1,0
11.34,-2.53,0,0
10.92,13.21,0,0
12.36,-3.1,0,0
-3.85,0.26,0,0
11.71,-3.05,0,0
-2.87,1.76,1,0
11.47,-1.74,0,0
10.65,10.3,0,0
10.58,-3.58,0,0
-4.93,-1.63,0,0
-3.77,8.66,0,0
-2.67,9.14,1,0
11.21,-1.47,0,0
7.62,13.66,0,0
8.2,13.86,0,0
9.9,-2.19,0,0
-2.66,0.37,0,0
9.89,-0.5,0,0
11.66,-2.71,0,0
10.31,-0.42,1,0
10.98,-1.61,0,0
-0.94,8.22,1,0
8.89,13.75,0,0
-3.19,3.43,1,0
13.41,-0.53,1,0
13.3,-2.2,1,0
-1.52,9.6,1,0
-0.7,10.2,1,0
10.61,-3.41,0,0
11.96,-3.1,0,0
7.96,13.78,0,0
-1.79,11.2,0,0
-3.77,6.84,1,0
12.93,-0.1,1,0
11.42,-2.25,0,0
-3.14,10.0,0,0
13.67,-2.39,1,0
11.19,-1.93,0,0
-3.46,3.2,1,0
-3.85,-0.19,0,0
-1.83,-1.2,0,0
-4.89,0.23,1,0
10.57,-2.26,0,0
13.8,-1.5,0,0
12.74,13.05,0,0
-2.78,1.67,1,0
-0.92,9.11,1,0
11.38,-2.11,0,0
9.24,13.91,0,0
-1.31,2.92,1,0
11.71,-1.58,0,0
11.73,-3.26,0,0
-2.17,10.89,0,0
-3.83,-2.04,0,0
12.17,-0.86,1,0
-5.02,1.87,1,0
10.46,1.49,1,0
15.07,-0.23,0,0
12.27,-2.85,1,0
-1.74,10.15,0,0
-1.22,10.31,0,0
-4.65,-0.33,0,0
9.19,-1.99,0,0
-3.89,1.94,1,0
-3.96,-0.24,0,0
6.08,15.29,0,1
14.22,10.88,1,0
-4.09,1.07,1,0
-2.68,10.45,0,0
12.21,-2.31,1,0
8.42,-2.75,0,0
8.35,10.92,0,0
-3.8,0.24,0,0
10.62,13.03,0,0
11.02,12.89,0,0
9.51,12.92,0,0
10.37,-1.55,0,0
9.02,-3.39,0,0
13.65,-1.93,1,0
11.78,-1.84,0,0
14.93,-1.08,1,0
-3.57,-0.85,0,0
12.21,12.55,1,0
-2.59,-1.16,0,0
9.43,-1.84,0,0
11.46,12.42,0,0
-5.22,11.63,1,0
11.01,-1.08,0,0
13.02,12.51,1,0
12.69,-0.71,1,0
12.78,-2.21,0,0
11.64,-3.0,0,0
8.68,13.26,0,0
12.23,-0.98,1,0
-1.92,9.65,0,0
-3.15,9.52,1,0
10.6,13.3,0,0
11.39,-1.46,0,0
10.07,12.69,0,0
13.53,12.46,1,0
11.38,-0.85,1,0
-3.31,0.38,0,0
12.37,15.07,0,0
-1.22,8.46,1,0
11.8,-3.07,0,0
13.8,13.28,1,0
9.3,11.97,1,0
10.47,13.69,0,0
-2.05,8.4,1,0
7.62,11.28,0,0
9.58,13.2,0,0
-2.89,9.9,1,0
11.25,11.85,1,0
-2.73,1.51,1,0
-4.63,0.47,1,0
10.33,-1.76,0,0
11.0,14.15,0,0
-4.78,-1.22,1,0
-2.58,1.31,1,0
8.44,11.21,0,0
-3.71,3.66,1,0
11.74,-2.64,0,0
14.53,-1.5,1,0
10.53,-2.03,0,0
12.16,-1.65,0,0
-5.68,4.32,1,0
7.79,12.71,0,0
11.96,10.83,1,0
-3.58,9.81,1,0
8.84,-1.78,0,0
9.59,13.53,0,0
11.45,13.26,0,0
-4.06,10.67,0,0
10.9,13.13,0,0
-4.71,-0.67,0,0
11.17,-1.44,0,0
11.64,-0.85,0,0
12.5,-2.68,0,0
-3.91,1.6,1,0
-6.14,-1.38,1,0
15.35,11.09,1,0
-2.55,1.28,1,0
11.86,-4.11,0,0
-4.28,-0.45,0,0
12.71,13.41,1,0
9.85,-2.08,0,0
11.99,12.63,0,0
-4.2,0.52,0,0
11.2,13.28,0,0
11.25,13.44,0,0
10.73,-3.22,0,0
10.24,1.34,1,0
7.69,-1.71,0,0
10.43,-2.04,0,0
-4.34,11.47,0,0
-2.75,9.0,0,0
11.65,12.47,0,0
13.67,1.59,1,0
13.35,-3.11,1,0
-3.73,11.26,0,0
9.7,-1.38,0,0
-3.13,1.34,1,0
-1.54,8.54,1,0
10.71,0.72,1,0
-3.1,0.32,0,0
10.06,-1.55,0,0
15.62,8.44,1,0
-3.64,10.94,0,0
17.48,11.47,1,0
8.99,-2.25,0,0
14.95,-1.89,1,0
-3.29,7.93,1,0
-3.99,-0.13,0,0
-1.7,9.08,1,0
8.79,14.63,0,0
11.96,-3.47,0,0
9.09,13.15,0,0
13.64,12.31,1,0
11.16,13.22,0,0
13.32,11.14,1,0
16.97,10.09,1,0
12.67,-0.9,1,0
-4.87,11.1,1,0
-4.05,-0.82,0,0
11.05,-1.85,0,0
9.41,-2.13,0,0
10.79,-1.53,0,0
11.4,14.95,0,0
9.79,-0.32,0,0
10.91,12.02,0,0
11.07,-2.02,0,0
5.99,3.49,0,0
-1.0,9.9,1,0
-4.11,3.02,1,0
13.33,-3.69,1,0
9.93,-1.95,0,0
9.65,-1.87,0,0
-2.27,-0.12,0,0
11.1,-1.6,0,0
11.16,-1.19,0,0
15.19,-0.09,1,0
10.09,11.78,0,0
-3.9,-0.1,0,0
11.89,12.63,0,0
-4.08,0.25,0,0
-2.58,2.38,1,0
-4.33,0.5,1,0
-2.68,-1.56,0,0
10.9,15.51,0,0
-2.74,2.63,1,0
10.73,9.16,0,0
-4.02,0.55,0,0
12.4,-1.5,1,0
-3.93,5.3,1,0
-2.25,-0.6,0,0
-6.2,1.01,1,0
10.85,10.75,1,0
8.95,13.01,0,0
10.15,-4.5,0,0
10.68,15.84,0,0
13.41,-3.84,1,0
9.21,11.23,0,0
12.28,-0.85,1,0
10.75,1.13,1,0
-3.24,7.25,1,0
11.77,-1.48,0,0
-3.51,-0.21,0,0
-2.05,9.91,0,0
-2.36,8.7,1,0
14.04,-2.49,1,0
-0.73,2.5,0,0
10.52,12.45,0,0
12.57,-5.22,0,0
10.09,10.36,0,0
8.14,12.8,0,0
9.53,-1.93,0,0
-2.66,1.37,1,0
8.81,12.74,0,0
-4.08,1.32,1,0
13.11,8.79,1,0
11.32,-0.28,0,0
12.69,-2.86,1,0
8.6,13.34,0,0
12.18,-0.89,0,0
8.26,13.38,0,0
11.37,12.47,0,0
10.35,-3.58,0,0
10.08,12.16,0,0
-2.53,0.4,0,0
14.84,-1.02,1,0
11.0,11.23,1,0
11.84,-2.6,0,0
11.12,12.55,0,0
9.03,-2.19,0,0
11.78,10.0,1,0
9.73,11.53,0,0
9.07,13.66,0,0
-3.02,-1.67,0,0
10.23,-1.71,0,0
10.36,8.24,1,0
-4.27,1.48,1,0
11.29,0.26,0,0
-2.93,-0.07,1,0
10.69,12.65,0,0
10.39,-1.46,0,0
-1.52,-0.12,0,0
14.81,-0.01,1,0
12.02,12.04,1,0
-3.79,0.32,1,0
9.68,12.41,0,0
15.56,0.71,1,0
0.18,0.17,0,0
8.99,13.12,0,0
14.25,10.3,1,0
11.05,11.63,1,0
10.73,8.48,1,0
9.48,-1.64,0,0
8.89,13.42,0,0
11.97,-1.34,0,0
10.99,-1.84,0,0
9.62,-3.87,0,0
10.45,11.92,0,0
11.6,-2.78,0,0
11.06,-1.1,0,0
15.83,1.1,1,0
13.6,-2.9,1,0
9.59,12.03,0,0
11.5,14.23,0,0
-2.48,10.97,1,0
15.43,9.3,1,0
9.91,13.84,0,0
10.93,-3.03,0,0
11.85,-0.49,1,0
-3.24,7.96,1,0
-1.6,10.52,0,0
-4.54,-0.56,0,0
11.51,-2.54,0,0
11.74,-1.65,0,0
10.79,14.68,0,0
12.04,15.41,0,0
-5.87,1.07,1,0
-3.73,5.03,1,0
-4.25,0.36,0,0
-1.69,9.27,1,0
10.95,-1.99,0,0
7.38,14.08,0,0
9.32,-3.2,0,0
-3.6,4.77,1,0
-4.1,5.58,1,0
11.55,-0.98,1,0
12.52,-2.78,1,0
11.94,9.89,1,0
9.38,13.73,0,0
10.51,-1.61,0,0
15.23,10.91,1,0
15.81,1.24,1,0
11.19,-0.44,1,0
-3.09,2.95,1,0
10.88,-1.72,0,0
-4.16,3.05,1,0
-4.01,-1.17,0,0
10.91,-1.34,0,0
-1.96,9.29,1,0
10.5,13.89,0,0
12.04,12.61,0,0
-4.03,-0.74,0,0
14.6,9.86,1,0
-3.37,0.5,0,0
11.17,11.8,1,0
10.71,-2.22,0,0
7.31,-2.4,0,0
10.53,-2.01,0,0
13.97,-1.62,1,0
13.78,12.94,1,0
11.98,-3.32,1,0
10.92,-1.34,0,0
-4.26,-0.36,0,0
12.91,-1.68,1,0
11.46,-3.53,0,0
12.21,-3.56,1,0
13.53,-2.05,1,0
9.88,12.23,0,0
-0.29,12.52,0,0
-2.91,7.96,1,0
-2.65,10.12,1,0
-5.52,-0.45,0,0
12.01,-0.78,0,0
-2.06,-1.06,0,0
9.08,-2.73,0,0
12.96,-3.24,1,0
11.34,10.39,1,0
11.74,-1.17,0,0
12.71,11.75,1,0
14.32,8.19,1,0
-3.68,-0.84,0,0
9.38,-2.72,0,0
12.28,-1.26,1,0
13.02,-2.66,1,0
-4.21,1.0,1,0
-1.97,0.26,0,0
10.72,12.77,0,0
8.24,15.01,0,0
12.74,-0.06,1,0
16.47,2.11,1,0
5.19,4.3,0,0
-2.47,0.1,0,0
12.75,10.6,1,0
11.59,12.73,0,0
-1.76,-1.65,0,0
-3.96,0.74,1,0
8.78,11.73,0,0
-2.27,-0.66,0,0
9.35,13.19,0,0
9.58,11.17,0,0
4.63,6.9,0,0
10.02,-1.58,0,0
9.87,-2.4,0,0
-4.72,10.91,0,0
11.2,-2.93,0,0
-1.89,-1.77,0,0
12.7,-0.8,1,0
12.1,-2.34,0,0
10.63,10.16,1,0
11.64,-4.49,0,0
-3.0,1.41,0,0
11.16,-0.6,0,0
11.63,-2.53,0,0
14.62,8.63,1,0
-3.06,0.59,1,0
11.03,-1.72,0,0
3.14,3.08,0,1
-4.3,-0.2,0,0
-3.91,0.79,1,0
17.61,1.26,1,0
10.18,12.78,0,0
11.41,-3.55,0,0
14.49,11.88,1,0
12.4,11.87,1,0
11.01,-0.51,0,0
12.77,-1.41,1,0
13.48,12.28,1,0
9.5,12.14,0,0
11.74,-3.16,0,0
9.19,13.25,0,0
-4.02,-0.61,0,0
11.81,-2.78,0,0
9.19,-1.94,0,0
13.39,-3.13,1,0
-4.01,8.57,1,0
12.23,0.46,1,0
-2.88,2.12,1,0
8.22,-1.64,1,0
10.4,15.72,0,0
7.39,2.2,0,1
11.47,-3.05,0,0
13.11,-1.64,1,0
12.77,-3.52,1,0
12.41,-2.47,0,0
7.23,11.64,0,0
11.81,-2.62,0,0
11.28,10.42,1,0
-1.6,10.02,0,0
9.09,13.95,0,0
10.2,15.02,0,0
9.2,12.8,0,0
9.32,11.91,0,0
9.58,-1.66,0,0
-2.62,10.47,0,0
10.25,14.55,0,0
-4.86,0.51,0,0
10.46,-3.85,0,0
11.6,10.45,1,0
11.39,-1.72,1,0
10.7,12.4,0,0
10.48,14.39,0,0
13.84,-3.07,1,0
9.93,-4.02,0,0
9.78,10.21,0,0
-3.61,11.04,0,0
10.27,0.06,0,0
-4.02,1.74,1,0
9.42,-2.38,0,0
10.7,-4.16,0,0
11.89,0.49,1,0
-4.04,6.75,1,0
13.53,1.14,1,0
8.58,13.88,0,0
-4.23,6.87,1,0
9.14,-4.19,0,0
-4.0,10.55,0,0
10.79,-3.81,0,0
9.53,12.26,0,0
11.68,11.48,1,0
-2.4,-0.79,0,0
-4.2,2.15,1,0
10.29,12.35,0,0
9.12,-0.93,0,0
10.29,15.18,0,0
-3.23,10.5,0,0
8.81,12.89,0,0
-3.68,11.5,0,0
10.05,12.07,0,0
9.64,-2.13,0,0
6.23,14.68,0,0
13.63,-0.7,1,0
-2.52,1.27,1,0
6.43,7.41,0,1
11.97,11.7,1,0
10.92,9.56,0,0
11.21,-1.96,0,0
11.03,-4.21,0,0
-2.52,-1.75,0,0
-1.51,7.41,1,0
-1.97,-0.39,0,0
12.75,-2.71,1,0
-4.43,7.87,1,0
14.15,-2.01,1,0
8.72,12.39,0,0
0.3,9.46,1,0
10.37,12.05,0,0
8.66,-2.44,0,0
15.27,8.08,1,0
-2.32,1.38,1,0
-1.79,0.64,1,0
13.03,-0.01,1,0
-5.08,4.39,1,0
-1.72,9.89,1,0
12.45,-1.03,1,0
10.51,-2.22,0,0
13.19,-0.1,1,0
12.2,-0.93,1,0
10.51,13.51,0,0
14.53,-0.3,1,0
9.58,-1.41,0,0
10.12,-3.91,0,0
13.84,-0.69,1,0
10.79,-1.06,0,0
11.11,14.65,0,0
12.34,-2.99,1,0
10.17,15.17,0,0
11.18,-1.97,0,0
12.62,10.14,1,0
10.02,14.04,0,0
-3.05,-1.05,0,0
11.23,-2.06,0,0
-3.0,8.16,1,0
9.29,13.06,0,0
10.98,-3.95,0,0
11.44,14.16,0,0
12.33,-3.27,1,0
10.17,13.08,0,0
-2.5,1.06,1,0
-3.72,-0.27,0,0
16.89,-0.12,1,0
2.46,4.16,0,0
-1.48,11.24,1,0
-3.47,12.14,0,0
-0.67,2.39,0,0
11.36,-0.98,0,0
-4.36,1.39,1,0
12.16,-0.76,1,0
13.87,10.04,1,0
9.64,-2.35,0,0
11.91,-2.58,0,0
9.92,11.65,0,0
10.81,0.38,1,0
12.47,-1.11,1,0
12.08,-2.72,0,0
-2.89,-2.4,0,0
5.02,6.81,0,0
9.67,-2.62,0,0
10.89,11.85,0,0
10.99,-0.17,1,0
-4.12,2.74,1,0
-2.84,-0.02,0,0
-5.51,-2.22,0,0
-3.38,10.79,0,0
15.63,12.83,1,0
14.77,0.25,1,0
12.52,-0.41,1,0
-3.58,9.2,1,0
-4.33,3.7,1,0
-3.7,-1.19,0,0
14.91,-2.98,1,0
12.18,-0.39,0,0
-4.49,-0.1,0,0
10.87,13.58,0,0
11.22,1.22,1,0
10.17,-2.84,0,0
11.93,-2.92,0,0
12.43,-0.92,0,0
-3.14,-1.1,0,0
-4.02,0.17,1,0
10.68,12.87,0,0
12.68,0.16,1,0
-1.4,10.37,0,0
11.59,-3.23,0,0
-1.58,-0.56,0,0
11.34,13.76,0,0
11.46,-1.96,0,0
-1.56,9.34,1,0
11.01,-0.5,1,0
-1.51,10.74,0,0
12.02,10.68,1,0
11.62,-1.88,1,0
11.53,10.89,1,0
11.03,11.74,1,0
-4.69,-0.77,1,0
12.24,-0.23,1,0
-1.94,8.25,1,0
-3.7,-1.52,0,0
13.54,-3.08,1,0
-2.25,7.18,1,0
11.95,-3.04,0,0
1.34,3.65,0,0
9.56,-1.18,0,0
13.13,-2.01,1,0
1.03,8.97,1,0
13.38,-2.03,1,0
9.37,-1.76,0,0
9.97,9.92,1,0
14.72,-0.25,1,0
13.17,-2.03,1,0
16.41,1.4,1,0
10.3,-4.35,0,0
9.8,12.79,0,0
11.4,12.42,0,0
14.13,12.84,1,0
-4.09,-1.03,0,0
-4.05,1.25,1,0
10.58,-3.54,0,0
-4.48,1.29,1,0
-4.79,-0.56,1,0
8.49,13.02,0,0
-3.74,10.4,0,0
-3.56,8.8,0,0
14.3,-0.84,1,0
15.22,-1.44,1,0
12.36,10.0,1,0
11.75,13.38,0,0
13.4,-2.88,0,0
11.91,12.85,1,0
-3.87,1.38,1,0
11.42,-5.67,0,0
-2.54,1.51,1,0
10.21,-2.65,0,0
13.71,-4.58,1,0
-3.59,10.25,0,0
13.54,-0.41,1,0
12.87,12.42,1,0
-2.8,0.4,0,0
10.14,-1.08,0,0
12.11,-2.76,0,0
12.42,10.27,1,0
7.53,-3.53,0,0
11.63,-2.75,0,0
-3.79,11.96,0,0
-0.66,11.32,0,0
10.99,10.92,1,0
11.64,-2.8,0,0
10.38,12.48,0,0
10.6,15.48,0,0
8.38,11.72,0,0
10.27,-4.09,0,0
13.4,-1.87,1,0
10.91,14.22,0,0
14.87,10.63,1,0
12.67,-4.57,0,0
11.08,-1.88,0,0
10.55,-3.74,0,0
-1.81,1.22,1,0
9.34,11.9,0,0
14.01,1.51,1,0
-3.45,3.92,1,0
12.95,-1.51,1,0
-4.41,11.91,0,0
12.1,-7.12,0,1
8.99,12.93,0,0
13.89,9.85,1,0
9.72,12.49,0,0
9.09,-2.38,0,0
9.55,12.85,0,0
12.84,8.77,1,0
10.46,14.15,0,0
10.97,-1.59,0,0
11.41,-2.11,0,0
10.12,-2.51,0,0
14.92,-0.14,1,0
10.12,12.69,0,0
8.94,13.31,0,0
16.16,10.31,1,0
12.34,-0.55,1,0
9.2,-3.03,0,0
10.97,-2.99,0,0
9.97,12.37,0,0
9.66,12.41,0,0
11.95,10.47,1,0
10.38,-3.66,0,0
11.46,10.06,1,0
10.6,-3.69,0,0
-3.45,10.42,0,0
8.96,12.97,0,0
11.38,-3.81,0,0
10.73,-1.71,0,0
-4.04,11.38,0,0
10.76,-1.7,0,0
14.73,-1.91,1,0
-1.61,10.4,0,0
13.39,-0.6,1,0
10.7,-3.61,0,0
-1.91,10.06,0,0
12.69,-3.92,1,0
9.79,-2.88,0,0
-1.99,1.0,1,0
12.17,-2.81,0,0
9.05,-2.68,0,0
-3.64,-0.92,0,0
10.74,-1.43,0,0
-2.48,-1.0,0,0
8.19,-1.56,0,0
3.29,5.09,0,0
11.61,-0.87,0,0
-0.27,8.5,1,0
13.08,11.54,1,0
9.55,-1.71,0,0
14.67,-1.01,1,0
11.12,-2.48,0,0
10.31,11.17,0,0
13.32,-2.77,0,0
10.25,10.14,1,0
-2.38,0.17,0,0
-2.89,1.37,1,0
-2.19,12.06,0,0
4.89,5.81,0,0
-3.7,-0.32,1,0
9.27,12.59,0,0
8.87,-1.75,0,0
-3.99,-0.31,0,0
12.97,10.59,1,0
8.74,14.92,0,0
-1.4,10.42,0,0
9.55,-3.46,0,0
10.72,13.08,0,0
12.21,-1.26,0,0
10.82,1.17,1,0
9.02,14.37,0,0
7.83,13.0,0,0
12.73,-1.55,0,0
9.82,-1.63,0,0
8.75,12.99,0,0
14.72,11.52,1,0
-3.54,10.3,0,0
-5.56,0.39,0,0
-1.3,-0.76,0,0
14.12,-1.58,1,0
-2.07,0.6,0,0
13.89,-3.02,1,0
-2.53,-1.19,0,0
9.81,15.78,0,0
13.66,14.37,1,0
-4.14,7.02,1,0
-2.97,2.38,1,0
12.4,-1.09,1,0
11.4,-4.3,0,0
9.92,-1.88,0,0
13.72,-1.94,1,0
11.34,-3.6,0,0
11.12,15.53,0,0
-1.86,-0.82,0,0
13.29,-2.55,0,0
11.26,-3.14,0,0
10.35,12.9,0,0
13.15,-1.95,1,0
11.13,14.94,0,0
-2.45,0.29,0,0
-4.31,1.59,1,0
-4.05,4.02,1,0
8.15,12.37,0,0
-3.38,10.46,0,0
-4.15,-0.27,0,0
3.24,4.67,0,0
-3.21,1.27,1,0
10.62,-0.89,1,0
11.86,12.73,0,0
13.71,-0.39,1,0
5.71,4.28,0,0
9.1,-1.96,0,0
-4.69,-0.21,0,0
11.43,-3.53,0,0
5.66,3.71,0,0
11.23,13.04,0,0
-2.04,10.56,0,0
12.36,-0.9,1,0
11.03,13.98,0,0
-2.09,0.73,0,0
13.82,-0.73,1,0
-1.6,0.79,0,0
14.36,-1.6,1,0
-4.18,0.09,0,0
14.04,-0.16,1,0
10.28,11.13,0,0
10.92,-2.9,1,0
-3.55,10.91,0,0
12.12,-1.05,1,0
12.01,-2.72,0,0
-3.45,2.67,1,0
-1.29,-1.57,0,0
11.37,-1.77,0,0
11.72,-4.82,0,0
8.83,10.79,0,0
9.54,12.62,0,0
-3.52,10.5,0,0
-3.07,2.81,1,0
14.05,-1.5,1,0
9.61,-1.85,0,0
11.8,-2.73,0,0
8.83,13.13,0,0
9.13,13.95,0,0
10.28,-2.03,0,0
15.85,11.28,1,0
6.92,3.31,0,0
12.9,10.29,1,0
12.25,-0.77,1,0
8.95,12.37,0,0
-1.35,12.42,0,0
10.87,-3.4,0,0
11.62,9.64,1,0
10.36,0.09,0,0
8.82,-1.86,0,0
15.33,1.73,1,0
12.52,14.09,0,0
-4.67,3.43,1,0
10.15,8.9,1,0
-3.39,10.18,0,0
-3.42,0.23,0,0
12.76,-2.26,0,0
9.94,15.22,0,0
10.14,14.22,0,0
12.55,-2.46,0,0
-1.1,9.79,1,0
-5.19,2.3,1,0
10.6,13.61,0,0
-2.02,9.55,1,0
9.98,-0.21,0,0
10.78,-2.79,0,0
-0.28,10.35,0,0
3.74,7.24,0,1
9.45,13.17,0,0
8.4,12.83,0,0
9.9,12.34,0,0
8.44,13.07,0,0
13.41,-1.89,1,0
12.1,10.37,1,0
15.69,-0.53,1,0
9.22,12.65,0,0
10.38,11.76,0,0
13.52,14.21,1,0
10.49,14.26,0,0
11.88,13.2,0,0
-1.47,0.2,0,0
12.44,-2.09,1,0
11.42,-2.25,1,0
10.11,-3.88,0,0
5.19,3.78,0,0
11.63,13.7,0,0
-4.66,2.67,1,0
-2.16,8.84,1,0
10.94,13.55,0,0
-3.46,9.89,0,0
-2.94,9.99,0,0
15.41,0.03,1,0
-4.44,-1.1,0,0
13.8,-1.62,1,0
14.19,-0.75,1,0
11.04,-1.94,0,0
12.79,13.9,1,0
11.69,12.23,1,0
12.22,14.98,0,0
8.11,-2.57,0,0
14.66,10.23,1,0
12.86,12.04,1,0
15.74,-1.5,1,0
8.73,12.58,0,0
9.55,-0.95,0,0
-3.45,9.22,1,0
11.27,-1.04,1,0
9.02,12.4,0,0
11.21,-1.52,0,0
16.47,-0.93,1,0
-6.57,2.0,1,0
9.9,-1.92,0,0
9.66,11.75,0,0
-4.15,-0.27,0,0
9.8,12.99,0,0
7.15,14.54,0,0
11.06,14.54,0,0
10.66,-1.93,0,0
11.33,13.19,0,0
10.92,-1.93,0,0
13.06,12.05,1,0
11.51,-1.38,0,0
-5.13,11.07,1,0
12.1,13.46,1,0
-2.25,-0.51,0,0
11.01,-3.22,0,0
10.3,-2.05,0,0
-5.32,-0.05,0,0
11.83,-1.83,0,0
-2.45,0.03,0,0
11.03,-1.52,0,0
10.97,13.81,0,0
13.81,-1.86,1,0
8.82,-1.32,0,0
-3.28,9.97,0,0
13.1,-2.95,1,0
15.43,0.02,1,0
8.84,-2.4,0,0
10.39,-1.92,0,0
10.79,14.5,0,0
-4.37,-0.55,0,0
9.99,-2.98,0,0
-2.29,11.15,0,0
-0.41,10.88,0,0
14.54,-0.34,1,0
9.77,15.34,0,0
13.27,-1.4,0,0
12.82,-0.73,1,0
16.01,11.18,1,0
-1.6,-0.96,0,0
-3.14,3.54,1,0
9.37,13.27,0,0
11.28,12.89,0,0
11.61,-2.81,0,0
12.44,-2.11,0,0
-5.15,1.44,1,0
-4.7,3.85,1,0
-3.87,-0.36,0,0
-3.61,7.97,1,0
11.53,13.01,0,0
13.1,11.05,1,0
10.32,-1.35,0,0
14.47,-1.28,1,0
12.9,-3.64,1,0
-3.84,-1.18,0,0
10.55,13.14,0,0
-1.66,0.97,0,0
8.97,-1.46,0,0
10.8,13.75,0,0
15.18,11.26,1,0
8.77,-1.36,0,0
-2.01,-0.55,0,0
13.67,-1.43,1,0
13.39,-0.34,1,0
-5.08,1.87,1,0
-4.08,1.02,0,0
15.77,-1.49,1,0
13.25,-1.86,1,0
-4.1,10.79,0,0
13.58,-0.43,1,0
-5.57,0.55,1,0
12.99,9.72,1,0
7.93,11.89,0,0
-4.87,2.06,1,0
11.67,14.97,0,0
12.11,-3.12,0,0
-2.71,9.51,0,0
12.84,-1.45,1,0
9.23,11.95,0,0
-2.09,9.36,1,0
7.44,-1.38,0,0
8.3,14.88,0,0
-2.74,9.0,0,0
-2.04,-1.33,0,0
12.05,9.65,1,0
13.94,12.4,1,0
13.04,-3.17,0,0
10.21,-3.37,0,0
9.29,11.3,0,0
-3.34,-0.45,0,0
10.91,-0.88,0,0
10.27,13.17,0,0
10.83,14.25,0,0
-2.83,0.32,0,0
10.43,12.47,0,0
14.14,-2.27,1,0
10.98,-2.73,0,0
10.89,12.85,0,0
11.58,-0.14,1,0
-1.49,10.96,0,0
-3.48,10.76,0,0
0.06,6.1,0,0
10.31,13.22,0,0
11.87,-4.38,0,0
10.78,-3.96,0,0
9.84,12.23,0,0
7.97,14.6,0,0
12.55,-1.41,0,0
-3.3,0.47,1,0
10.28,0.11,1,0
14.42,13.71,1,0
12.2,-3.08,1,0
-1.8,-0.52,0,0
12.61,-3.32,1,0
11.95,-3.87,0,0
-3.79,-0.07,0,0
-1.25,10.72,1,0
16.24,0.12,1,0
10.18,13.86,0,0
11.71,-3.7,1,0
-2.27,-0.18,0,0
8.38,-1.4,0,0
11.92,14.73,0,0
10.73,-1.73,0,0
12.72,-0.95,1,0
10.96,-2.23,0,0
14.67,1.06,1,0
9.7,-4.46,0,0
-4.0,8.26,1,0
11.76,-3.38,0,0
12.67,-2.95,1,0
12.83,-2.19,0,0
10.51,-1.88,0,0
-2.17,8.11,1,0
14.38,11.72,1,0
10.81,12.67,0,0
12.89,0.11,1,0
12.58,-3.21,1,0
10.35,-2.53,0,0
12.79,-0.01,1,0
10.8,14.8,0,0
9.67,-3.08,0,0
9.44,11.56,0,0
-3.49,2.67,1,0
11.79,-3.52,0,0
-0.94,1.91,1,0
-2.61,1.15,0,0
-4.56,1.84,1,0
-1.92,1.23,1,0
12.35,-1.43,1,0
-2.17,8.26,1,0
10.55,-1.45,0,0
9.65,-3.08,0,0
12.06,-0.68,1,0
6.26,4.63,0,0
10.95,-2.83,0,0
9.05,-2.28,0,0
10.93,-0.76,1,0
10.02,-2.67,0,0
8.77,-3.01,0,0
11.56,-2.78,0,0
8.48,14.46,0,0
9.49,-2.93,0,0
-3.32,7.11,1,0
-0.77,10.75,0,0
13.36,-1.74,1,0
9.15,13.29,0,0
8.82,-2.94,0,0
14.6,10.08,1,0
-0.27,9.3,0,0
0.3,9.99,0,0
9.61,-1.18,0,0
11.91,14.82,0,0
11.72,10.5,1,0
-4.11,-0.06,0,0
5.69,4.22,0,0
11.88,-3.35,0,0
9.4,-2.61,0,0
-1.19,2.3,1,0
14.03,-2.05,1,0
10.32,-3.67,0,0
-3.17,11.09,0,0
12.0,-1.47,0,0
10.52,10.59,0,0
12.62,12.59,1,0
12.06,12.4,1,0
-0.2,10.69,0,0
8.84,13.73,0,0
16.22,11.21,1,0
-2.63,0.7,0,0
-5.98,2.28,1,0
10.35,13.68,0,0
7.37,-2.44,0,0
-4.31,10.24,0,0
12.57,-2.63,0,0
-3.85,0.25,0,0
12.6,-3.22,1,0
13.84,11.44,1,0
12.53,-1.19,0,0
11.47,-2.25,0,0
8.94,-3.0,0,0
-1.21,8.23,1,0
11.28,-1.99,0,0
9.42,14.2,0,0
11.25,10.3,1,0
10.18,-2.72,0,0
9.77,-1.36,0,0
8.45,14.16,0,0
14.67,-0.29,1,0
-4.37,-0.08,0,0
9.89,13.29,0,0
8.72,13.91,0,0
13.56,0.06,1,0
-3.59,10.55,0,0
9.64,-3.54,0,0
9.76,-0.67,0,0
10.71,14.95,0,0
-3.45,-1.81,0,0
-5.16,6.76,1,0
12.05,-2.95,0,0
-2.55,1.1,1,0
13.52,-1.74,1,0
-4.54,2.23,1,0
10.47,13.84,0,0
-2.18,1.46,0,0
12.98,11.51,1,0
14.06,-1.35,1,0
8.93,13.09,0,0
10.12,-2.14,0,0
-4.98,-0.83,0,0
10.55,13.72,0,0
8.78,-3.37,0,0
15.5,11.74,1,0
10.42,13.6,0,0
9.71,-2.16,0,0
14.47,0.37,1,0
12.08,12.16,1,0
13.58,-2.61,1,0
11.27,-3.36,1,0
13.32,-4.46,1,0
-4.06,2.24,1,0
1.89,3.23,0,0
12.93,-2.17,1,0
10.46,-1.81,1,0
7.53,3.67,1,0
8.36,-3.1,0,0
-0.84,1.23,0,0
10.95,11.85,1,0
-4.21,0.26,0,0
13.35,1.08,1,0
11.57,-4.27,0,0
10.61,-3.79,0,0
13.85,-3.71,1,0
14.3,-3.93,0,0
11.71,12.67,0,0
12.25,-1.16,0,0
-2.33,-0.07,0,0
-5.07,0.02,1,0
10.44,-1.43,0,0
12.3,-0.61,1,0
-3.74,0.24,0,0
13.63,13.29,1,0
10.27,14.48,0,0
11.65,14.05,0,0
12.06,-2.62,1,0
9.65,-3.19,0,0
-1.97,3.96,1,0
-2.87,11.02,0,0
12.13,10.26,1,0
12.34,-2.89,0,0
14.16,-1.35,1,0
11.68,11.92,0,0
-6.89,3.56,1,0
11.99,-1.37,1,0
11.26,13.71,0,0
-1.02,5.74,1,0
11.45,-2.83,0,0
12.69,-3.05,0,0
15.26,0.44,1,0
12.2,12.6,1,0
13.66,-1.11,1,0
-0.6,7.88,1,0
9.25,-1.47,0,0
12.86,-1.24,0,0
-4.19,0.89,1,0
9.69,-2.79,0,0
11.69,-2.91,0,0
-3.24,2.6,1,0
9.0,13.55,0,0
10.58,13.26,0,0
-2.52,-0.3,0,0
11.0,13.78,0,0
8.64,13.1,0,0
-3.76,0.42,1,0
12.03,-1.28,1,0
10.41,-3.71,0,0
10.42,-2.53,0,0
12.57,0.43,1,0
-1.35,-1.17,0,0
9.32,-0.14,0,0
12.22,-1.15,1,0
8.44,14.05,0,0
11.59,12.98,0,0
-2.99,-0.42,0,0
-3.5,0.87,1,0
-4.66,-1.65,0,0
9.69,-2.64,0,0
10.72,13.87,0,0
8.94,13.59,0,0
-3.97,12.54,1,0
9.17,-2.45,0,0
13.02,-2.09,1,0
9.38,13.37,0,0
-3.22,-1.09,0,0
11.64,-3.81,0,0
-2.33,1.02,0,0
11.5,12.83,0,0
12.26,12.9,1,0
10.37,11.0,1,0
-1.16,9.31,0,0
12.93,-2.14,0,0
-3.88,-0.65,0,0
12.24,1.13,1,0
13.04,11.4,1,0
10.64,10.85,0,0
15.42,0.99,1,0
-4.15,-0.34,1,0
-1.53,6.37,1,0
11.45,13.23,0,0
-2.24,-0.79,0,0
-2.21,-0.45,0,0
10.36,-3.45,0,0
-3.16,8.69,1,0
9.11,13.24,0,0
13.94,-0.13,1,0
8.16,-2.84,0,0
11.2,14.29,0,0
8.82,-2.54,0,0
11.04,14.44,0,0
9.4,11.96,0,0
7.74,12.2,0,0
12.81,-5.42,1,0
11.12,13.9,0,0
8.15,-3.55,0,0
-3.44,11.14,0,0
10.74,10.22,0,0
-3.0,4.07,1,0
8.43,12.83,0,0
12.77,13.86,1,0
10.76,13.7,0,0
8.59,13.36,0,0
-1.82,9.41,0,0
-2.24,11.25,0,0
12.28,-1.0,0,0
11.0,12.37,0,0
-2.79,10.44,0,0
11.22,12.39,0,0
12.48,12.98,1,0
-3.42,0.52,1,0
-2.09,0.81,1,0
10.56,-2.05,0,0
-3.21,3.78,1,0
11.21,14.26,0,0
10.08,-3.75,0,0
17.0,-0.11,1,0
13.93,-1.78,1,0
-4.57,-0.62,0,0
14.16,12.08,1,0
-4.17,6.1,1,0
11.69,-2.9,0,0
-4.01,-2.27,0,0
9.79,14.66,0,0
-3.42,0.12,1,0
9.66,12.2,0,0
-4.97,2.14,1,0
-4.14,-0.34,0,0
11.89,-2.09,1,0
9.54,-2.09,0,0
10.84,-0.59,0,0
11.23,14.57,0,0
8.88,11.41,0,0
7.62,-4.31,0,0
13.22,8.78,1,0
8.36,12.33,0,0
-1.8,9.94,0,0
-5.67,0.22,1,0
-4.71,0.62,1,0
-2.29,9.51,0,0
11.2,-2.24,0,0
10.06,-2.37,0,0
12.29,-4.05,0,0
10.28,-2.61,0,0
-1.43,-0.23,0,0
13.94,-1.86,1,0
13.1,9.34,1,0
-1.55,7.47,1,0
11.25,15.86,0,0
11.63,13.74,0,0
11.96,-1.35,0,0
15.11,14.4,1,0
11.24,12.1,0,0
12.34,12.0,1,0
11.78,12.31,0,0
-3.17,3.49,1,0
10.44,11.01,0,0
9.41,-2.04,0,0
12.94,10.92,1,0
10.49,-1.24,0,0
-4.02,1.67,1,0
13.49,-2.21,1,0
14.99,-0.88,1,0
13.64,13.59,1,0
7.69,13.67,0,0
9.09,-2.25,0,0
14.88,-1.43,1,0
13.9,-0.02,1,0
-4.26,-1.42,0,0
-2.48,3.59,1,0
10.17,14.16,0,0
10.57,12.9,0,0
9.55,-3.56,0,0
14.83,-0.96,1,0
-3.45,11.72,0,0
11.94,-1.05,0,0
11.82,-2.66,0,0
8.54,15.94,0,0
13.3,-2.83,1,0
9.63,-3.08,0,0
8.75,13.08,0,0
-1.89,0.31,0,0
11.16,-2.78,0,0
-3.96,7.64,1,0
-3.52,-0.32,0,0
-4.13,2.13,1,0
8.41,12.93,0,0
-6.67,5.11,1,1
12.15,10.94,1,0
-2.04,10.45,0,0
-3.6,10.72,0,0
8.86,-1.61,0,0
-1.68,10.56,0,0
12.23,14.66,0,0
10.43,14.64,0,0
10.47,-1.86,0,0
12.73,10.05,1,0
11.44,-3.09,0,0
11.83,-1.0,0,0
-0.75,0.06,0,0
11.27,-3.97,0,0
11.42,-1.67,1,0
9.02,13.61,0,0
10.44,-3.47,0,0
13.13,-2.07,1,0
11.19,-3.4,0,0
1.78,3.39,0,0
-2.75,2.65,1,0
12.53,-3.51,1,0
14.81,1.41,1,0
11.44,13.08,0,0
10.62,-1.56,0,0
10.32,-1.26,0,0
10.48,11.26,0,0
13.29,-0.56,1,0
10.95,-2.49,0,0
-2.97,1.49,0,0
13.91,0.82,1,0
12.69,-2.17,1,0
8.45,13.49,0,0
-1.65,10.28,0,0
10.54,11.85,0,0
12.26,-4.02,1,0
12.68,-0.22,1,0
10.73,14.13,0,0
-1.32,9.63,1,0
11.69,11.32,1,0
12.26,-1.01,1,0
9.98,-2.16,0,0
12.46,9.99,1,0
-2.97,0.6,1,0
13.14,-0.61,1,0
-3.3,8.65,1,0
14.07,-1.93,1,0
12.77,12.4,1,0
-3.57,-1.02,0,0
10.79,-1.89,0,0
-4.54,3.53,1,0
11.15,-4.29,0,0
11.05,-2.93,0,0
-1.41,8.09,1,0
-2.25,11.37,0,0
13.15,-0.2,1,0
11.15,12.87,0,0
-3.37,1.28,1,0
-0.58,-2.7,1,0
12.19,-0.95,1,0
-5.55,2.48,1,0
10.49,12.41,0,0
-4.09,-1.14,0,0
9.19,-1.59,0,0
13.8,-1.88,1,0
7.71,-3.28,0,0
-5.1,-0.42,0,0
12.58,-0.76,1,0
13.54,-1.59,1,0
12.74,-1.97,0,0
11.68,13.76,0,0
11.07,-4.84,0,0
9.01,-3.27,0,0
10.96,-3.04,0,0
6.41,5.12,0,0
11.36,-2.89,0,0
12.38,-2.23,0,0
12.25,-2.63,1,0
-2.8,6.5,1,0
11.77,-3.79,0,0
11.22,13.37,0,0
9.91,-3.82,0,0
8.72,13.44,0,0
14.45,12.27,1,0
10.45,-2.53,0,0
-2.41,1.14,1,0
-4.18,1.94,1,0
2.16,4.32,0,0
-3.74,0.52,0,0
9.2,-2.0,0,0
13.95,-1.04,1,0
9.31,-2.78,0,0
9.17,-1.83,0,0
10.54,7.94,0,0
-3.45,0.3,0,0
-1.65,10.45,0,0
10.26,-2.66,0,0
-4.32,-0.76,0,0
9.56,-3.06,0,0
10.39,13.56,0,0
-3.76,11.22,1,0
-4.64,-0.55,0,0
9.91,-1.27,0,0
11.57,-3.11,0,0
-2.17,6.92,1,0
-2.11,0.75,1,0
11.38,-4.27,0,0
11.43,-0.92,1,0
-3.09,0.27,0,0
10.5,-3.73,0,0
11.11,-1.36,0,0
8.87,13.47,0,0
9.63,12.85,0,0
9.56,-2.04,0,0
12.26,11.99,1,0
13.01,-3.1,1,0
-3.78,0.44,0,0
9.56,14.18,0,0
10.25,-4.37,0,0
-3.59,-0.96,0,0
-3.86,0.85,0,0
9.96,-3.06,0,0
-1.88,8.93,1,0
10.59,-1.91,0,0
11.75,-0.43,0,0
9.85,-2.93,0,0
8.25,12.44,0,0
-1.08,10.35,0,0
11.25,-1.89,0,0
-4.73,-0.07,1,0
-2.55,10.03,1,0
-0.54,11.04,0,0
10.6,13.58,0,0
7.39,-0.12,0,0
13.3,11.59,1,0
-2.79,-0.8,0,0
12.59,-1.46,1,0
10.02,13.01,0,0
-2.53,-1.09,0,0
9.18,11.46,0,0
11.7,-2.92,0,0
10.18,0.31,1,0
-4.74,9.96,0,0
13.84,-2.21,1,0
-4.33,0.34,0,0
10.98,13.54,0,0
7.85,13.73,0,0
12.22,-0.9,1,0
9.69,11.75,0,0
10.25,-4.48,0,0
10.6,-1.68,0,0
9.84,-2.81,0,0
-2.76,2.44,1,0
11.2,12.89,0,0
-2.73,-0.37,0,0
10.2,-2.82,0,0
12.57,1.66,0,0
-5.58,1.94,1,0
13.99,11.54,1,0
10.95,-1.56,0,0
9.28,12.98,0,0
11.26,-3.23,0,0
14.48,-0.97,1,0
-2.08,-1.07,0,0
10.14,14.74,0,0
-3.71,0.26,0,0
-2.3,2.4,1,0
12.94,11.4,1,0
-2.01,-0.02,0,0
13.19,-0.23,1,0
8.77,12.46,0,0
12.34,-2.34,1,0
17.02,11.51,1,0
9.7,13.05,0,0
18.66,1.64,1,1
-1.6,10.47,1,0
10.04,-3.43,0,0
-2.93,9.76,1,0
11.76,-2.85,0,0
10.57,12.37,0,0
7.57,14.22,0,0
9.29,-1.58,0,0
-5.14,3.86,1,0
-4.44,0.33,0,0
-4.34,0.83,1,0
10.08,13.38,0,0
-4.16,0.18,0,0
9.4,12.34,0,0
10.24,-1.11,0,0
14.74,0.57,1,0
9.67,-1.87,0,0
7.92,12.74,0,0
12.66,8.69,1,0
11.38,-0.98,1,0
-2.23,7.51,1,0
7.89,13.48,0,0
-2.05,9.0,0,0
-3.49,10.86,0,0
12.79,-2.96,1,0
-2.05,12.25,0,0
11.36,10.64,1,0
12.12,14.35,0,0
13.19,-0.32,1,0
-4.11,0.37,0,0
12.21,-1.55,0,0
11.82,-4.4,0,0
12.63,-2.19,0,0
-3.95,-0.8,0,0
10.28,14.42,0,0
14.41,-2.1,1,0
15.54,9.45,1,0
11.32,-2.02,0,0
9.38,-2.79,0,0
12.83,-2.33,0,0
13.98,-1.42,1,0
10.83,-0.56,1,0
-3.89,4.06,1,0
-1.67,10.7,0,0
9.96,-1.98,0,0
10.68,-1.69,0,0
-2.95,-0.23,0,0
10.01,-2.88,0,0
10.48,11.57,0,0
8.76,12.94,0,0
12.21,14.16,0,0
10.46,-3.88,0,0
3.04,4.52,0,0
11.98,-3.19,1,0
15.75,-1.6,1,0
12.63,-2.56,1,0
12.09,-0.9,0,0
-3.68,1.28,1,0
13.65,0.16,1,0
-1.87,1.54,0,0
-1.61,-0.34,1,0
11.17,-0.74,1,0
8.82,-3.75,0,0
-4.48,1.56,1,0
13.87,-3.93,1,0
9.14,12.39,0,0
11.37,11.69,0,0
11.75,-2.77,0,0
-2.56,-0.64,0,0
-3.94,2.56,1,0
9.76,-1.7,0,0
8.87,13.92,0,0
12.69,-3.7,0,0
13.46,-2.61,1,0
7.07,4.61,0,0
11.09,-0.76,0,0
10.12,-2.86,0,0
-1.1,7.53,1,0
12.92,-2.67,1,0
9.5,-3.48,0,0
-2.79,1.95,1,0
-4.87,9.08,1,0
12.63,-5.03,0,0
-1.84,10.17,0,0
-5.21,0.65,1,0
-1.42,9.34,1,0
-2.82,1.14,0,0
-3.02,11.28,0,0
12.24,-1.09,1,0
10.3,11.91,0,0
-4.58,2.62,1,0
-1.66,12.6,0,0
11.97,-2.82,1,0
10.03,11.45,0,0
9.2,-1.91,0,0
-4.15,0.52,0,0
10.14,-1.35,0,0
-1.7,9.71,1,0
-2.99,0.69,0,0
9.55,13.32,0,0
-2.64,1.92,1,0
14.37,-1.28,1,0
11.35,13.93,0,0
8.14,13.79,0,0
14.22,12.65,1,0
12.58,-3.59,1,0
-4.28,-0.57,0,0
-4.98,4.12,1,0
16.42,10.68,1,0
9.26,14.29,0,0
9.03,12.95,0,0
11.25,0.96,1,0
9.06,-1.82,0,0
11.76,12.88,1,0
-2.04,-1.41,0,0
12.48,-2.87,0,0
11.51,-0.39,1,0
-2.8,-1.21,0,0
-4.16,0.45,1,0
11.05,15.33,0,0
14.04,-2.27,1,0
9.48,-0.81,0,0
11.96,-1.39,0,0
11.1,-1.68,0,0
-1.12,1.16,0,0
7.1,11.86,0,0
8.66,-1.97,0,0
9.81,-2.39,0,0
-2.66,0.47,0,0
-3.51,2.68,1,0
11.43,-4.57,0,0
-2.2,6.8,1,0
15.44,-0.41,1,0
10.64,-3.57,0,0
10.69,-1.81,0,0
11.39,-1.29,0,0
13.04,13.38,1,0
11.61,14.15,0,0
12.77,-0.54,1,0
14.54,12.43,1,0
13.85,-2.02,1,0
-3.11,-1.11,0,0
10.81,12.01,0,0
12.54,-4.06,1,0
12.64,0.31,1,0
12.23,13.32,1,0
12.26,-1.95,0,0
12.54,0.23,1,0
10.25,12.08,0,0
10.54,12.81,0,0
10.37,10.53,0,0
11.23,-1.59,0,0
11.63,13.05,0,0
12.28,-1.09,0,0
13.02,8.93,1,0
12.48,-3.35,1,0
11.7,13.43,0,0
8.75,-2.86,0,0
11.68,-3.13,0,0
-2.18,3.27,1,0
-1.94,8.13,0,0
-2.1,9.55,0,0
16.81,-1.01,1,0
12.34,11.34,1,0
9.68,9.15,1,0
-1.83,9.53,0,0
11.3,-1.39,0,0
9.9,-2.2,0,0
11.32,13.42,0,0
12.94,-3.73,0,0
13.1,-2.49,1,0
-0.96,11.77,0,0
2.8,3.02,0,0
7.51,10.74,0,0
11.37,-2.23,0,0
-1.7,10.51,0,0
-4.25,-0.07,0,0
-4.82,1.06,1,0
9.29,12.73,0,0
12.93,-2.58,0,0
-2.72,2.42,1,0
-2.93,9.06,1,0
8.33,14.53,0,0
-3.25,0.66,1,0
10.54,15.31,0,0
10.11,13.78,0,0
12.39,11.08,1,0
13.07,-1.18,1,0
12.88,12.24,1,0
13.57,9.93,1,0
11.04,-1.77,0,0
10.72,-1.77,0,0
10.21,16.18,0,0
11.72,-1.0,0,0
12.03,-0.73,1,0
10.63,-0.26,1,0
12.41,-1.6,0,0
10.29,-0.77,0,0
-1.45,8.64,1,0
9.23,14.2,0,0
11.08,-3.71,0,0
10.9,13.72,0,0
13.28,-2.36,1,0
-4.36,1.95,1,0
10.89,-3.64,0,0
13.44,-0.44,1,0
12.98,-2.95,1,0
-3.63,-0.28,0,0
10.21,-4.4,0,0
-1.77,9.17,1,0
-2.01,0.13,0,0
13.99,-0.95,1,0
12.54,-2.11,0,0
15.71,-1.67,1,0
7.34,-1.84,0,0
11.76,-0.68,1,0
13.63,-0.18,1,0
-3.21,0.36,0,0
11.44,-3.26,0,0
9.23,-4.12,0,0
-2.65,4.35,1,0
9.41,-2.58,0,0
11.37,-1.0,1,0
13.97,9.51,1,0
11.4,14.43,0,0
9.94,-2.08,0,0
-4.1,10.92,0,0
-4.03,-0.84,0,0
13.1,-3.13,1,0
9.96,-3.81,0,0
9.62,-1.88,0,0
13.17,-2.14,1,0
-2.7,2.22,1,0
-5.5,-2.56,0,0
10.28,9.78,0,0
10.22,-4.01,0,0
-2.86,7.34,1,0
8.62,10.09,0,0
-3.84,0.53,0,0
10.68,13.39,0,0
12.03,-2.11,1,0
9.68,12.55,0,0
11.25,-2.05,0,0
10.81,13.58,0,0
9.65,-2.93,0,0
11.62,10.2,1,0
11.26,-2.09,0,0
9.96,-2.66,0,0
-3.25,10.43,0,0
10.31,-2.67,0,0
7.17,14.46,0,0
-3.62,10.6,0,0
13.83,-3.57,1,0
10.99,-0.59,1,0
9.6,13.29,0,0
-2.34,6.7,1,0
-2.19,2.65,0,0
11.66,13.25,0,0
11.74,-0.86,1,0
11.97,0.05,1,0
10.69,-1.6,0,0
10.77,15.84,1,0
-2.39,-0.13,0,0
11.67,-2.09,0,0
11.28,-4.29,0,0
-3.82,-0.15,0,0
-3.33,0.78,0,0
5.69,5.58,0,0
11.23,-1.51,0,0
10.12,-2.63,0,0
9.83,-3.02,0,0
10.07,11.97,0,0
11.28,12.75,0,0
-3.88,9.71,1,0
-3.76,-1.35,0,0
-4.1,2.04,1,0
11.72,-3.65,0,0
10.59,-4.16,0,0
11.38,-2.93,0,0
9.3,-3.3,0,0
15.9,-0.74,1,0
11.63,-2.84,0,0
12.66,-0.64,1,0
10.46,11.24,0,0
13.31,0.88,1,0
-2.15,0.57,0,0
9.88,11.63,0,0
9.52,12.57,0,0
8.71,-3.22,0,0
10.55,12.28,0,0
13.06,-1.27,1,0
11.19,-3.14,0,0
12.14,-0.94,1,0
12.53,-2.23,1,0
11.81,-2.55,0,0
-3.48,10.07,0,0
-4.23,-0.18,0,0
-2.83,-0.1,0,0
-3.6,0.24,0,0
-1.78,9.61,0,0
11.63,-1.18,0,0
-1.44,1.72,1,0
10.56,10.14,1,0
8.53,11.76,0,0
11.16,11.61,0,0
13.93,-0.55,1,0
-3.69,0.01,0,0
12.76,9.38,1,0
11.32,-1.31,1,0
9.7,-3.77,0,0
12.84,-1.11,1,0
-5.36,-0.25,1,0
12.49,-1.97,1,0
12.39,-1.12,1,0
8.77,-1.96,0,0
13.97,9.4,1,0
13.24,-0.39,1,0
11.39,-1.18,0,0
14.01,-0.83,1,0
11.74,-2.94,0,0
4.51,3.98,0,0
15.09,-0.93,1,0
11.11,14.16,0,0
13.47,10.57,1,0
-4.43,2.4,1,0
0.84,8.7,1,0
6.08,3.88,0,0
-1.9,8.85,1,0
-1.9,10.7,0,0
12.5,-1.28,1,0
-4.23,0.47,1,0
8.67,12.11,0,0
7.79,13.04,0,0
11.03,-2.14,0,0
10.22,-3.56,0,0
11.58,12.32,0,0
13.11,-3.35,1,0
11.36,-1.63,0,0
-3.88,-0.27,0,0
-2.89,-0.73,0,0
-1.06,3.46,1,0
9.08,13.84,0,0
10.86,-1.57,0,0
10.6,12.56,0,0
13.07,-1.1,0,0
-3.5,3.07,1,0
10.9,-1.96,0,0
10.39,-1.55,0,0
10.5,15.14,0,0
-3.83,0.94,1,0
10.11,-8.53,0,1
-2.84,-0.59,0,0
10.22,15.39,0,0
-4.03,0.92,1,0
11.73,12.77,1,0
15.2,10.95,1,0
10.42,-1.95,0,0
11.4,-3.14,0,0
11.3,-2.07,0,0
10.15,-1.6,0,0
11.88,-2.83,0,0
11.5,-3.29,0,0
8.78,-2.79,0,0
-2.73,1.34,1,0
10.45,-3.41,0,0
-1.76,0.17,0,0
-0.15,11.03,0,0
10.49,13.15,0,0
8.06,15.2,0,0
15.22,-1.92,1,0
12.78,-2.38,1,0
13.11,11.4,1,0
9.65,-1.5,0,0
9.51,12.97,0,0
10.34,-1.9,0,0
9.34,13.96,0,0
-2.46,8.06,1,0
-3.99,2.2,1,0
11.41,12.67,0,0
4.17,4.14,0,0
14.07,-1.45,1,0
8.2,-3.59,0,0
8.8,-2.51,0,0
13.26,-2.59,1,0
11.24,-2.21,0,0
-2.7,1.93,1,0
8.32,11.37,0,0
11.37,-1.66,1,0
12.29,-2.78,1,0
8.37,-2.3,0,0
-4.18,6.92,1,0
13.1,-2.19,1,0
-4.21,0.06,0,0
-3.85,10.19,0,0
13.21,-0.94,1,0
-1.93,0.72,1,0
9.23,-2.54,0,0
7.77,13.25,0,0
-0.91,9.65,1,0
-1.54,9.29,1,0
-4.27,9.13,1,0
11.59,-4.41,0,0
12.4,-0.44,1,0
10.03,-2.02,0,0
10.86,-1.2,0,0
11.53,-3.11,0,0
-3.8,1.72,1,0
10.12,-2.49,0,0
10.67,13.24,0,0
12.92,-0.22,1,0
11.41,-1.12,0,0
9.54,-2.25,0,0
16.82,12.11,1,0
9.61,12.65,0,0
12.46,-2.34,1,0
11.18,13.04,0,0
13.93,9.51,1,0
11.9,-3.27,0,0
13.33,-1.79,1,0
11.17,11.22,1,0
-0.94,10.34,1,0
-4.26,9.65,0,0
7.56,13.75,0,0
11.71,-0.1,1,0
9.74,-1.06,0,0
10.34,-4.4,0,0
12.31,1.15,1,0
-2.06,-0.57,0,0
15.06,0.5,1,0
13.64,-0.85,1,0
11.57,-0.33,1,0
13.71,-1.93,1,0
-0.66,-1.13,0,0
11.17,-1.27,0,0
12.29,12.08,1,0
10.74,12.07,0,0
13.87,13.74,1,0
11.9,-0.88,0,0
10.56,12.1,0,0
-3.71,4.21,1,0
-3.95,0.55,0,0
12.08,-2.83,0,0
-1.8,11.26,0,0
13.97,14.44,1,0
11.67,12.93,1,0
11.66,-1.61,0,0
9.62,-2.03,0,0
16.46,8.97,1,0
12.73,11.98,1,0
8.77,14.27,0,0
11.42,-1.44,0,0
12.04,-0.87,1,0
14.99,-1.65,1,0
5.1,3.74,0,0
-3.07,0.25,0,0
16.92,0.64,1,0
10.79,-3.13,0,0
8.75,15.22,0,0
12.64,10.75,1,0
11.63,-1.26,0,0
8.32,13.57,0,0
6.63,3.55,0,0
9.16,13.05,0,0
11.69,12.72,0,0
9.77,13.35,0,0
11.65,-2.77,0,0
12.95,9.72,1,0
-1.81,-0.34,0,0
12.61,14.09,0,0
11.07,-1.89,0,0
-4.21,9.33,1,0
9.81,11.25,0,0
10.15,11.45,0,0
11.76,13.25,1,0
-2.96,-1.18,0,0
-2.87,-2.43,0,0
12.25,10.97,1,0
-2.98,9.93,0,0
12.45,10.52,1,0
8.97,12.71,0,0
15.43,9.79,1,0
9.11,15.25,0,0
12.04,-2.79,0,0
11.36,-3.16,0,0
10.63,-3.77,0,0
-3.74,-0.89,0,0
9.96,-2.07,0,0
15.05,12.4,1,0
-2.34,0.52,0,0
12.07,-1.42,0,0
11.07,-2.17,0,0
-4.71,5.19,1,0
0.22,10.0,0,0
10.01,9.9,0,0
13.0,-1.87,1,0
-2.79,7.69,1,0
9.42,-0.97,0,0
9.74,14.25,0,0
-1.14,0.5,0,0
-6.08,0.64,1,0
-0.09,10.26,0,0
12.49,6.19,1,1
8.73,13.69,0,0
-4.85,-0.83,0,0
10.23,12.56,0,0
11.0,13.55,0,0
-1.34,6.63,1,0
7.77,-0.43,0,0
13.33,1.99,1,0
9.96,-1.96,0,0
10.24,11.44,0,0
-2.46,11.17,0,0
11.64,-2.66,0,0
-3.61,0.23,0,0
-2.79,10.12,0,0
10.2,-1.76,0,0
-3.02,2.54,1,0
11.15,13.07,0,0
10.56,-2.18,0,0
9.27,-3.2,0,0
-4.97,0.93,1,0
-3.26,6.0,1,0
10.83,14.01,0,0
10.42,10.89,1,0
-4.73,-0.6,0,0
-2.51,0.6,1,0
9.81,15.5,0,0
14.57,12.2,1,0
10.97,11.22,1,0
11.7,-1.37,1,0
15.09,-0.01,1,0
-3.3,1.47,1,0
14.2,12.72,1,0
11.68,-0.51,0,0
-5.09,4.81,1,0
-1.79,0.86,1,0
9.76,-2.16,0,0
12.66,-0.56,1,0
-2.01,-1.56,0,0
9.22,-3.28,0,0
8.96,-1.86,0,0
13.42,0.61,1,0
-3.8,0.61,0,0
-3.7,2.11,1,0
12.45,-1.01,1,0
9.27,-2.51,0,0
-3.22,-0.88,0,0
8.67,-2.32,0,0
9.99,14.63,0,0
-3.95,-1.16,0,0
11.08,11.12,1,0
-5.32,6.27,1,0
-3.53,9.59,1,0
12.72,-2.36,0,0
-2.94,-2.33,0,0
-2.38,2.1,1,0
9.76,-4.01,0,0
8.69,10.8,0,0
10.17,-1.99,0,0
-4.19,-0.45,0,0
11.07,13.84,0,0
9.17,11.53,0,0
9.31,-2.54,0,0
12.7,-2.61,0,0
-1.31,9.48,1,0
13.3,16.24,0,0
10.72,-3.12,0,0
11.12,-3.46,0,0
11.67,12.69,0,0
12.24,-3.31,1,0
-5.17,0.63,1,0
-4.0,-1.18,0,0
-6.32,0.56,1,0
12.62,-1.87,0,0
9.28,-1.85,0,0
10.04,-4.65,0,0
-4.47,4.39,1,0
-1.72,0.7,0,0
11.3,-1.43,0,0
15.31,1.05,1,0
10.72,-3.48,0,0
12.86,-2.44,0,0
12.7,-4.84,1,0
13.45,0.16,1,0
11.86,13.22,0,0
9.68,-3.28,0,0
10.73,-4.16,0,0
8.8,14.61,0,0
10.73,14.53,0,0
-2.93,8.1,1,0
-1.65,11.19,0,0
11.29,-3.24,0,0
-2.11,2.4,1,0
7.91,13.32,0,0
-2.57,11.1,0,0
10.79,10.18,1,0
11.87,-1.73,0,0
8.05,-3.49,0,0
7.74,12.04,0,0
15.38,2.19,1,0
-0.51,11.03,0,0
12.09,-1.11,0,0
-2.09,9.04,1,0
15.86,10.34,1,0
-3.08,3.42,1,0
-2.06,2.77,1,0
-1.72,11.26,0,0
8.67,12.05,0,0
-2.5,8.97,1,0
15.28,-0.21,1,0
-5.42,3.44,1,0
11.15,-1.84,0,0
-2.57,0.04,0,0
-1.14,10.84,0,0
9.93,-2.66,0,0
9.18,-1.03,0,0
11.67,12.17,0,0
11.45,-0.94,0,0
12.01,-1.92,0,0
9.2,-2.88,0,0
10.24,10.88,0,0
-3.82,5.4,1,0
13.62,-1.54,1,0
10.36,-3.35,0,0
10.43,-1.96,0,0
-2.46,1.89,1,0
9.94,13.98,0,0
-3.37,10.85,0,0
9.08,-2.65,0,0
7.14,-4.8,0,0
11.48,-3.19,0,0
8.97,-2.28,0,0
11.6,-2.27,0,0
12.62,-0.82,1,0
-1.43,4.6,1,0
-0.38,9.7,1,0
-4.87,1.06,1,0
-3.37,7.97,1,0
11.58,-1.68,1,0
-2.8,-1.43,0,0
7.77,-4.6,0,0
11.67,-3.24,0,0
10.4,13.69,0,0
10.26,10.74,0,0
10.18,10.73,0,0
-4.29,9.04,1,0
11.9,11.74,1,0
3.37,6.69,0,1
12.03,11.86,1,0
11.47,-3.26,0,0
-2.6,6.05,1,0
-2.01,10.46,0,0
10.3,12.96,0,0
-3.92,1.2,1,0
9.15,-1.51,0,0
11.16,-2.58,1,0
10.99,-2.9,0,0
11.09,-4.44,0,0
-4.68,3.91,1,0
11.86,-3.41,0,0
-6.35,2.43,1,0
12.77,-2.31,0,0
10.08,11.83,0,0
14.07,12.93,1,0
12.02,13.6,1,0
12.54,-4.33,1,0
14.25,1.28,1,0
-4.12,-0.02,0,0
9.06,-2.72,0,0
-2.06,-0.33,0,0
-3.95,0.1,0,0
10.19,9.85,0,0
12.7,-1.79,0,0
-3.91,11.47,0,0
-4.16,0.59,1,0
8.26,-1.75,0,0
1.23,4.79,0,0
-4.07,-0.18,0,0
-2.69,0.19,0,0
11.17,-1.52,0,0
9.56,11.76,0,0
13.24,0.07,1,0
13.34,-1.8,1,0
12.15,-1.25,1,0
-4.03,0.28,0,0
12.95,12.29,1,0
-5.32,-0.8,1,0
9.72,-2.84,0,0
12.75,-0.54,1,0
8.24,13.39,0,0
-2.37,0.9,0,0
10.65,-3.65,0,0
12.82,-4.14,1,0
12.32,-3.45,1,0
10.39,12.31,0,0
-2.63,-0.57,0,0
-3.85,0.67,0,0
-0.82,-0.15,0,0
10.54,-3.11,0,0
12.76,-2.09,1,0
8.69,-3.22,0,0
-3.76,9.89,0,0
9.64,14.48,0,0
9.95,-2.03,0,0
2.49,5.65,0,0
-4.76,4.58,1,0
-1.37,1.98,1,0
11.79,-1.82,0,0
9.79,11.84,0,0
11.18,-1.14,0,0
11.39,-1.12,1,0
11.84,10.05,1,0
16.17,10.54,1,0
9.37,11.59,0,0
12.36,-1.2,1,0
9.13,13.44,0,0
-3.98,0.67,0,0
0.82,10.72,0,0
-2.23,9.13,1,0
9.37,13.82,0,0
4.44,4.89,0,0
-3.29,-0.43,0,0
11.1,14.25,0,0
10.34,10.8,0,0
-3.87,-0.56,0,0
9.09,12.56,0,0
-2.33,9.0,0,0
-2.47,10.66,0,0
12.05,13.89,0,0
15.49,8.99,1,0
-3.1,1.28,1,0
-3.55,-0.67,0,0
12.11,-0.79,1,0
9.53,-1.54,0,0
-2.57,1.25,1,0
9.22,-2.48,0,0
10.79,11.36,1,0
-3.1,-0.96,0,0
10.12,-2.83,0,0
-3.85,2.36,1,0
10.23,-3.3,0,0
11.14,-1.62,0,0
11.07,-1.4,0,0
11.31,-2.98,0,0
10.98,-4.43,0,0
12.4,-1.54,0,0
-3.13,9.36,0,0
10.27,11.84,0,0
11.22,-1.7,0,0
-2.32,2.42,1,0
-3.95,0.19,0,0
10.96,13.25,0,0
10.6,13.79,0,0
13.24,-2.01,1,0
-4.08,-0.34,0,0
-1.31,-0.82,1,0
11.04,-4.07,0,0
11.21,-3.31,0,0
10.94,-2.37,0,0
11.32,13.76,0,0
12.27,-0.95,0,0
14.07,11.17,1,0
12.3,-1.13,0,0
12.87,-1.56,0,0
10.59,13.68,0,0
13.47,-2.53,1,0
11.13,-3.29,0,0
10.4,-0.62,1,0
10.52,11.92,0,0
11.15,-3.09,0,0
-4.52,0.12,0,0
15.52,-0.62,1,0
10.56,-2.95,0,0
10.53,10.97,0,0
9.84,-1.7,0,0
13.91,10.7,1,0
13.03,-0.3,1,0
9.82,10.9,0,0
10.51,12.8,0,0
6.5,13.57,0,0
13.25,-1.92,1,0
12.26,-2.69,0,0
10.32,12.33,0,0
12.18,0.03,1,0
6.82,14.53,0,0
-3.63,8.33,1,0
-4.22,2.29,1,0
11.97,-1.24,0,0
8.87,12.87,0,0
10.63,-1.71,0,0
10.65,-1.74,0,0
-1.31,9.97,0,0
7.91,9.34,0,1
7.56,-2.37,0,0
-3.02,12.41,0,0
-2.7,-0.21,0,0
11.02,-1.39,0,0
10.07,-1.54,0,0
-1.81,8.2,1,0
10.95,-3.69,0,0
-3.87,0.32,0,0
-4.73,0.88,1,0
13.08,9.35,1,0
13.35,12.08,1,0
10.11,-3.25,0,0
9.31,13.94,0,0
-3.15,-0.79,0,0
-2.79,1.89,1,0
11.38,-1.26,0,0
8.29,-2.07,0,0
12.4,-2.96,0,0
-3.82,0.14,0,0
10.5,11.29,0,0
11.34,-1.89,0,0
-4.43,0.08,0,0
13.75,10.31,1,0
13.49,14.49,1,0
-2.85,-0.89,0,0
-3.34,11.45,0,0
-5.56,2.98,1,0
9.05,12.3,0,0
12.79,12.88,1,0
10.28,11.97,0,0
11.07,-1.52,0,0
12.72,-1.73,1,0
13.05,-1.05,1,0
11.41,13.76,0,0
11.63,-2.93,0,0
-2.22,-1.88,0,0
-3.34,0.34,0,0
12.29,-0.88,0,0
11.58,13.41,0,0
13.88,9.65,1,0
14.89,-0.12,1,0
10.34,-2.49,0,0
14.21,-1.31,1,0
13.09,12.62,1,0
12.56,-4.17,1,0
-2.21,1.05,1,0
-2.92,0.52,0,0
-1.18,11.12,0,0
12.08,10.94,1,0
-1.32,8.37,1,0
11.1,13.59,0,0
9.97,12.25,0,0
-0.76,-1.47,0,0
-2.32,3.92,1,0
9.53,12.79,0,0
10.99,-1.57,0,0
10.61,-2.42,0,0
8.91,12.38,0,0
-2.08,10.43,0,0
11.78,11.95,0,0
9.9,12.43,0,0
15.27,-0.25,1,0
12.5,-0.48,1,0
12.15,10.64,1,0
13.3,-0.63,1,0
12.6,11.58,1,0
11.14,10.16,1,0
9.43,11.06,0,0
9.61,12.14,0,0
10.79,-0.57,0,0
9.84,12.28,0,0
-2.52,10.59,1,0
-3.98,2.77,1,0
-3.06,-1.03,0,0
13.3,-3.56,1,0
10.81,-2.53,0,0
9.05,0.37,1,0
10.31,-4.25,0,0
-2.51,9.82,0,0
13.12,-6.04,0,0
13.82,-4.42,1,0
11.29,13.75,0,0
-3.78,0.84,1,0
-4.26,-0.64,0,0
10.79,-1.84,0,0
13.05,-0.62,1,0
-4.57,1.87,1,0
10.58,13.41,0,0
9.14,14.08,0,0
16.44,0.26,1,0
-3.69,9.85,0,0
-3.09,6.26,0,0
11.0,-1.44,0,0
-2.29,6.88,1,0
10.38,11.57,0,0
13.33,11.9,1,0
9.04,-3.95,0,0
8.9,12.13,0,0
10.65,12.44,0,0
12.53,10.77,1,0
-3.02,10.12,1,0
9.24,-1.56,0,0
8.96,-4.31,0,0
12.05,-2.96,1,0
9.56,14.19,0,0
7.54,-1.8,0,0
10.41,-3.85,0,0
11.48,-4.41,0,0
11.07,10.48,0,0
9.89,12.3,0,0
9.93,11.97,0,0
10.62,13.5,0,0
-3.19,2.09,1,0
8.54,12.86,0,0
-3.94,5.54,1,0
13.74,0.27,1,0
-2.94,9.35,1,0
9.95,-2.93,0,0
8.23,-1.82,0,0
-4.06,9.93,0,0
9.14,12.0,0,0
-2.68,2.87,1,0
-3.63,9.4,1,0
-1.58,-1.43,0,0
9.14,13.87,0,0
10.29,-1.5,0,0
10.34,-2.36,0,0
9.51,-2.03,0,0
13.66,-2.14,1,0
9.69,-2.89,0,0
10.26,-1.87,0,0
-2.29,2.72,1,0
-4.12,0.27,0,0
6.79,14.49,0,0
-2.87,10.32,0,0
12.48,-1.0,1,0
7.63,-2.1,0,0
11.58,13.2,0,0
8.34,13.05,0,0
10.82,11.53,0,0
8.64,11.84,0,0
11.63,12.5,0,0
10.26,-4.6,0,0
8.38,-1.92,0,0
8.98,-2.94,0,0
8.11,14.38,0,0
10.54,13.65,0,0
-2.77,8.41,1,0
17.72,-1.77,1,1
13.3,-2.26,1,0
-0.14,0.58,0,0
9.73,11.75,0,0
-3.67,2.04,1,0
9.16,-2.54,0,0
9.89,-2.45,0,0
8.17,14.58,0,0
-3.49,9.37,1,0
12.21,0.04,1,0
12.15,-1.11,0,0
11.45,14.39,0,0
12.74,-0.06,1,0
10.6,-2.57,0,0
11.69,11.52,1,0
9.67,12.53,0,0
8.85,0.44,0,0
6.06,2.22,0,0
11.45,-0.57,0,0
8.56,-2.47,0,0
-0.29,10.39,0,0
-1.41,2.59,1,0
-3.91,8.69,1,0
10.54,-3.71,0,0
10.19,-1.4,0,0
9.25,10.45,0,0
-1.91,0.38,0,0
9.73,-3.66,0,0
11.37,-0.86,0,0
9.8,-2.3,0,0
9.78,12.1,0,0
11.08,-1.44,0,0
10.35,12.05,0,0
9.44,-3.72,0,0
-2.24,5.43,1,0
-1.45,3.57,1,0
-3.57,3.97,1,0
13.42,-0.87,1,0
-4.41,4.13,1,0
10.58,-2.39,0,0
9.18,-2.74,0,0
-2.83,2.89,1,0
12.83,-0.94,0,0
-2.92,4.63,1,0
10.68,13.38,0,0
-5.17,9.87,1,0
-2.48,11.96,0,0
10.51,13.31,0,0
10.3,-3.33,0,0
9.46,-1.27,0,0
13.93,1.09,1,0
11.22,10.01,1,0
10.13,13.43,0,0
15.09,8.97,1,0
10.12,-1.09,0,0
10.97,-2.28,0,0
10.7,-1.83,0,0
9.2,-3.2,0,0
12.1,-3.22,1,0
8.33,-0.53,0,0
10.37,-3.56,0,0
11.5,14.38,0,0
13.72,-1.83,1,0
-3.49,10.99,0,0
10.93,-3.03,0,0
-4.36,2.45,1,0
10.26,12.1,0,0
-1.36,10.71,0,0
-4.03,-1.0,0,0
11.12,-2.26,0,0
9.89,-0.88,0,0
-2.96,7.76,1,0
14.51,9.28,1,0
-4.06,-0.7,0,0
9.51,-3.2,0,0
9.92,-2.01,0,0
8.38,-2.31,0,0
-3.05,2.11,1,0
9.97,-4.03,0,0
-2.4,-1.04,0,0
-4.09,-1.7,0,0
11.18,-1.73,0,0
12.95,0.14,0,0
-1.64,10.0,0,0
-3.71,3.66,1,0
11.15,-4.2,0,0
9.4,12.18,0,0
13.47,-2.36,1,0
8.05,-2.63,0,0
-1.72,10.51,0,0
11.22,13.91,0,0
12.85,-3.15,1,0
10.96,-4.21,0,0
10.2,-1.73,0,0
-2.06,10.0,0,0
-3.51,10.47,0,0
14.06,8.32,1,0
-1.68,7.76,1,0
11.51,-3.19,0,0
-2.73,10.05,0,0
9.39,-2.53,0,0
12.02,12.74,0,0
9.87,12.85,0,0
13.46,12.6,1,0
-1.55,0.85,1,0
15.29,12.95,1,0
-2.09,-0.12,0,0
-4.35,1.88,1,0
13.48,-1.85,1,0
-1.53,-1.04,0,0
3.94,1.12,0,1
9.37,-2.45,0,0
10.52,-4.38,0,0
12.37,-0.56,0,0
10.06,10.81,0,0
10.55,12.6,0,0
-2.92,-0.69,0,0
13.42,14.34,1,0
10.66,13.88,0,0
-3.94,0.33,0,0
9.28,-1.98,0,0
9.22,11.91,0,0
3.81,-7.22,0,1
11.7,-3.05,0,0
10.07,14.0,0,0
13.64,-4.18,1,0
10.65,-1.54,0,0
12.35,10.93,1,0
10.97,-3.08,0,0
9.73,16.2,0,0
-1.62,9.89,0,0
9.94,-3.2,0,0
-0.84,10.29,1,0
13.17,-1.34,1,0
12.92,-1.51,1,0
-2.38,11.68,0,0
11.07,12.09,0,0
16.07,8.59,1,0
11.51,-0.37,1,0
9.4,12.25,0,0
9.11,12.5,0,0
-4.04,-0.41,0,0
13.99,-0.59,1,0
11.12,-1.51,0,0
9.92,-2.39,0,0
14.24,8.55,1,0
11.84,11.63,1,0
-4.08,8.87,1,0
13.21,0.42,1,0
8.98,13.79,0,0
12.33,-2.8,1,0
10.6,-3.42,0,0
-5.91,-2.46,0,0
10.32,-2.03,0,0
10.36,12.84,0,0
10.84,11.99,0,0
10.4,11.41,0,0
14.42,-1.01,1,0
-3.82,2.16,1,0
8.55,-3.08,0,0
-3.33,3.58,1,0
12.8,-2.56,0,0
-3.11,0.48,0,0
11.77,15.23,1,0
11.7,-2.86,0,0
-3.42,0.38,1,0
-1.88,10.05,1,0
12.59,-0.86,1,0
11.38,-2.82,0,0
14.31,-1.86,1,0
12.45,10.59,1,0
11.08,1.36,0,0
12.58,-1.21,1,0
11.97,-2.67,0,0
14.21,-4.19,1,0
10.02,12.22,0,0
-1.79,8.11,1,0
11.42,14.1,0,0
9.7,-4.85,0,0
-3.19,9.05,1,0
10.7,12.15,0,0
-4.31,1.17,1,0
10.5,-3.59,0,0
11.97,-2.84,0,0
12.46,0.15,1,0
11.76,12.36,1,0
11.17,-1.48,0,0
11.31,-2.09,0,0
9.69,12.55,0,0
13.71,-1.75,1,0
-1.91,9.51,1,0
13.12,-0.34,1,0
10.42,14.61,0,0
13.64,10.62,1,0
-3.35,11.28,0,0
13.59,-0.12,1,0
-2.44,0.26,0,0
8.97,-2.33,0,0
12.34,12.06,1,0
9.64,13.47,0,0
11.27,-1.75,0,0
-4.99,4.8,1,0
9.27,10.97,0,0
10.17,-2.63,0,0
12.28,-0.85,0,0
11.5,12.5,0,0
-4.47,0.02,1,0
9.85,-2.96,0,0
11.49,11.29,1,0
12.94,13.27,1,0
-3.11,-0.44,0,0
9.77,13.68,0,0
-0.95,7.84,1,0
-2.86,9.32,0,0
10.03,12.16,0,0
12.17,-0.3,1,0
-3.28,-1.57,0,0
11.66,-2.43,0,0
11.78,9.05,1,0
11.85,-1.16,0,0
11.13,12.85,0,0
10.79,-4.33,0,0
11.8,12.1,1,0
11.48,-3.09,0,0
9.87,14.58,0,0
11.69,-2.41,0,0
10.6,11.25,1,0
-2.04,9.42,0,0
-3.66,11.65,1,0
-1.82,10.19,0,0
-4.72,9.34,0,0
13.16,-4.86,1,0
10.07,-1.55,0,0
11.74,12.71,0,0
8.97,-2.13,0,0
8.28,13.69,0,0
10.51,11.41,0,0
7.76,12.62,0,0
10.88,13.62,0,0
-2.83,5.45,1,0
10.97,-1.77,0,0
14.06,-1.64,1,0
12.74,-1.51,0,0
-2.99,9.29,1,0
10.24,12.59,0,0
10.37,-3.96,0,0
14.24,-0.37,1,0
5.73,5.91,0,0
-0.39,0.57,1,0
12.11,9.08,1,0
1.27,2.75,0,0
11.17,12.8,0,0
11.15,13.79,0,0
11.72,-1.66,0,0
11.65,-3.15,0,0
11.29,-2.34,0,0
12.69,8.67,1,0
11.21,-3.51,0,0
-3.26,-0.75,0,0
-2.04,1.59,1,0
10.24,-3.43,0,0
11.52,-0.42,0,0
14.7,0.44,1,0
11.03,-1.11,0,0
9.43,13.65,0,0
-2.26,8.07,1,0
10.8,14.17,0,0
-1.3,10.09,0,0
11.18,-0.75,1,0
10.11,11.17,0,0
11.3,-3.27,0,0
9.54,12.59,0,0
-1.13,10.07,0,0
11.87,-1.77,0,0
9.68,12.1,0,0
9.94,-1.83,0,0
7.84,14.01,0,0
9.89,-3.3,0,0
10.35,12.1,0,0
12.92,-0.87,1,0
10.76,9.85,1,0
-2.21,-1.21,0,0
11.12,-2.12,0,0
-4.4,0.05,0,0
10.97,14.27,0,0
-4.41,1.2,1,0
11.63,-1.43,0,0
11.72,11.51,1,0
-2.54,1.7,1,0
9.33,11.62,0,0
-4.37,4.74,1,0
10.25,13.3,0,0
-3.7,3.0,1,0
11.63,-5.21,0,0
-1.47,9.48,0,0
-3.45,7.05,1,0
-5.13,-1.26,0,0
12.25,-2.95,1,0
11.83,-3.08,0,0
12.35,-3.38,1,0
-5.12,-0.2,1,0
10.25,11.2,0,0
14.44,11.29,1,0
10.01,-2.1,0,0
-3.68,8.46,1,0
10.97,12.02,0,0
10.84,14.02,0,0
12.16,-0.83,1,0
11.76,13.09,1,0
-1.67,9.39,0,0
10.1,15.5,0,0
13.58,11.16,1,0
9.73,-3.91,0,0
12.53,-1.38,1,0
-2.68,3.4,1,0
-3.25,0.81,1,0
11.31,-1.9,0,0
-2.72,0.66,1,0
12.86,-3.56,1,0
4.89,3.45,0,0
-3.7,8.06,1,0
16.46,9.92,1,0
-1.57,7.57,1,0
14.45,-0.04,1,0
12.26,11.51,1,0
9.69,-2.63,0,0
9.03,12.66,0,0
10.85,9.49,1,0
12.23,-2.81,1,0
-4.82,11.36,1,0
-3.39,0.71,0,0
11.65,0.52,1,0
-4.79,3.08,1,0
13.53,-1.71,1,0
9.51,12.74,0,0
-2.88,9.62,1,0
10.4,11.12,0,0
12.95,-1.87,1,0
10.93,-3.85,0,0
-1.28,9.65,0,0
14.41,-1.52,1,0
11.22,8.96,0,0
12.52,-0.66,0,0
-3.66,8.39,1,0
15.33,11.76,1,0
8.3,14.95,0,0
13.29,-0.7,1,0
13.11,-3.65,1,0
11.74,-1.33,0,0
-2.3,0.61,0,0
-1.56,8.91,1,0
14.76,-1.04,1,0
10.32,-1.74,0,0
10.44,13.54,0,0
9.85,12.71,0,0
13.79,-0.24,1,0
8.86,-3.28,0,0
12.23,11.4,1,0
-3.03,-0.21,0,0
-2.22,8.99,1,0
11.75,-3.24,0,0
-2.31,0.23,0,0
10.86,-1.91,0,0
-4.19,3.41,1,0
12.72,-2.37,1,0
-2.78,3.47,1,0
4.19,5.19,0,0
11.49,-2.98,0,0
-3.36,-2.0,0,0
-2.7,0.91,0,0
9.65,-1.96,0,0
-2.71,-1.65,0,0
13.52,8.36,1,0
13.92,12.4,1,0
10.32,-3.33,0,0
8.85,-2.83,0,0
-4.05,0.13,0,0
-1.97,7.83,1,0
10.23,14.21,0,0
-3.18,8.16,1,0
15.2,13.22,1,0
10.61,13.92,0,0
9.19,-3.29,0,0
9.54,-1.98,0,0
14.3,12.09,1,0
10.12,10.99,0,0
9.24,12.85,0,0
-2.01,10.31,0,0
9.92,10.75,0,0
12.11,11.25,1,0
6.78,12.52,0,0
14.44,9.37,1,0
-2.51,-0.34,0,0
-2.56,-0.01,0,0
-3.84,10.82,0,0
10.46,-3.87,0,0
11.42,-1.0,0,0
13.28,0.05,1,0
12.63,0.93,1,0
11.22,-2.98,0,0
9.08,-1.71,0,0
-1.6,10.03,0,0
10.64,-2.07,0,0
11.81,-2.75,0,0
8.07,12.6,0,0
9.57,-2.04,0,0
-1.39,3.42,1,0
14.62,-1.86,1,0
11.09,-1.41,0,0
-1.96,9.84,0,0
10.03,14.1,0,0
13.74,-0.79,1,0
10.68,11.77,1,0
17.82,0.83,1,0
11.75,12.09,1,0
-4.02,0.79,1,0
-4.36,0.66,1,0
10.72,13.86,0,0
7.04,14.39,0,0
13.86,-1.61,1,0
-4.67,-1.72,0,0
11.36,-1.44,0,0
11.05,13.53,0,0
13.58,12.08,1,0
12.89,-1.11,1,0
11.56,-2.56,0,0
7.99,12.17,0,0
12.38,-2.34,0,0
11.99,-3.34,0,0
8.68,12.92,0,0
-3.05,-0.02,0,0
9.22,13.72,0,0
12.56,-2.41,1,0
-4.4,-0.41,1,0
9.38,12.98,0,0
-2.45,0.14,0,0
-2.89,1.96,1,0
-4.36,9.86,0,0
-1.85,10.27,0,0
-2.11,-0.28,0,0
8.76,12.11,0,0
-2.28,5.52,1,0
9.71,12.78,0,0
8.75,10.94,0,0
-2.95,0.6,0,0
10.12,14.64,0,0
-4.31,-0.8,0,0
12.29,-1.14,0,0
13.45,-2.1,1,0
11.37,-3.07,0,0
10.93,-3.52,0,0
13.2,-2.89,1,0
-4.18,0.86,1,0
15.37,0.51,1,0
11.39,13.5,0,0
-4.06,2.24,1,0
10.34,-2.13,0,0
8.97,12.05,0,0
-1.93,-0.71,0,0
11.17,12.97,0,0
10.35,12.38,0,0
10.0,13.64,0,0
9.64,-1.97,0,0
10.6,9.9,1,0
11.63,-2.88,0,0
-3.93,7.49,1,0
-3.46,0.33,0,0
5.47,7.02,0,0
10.67,-3.36,0,0
-3.82,1.09,1,0
11.88,13.35,1,0
14.42,-1.3,1,0
-3.07,10.75,0,0
13.25,15.67,0,0
7.84,-0.02,0,0
12.43,10.92,1,0
9.05,11.25,0,0
10.91,12.76,0,0
-2.5,0.1,0,0
12.16,-4.67,1,0
13.36,-2.23,1,0
12.45,-3.02,0,0
10.79,-2.21,0,0
-4.54,0.12,1,0
14.04,-1.24,1,0
9.97,-3.96,0,0
-2.47,11.08,0,0
10.08,11.52,0,0
-4.57,2.64,1,0
12.51,-2.49,0,0
9.41,12.94,0,0
7.62,0.29,0,0
1.08,9.04,0,0
8.5,-2.47,0,0
9.57,-1.91,0,0
0.35,2.62,0,0
11.38,-2.93,0,0
9.49,-1.95,0,0
12.54,-1.51,1,0
15.93,-1.13,1,0
10.17,13.17,0,0
11.16,12.37,0,0
-4.34,0.87,1,0
14.11,12.95,1,0
11.84,-3.28,0,0
13.07,-2.13,1,0
-3.92,10.05,1,0
11.34,13.73,0,0
10.95,-1.5,0,0
11.17,-3.26,0,0
11.78,12.71,0,0
-4.83,-0.21,0,0
9.36,13.77,0,0
-3.28,3.12,1,0
-3.91,10.77,0,0
9.33,-2.47,0,0
12.65,12.95,1,0
-2.45,-0.07,0,0
11.93,-3.09,0,0
8.98,-2.95,0,0
8.56,13.05,0,0
11.45,-3.22,0,0
8.1,-1.28,0,0
11.1,11.62,1,0
10.06,12.84,0,0
12.34,13.06,1,0
11.0,11.89,0,0
11.15,-3.37,0,0
10.22,-2.5,0,0
10.23,12.28,0,0
10.06,11.73,0,0
12.28,-2.81,1,0
10.75,0.98,1,0
11.37,0.46,0,0
10.06,-2.43,0,0
9.96,-3.89,0,0
12.93,-1.14,0,0
11.82,-2.85,0,0
-2.84,2.24,1,0
14.75,-1.94,1,0
12.88,-3.19,1,0
12.79,16.8,0,1
-1.59,1.11,1,0
-3.48,-0.79,0,0
9.86,14.0,0,0
15.51,1.22,1,0
13.41,-2.48,1,0
8.17,-1.35,0,0
-2.98,1.65,1,0
7.24,6.33,0,0
-3.88,0.01,0,0
-1.33,10.08,1,0
11.01,-4.71,0,0
12.31,-1.41,0,0
12.84,-3.73,1,0
-2.23,11.06,0,0
-3.21,1.02,1,0
11.91,11.95,1,0
9.84,-0.36,0,0
8.87,15.41,0,0
11.32,-1.96,0,0
10.76,-1.21,0,0
7.97,12.64,0,0
-1.91,-0.62,0,0
7.4,15.0,0,0
10.0,13.19,0,0
11.45,-1.94,0,0
0.92,3.31,0,0
14.32,12.84,1,0
11.0,-3.14,0,0
9.2,-1.94,0,0
-0.13,10.61,0,0
-4.03,9.67,0,0
11.21,13.27,0,0
8.12,13.7,0,0
-3.23,0.34,0,0
13.24,-0.29,1,0
-3.14,8.66,1,0
11.22,-1.08,1,0
9.22,11.73,0,0
10.32,12.06,0,0
10.01,12.91,0,0
-4.89,-1.86,0,0
11.82,-0.72,1,0
12.2,-2.33,0,0
11.34,-2.82,0,0
14.01,-2.19,1,0
9.96,12.05,0,0
-4.19,9.37,0,0
11.14,13.57,0,0
-3.14,10.87,0,0
-2.34,10.09,1,0
9.47,12.25,0,0
-1.54,10.68,0,0
12.94,11.98,1,0
10.65,13.43,0,0
11.05,-2.43,0,0
-3.76,10.43,0,0
10.66,13.41,0,0
10.36,-1.68,0,0
10.75,14.07,0,0
10.52,9.3,0,0
9.82,13.14,0,0
13.89,-1.71,1,0
-1.4,10.07,0,0
10.85,-1.39,0,0
9.15,12.6,0,0
12.51,-2.82,1,0
10.11,-2.06,0,0
14.57,-1.62,1,0
13.2,-0.58,1,0
13.99,-1.82,1,0
11.38,-3.38,0,0
-1.23,8.81,1,0
9.04,13.36,0,0
10.72,-1.67,0,0
15.93,0.9,1,0
-3.53,10.05,0,0
12.74,-2.09,0,0
8.56,-2.61,0,0
14.89,-0.18,1,0
9.16,12.66,0,0
10.68,-0.53,1,0
11.49,-1.3,0,0
15.23,4.2,0,1
10.38,41.44,0,1
-4.58,8.67,1,0
-1.59,10.94,0,0
-4.71,0.07,1,0
9.99,11.65,0,0
11.35,-1.49,0,0
-2.61,7.84,1,0
-4.85,1.57,1,0
11.2,-1.47,1,0
11.91,-2.77,0,0
11.84,-1.92,0,0
13.89,-2.02,1,0
11.61,14.12,0,0
10.42,-3.47,0,0
12.28,-1.4,1,0
15.82,1.76,1,0
9.17,13.09,0,0
14.39,-2.61,1,0
12.83,0.18,1,0
-5.09,0.65,1,0
10.24,0.26,1,0
9.92,-2.76,0,0
15.81,-1.15,1,0
11.05,9.4,1,0
9.65,-2.19,0,0
10.52,-3.49,0,0
2.8,4.57,0,0
9.76,-0.55,0,0
11.44,-2.79,0,0
11.2,-2.11,0,0
-4.31,4.69,1,0
-0.36,-0.62,0,0
14.9,10.41,1,0
-3.47,-2.15,0,0
9.63,14.56,0,0
-3.56,11.7,0,0
14.04,0.37,1,0
14.28,-0.16,1,0
10.37,-3.92,0,0
-3.34,7.6,0,0
10.29,-1.44,0,0
11.76,-3.18,0,0
11.59,-3.55,0,0
-2.81,8.9,1,0
-3.85,10.24,0,0
9.3,13.19,0,0
9.56,-1.69,0,0
13.53,0.14,1,0
12.4,-1.67,1,0
13.17,-2.78,0,0
11.29,10.9,1,0
-3.28,9.7,0,0
-3.84,8.25,1,0
14.38,-2.17,1,0
-3.61,10.99,0,0
10.89,-4.91,0,0
11.39,12.46,1,0
11.29,-3.32,0,0
-4.09,-1.44,0,0
10.64,-1.51,0,0
8.92,-2.48,0,0
-1.74,-1.92,0,0
15.67,-0.86,1,0
7.56,-3.06,0,0
9.97,11.22,0,0
10.5,-1.27,0,0
-2.61,-0.52,0,0
9.28,-3.17,0,0
10.84,-3.72,0,0
13.01,9.9,1,0
13.78,9.49,1,0
11.01,-4.05,0,0
7.08,14.74,0,0
6.7,-2.75,0,0
14.92,-1.15,1,0
12.38,-1.58,0,0
-2.0,8.63,1,0
-2.69,7.94,1,0
-3.47,7.52,1,0
11.88,-1.67,0,0
-4.11,-0.86,0,0
-4.39,3.87,1,0
9.52,11.15,0,0
9.76,14.57,0,0
10.44,-3.86,0,0
-2.43,-0.24,0,0
10.29,-3.29,0,0
10.87,-4.35,0,0
12.34,-3.68,0,0
9.47,14.48,0,0
8.84,-1.41,0,0
7.7,13.73,0,0
-1.29,7.9,1,0
8.81,-2.1,0,0
-4.28,1.09,1,0
-3.99,2.21,1,0
13.68,8.64,1,0
-3.02,9.96,0,0
9.38,14.1,0,0
-3.17,0.64,1,0
-2.72,5.47,1,0
-1.14,2.69,1,0
9.6,-1.19,0,0
10.14,-4.62,0,0
11.17,-1.78,0,0
-1.7,7.92,1,0
-2.33,6.9,1,0
11.27,-1.75,0,0
13.73,-2.29,1,0
9.99,10.71,0,0
-3.44,0.28,0,0
10.02,-2.73,0,0
-3.82,7.29,1,0
14.22,-1.45,1,0
10.99,-3.3,0,0
-4.9,-0.59,0,0
-4.45,1.27,1,0
-2.45,-0.71,0,0
-1.9,10.96,0,0
13.86,-1.87,1,0
10.47,11.57,0,0
11.83,9.44,1,0
12.25,-1.55,0,0
16.43,11.51,1,0
5.79,5.05,0,0
12.22,-2.26,1,0
11.05,11.09,1,0
-2.4,5.16,1,0
-0.88,-0.01,0,0
-3.63,8.88,1,0
9.33,-3.05,0,0
14.28,-1.58,1,0
13.16,11.97,1,0
-0.33,5.32,1,0
10.29,14.45,0,0
-5.83,7.03,1,0
13.48,0.4,1,0
10.77,-1.48,0,0
-1.19,8.31,1,0
-3.46,10.86,0,0
10.56,13.32,0,0
12.0,-3.11,0,0
11.29,-1.78,1,0
12.91,-2.19,1,0
7.24,12.62,0,0
-2.29,1.45,1,0
10.91,12.2,0,0
10.27,13.91,0,0
11.54,-0.96,0,0
7.7,13.58,0,0
10.07,12.66,0,0
9.84,-2.23,0,0
11.04,-2.07,0,0
9.43,-2.95,0,0
16.24,0.05,1,0
-4.01,0.2,0,0
12.04,-1.67,0,0
9.22,-2.47,0,0
7.99,-2.4,0,0
11.28,-3.37,0,0
9.63,12.77,0,0
-4.19,1.78,1,0
10.49,-1.37,1,0
10.16,-0.63,0,0
11.1,-1.84,0,0
9.88,12.29,0,0
12.29,-1.55,1,0
-3.49,10.62,0,0
-4.6,0.1,0,0
11.15,-0.29,0,0
8.45,12.47,0,0
12.29,-2.67,0,0
9.59,13.83,0,0
9.41,15.08,0,0
-3.72,10.52,0,0
9.15,13.23,0,0
10.54,-1.96,0,0
10.42,13.76,0,0
11.03,-3.89,0,0
12.97,12.14,1,0
8.97,-2.95,0,0
10.92,-3.57,0,0
9.26,13.4,0,0
-1.48,8.8,1,0
-4.03,3.52,1,0
-4.23,0.37,0,0
11.9,12.24,1,0
10.46,-2.1,0,0
11.08,12.35,0,0
10.72,11.89,0,0
11.96,-1.79,0,0
12.93,8.24,1,0
-4.24,1.84,1,0
11.44,-2.0,0,0
-2.14,0.21,1,0
13.56,-1.78,1,0
13.65,8.11,1,0
10.21,13.5,0,0
11.08,-0.43,1,0
-4.7,1.36,1,0
15.57,-1.11,1,0
14.62,10.0,1,0
9.08,-2.54,0,0
8.8,-4.09,0,0
16.49,0.03,1,0
11.25,-3.09,0,0
10.93,11.39,1,0
14.19,-2.29,1,0
11.73,12.39,1,0
14.74,-1.04,1,0
8.95,13.17,0,0
-0.4,-1.6,0,0
11.3,-3.26,0,0
11.96,-1.31,0,0
-3.62,10.13,0,0
11.97,-2.4,0,0
9.02,-2.89,0,0
19.43,15.98,1,1
10.86,13.63,0,0
12.09,14.55,0,0
9.75,11.6,0,0
-1.49,0.05,0,0
10.91,-2.25,0,0
9.9,12.51,0,0
-2.1,-1.41,0,0
11.05,13.3,0,0
12.47,9.14,1,0
14.16,-1.69,1,0
-3.99,2.32,1,0
9.9,-2.48,0,0
10.59,-1.72,0,0
-4.12,8.9,1,0
11.18,9.99,1,0
-3.28,10.81,0,0
11.32,-3.27,0,0
11.98,-1.07,1,0
-2.26,0.35,0,0
-4.45,2.75,1,0
12.62,-1.23,1,0
11.49,-2.7,0,0
8.09,-4.15,0,0
-4.44,2.05,1,0
11.14,13.0,1,0
12.76,-2.31,1,0
10.11,-1.48,0,0
-2.87,7.11,1,0
10.69,-2.26,0,0
10.59,14.35,0,0
-5.43,0.28,1,0
14.14,10.97,1,0
10.92,-4.51,0,0
11.16,9.46,1,0
12.25,-1.14,1,0
13.39,-3.3,1,0
11.64,-1.37,1,0
11.2,-3.34,0,0
8.43,15.21,0,0
-0.23,9.23,0,0
9.97,13.1,0,0
9.56,-3.75,0,0
9.85,-3.92,0,0
10.24,14.36,0,0
10.36,14.32,0,0
12.2,11.62,1,0
-2.72,9.23,1,0
10.64,-1.54,0,0
9.5,-1.81,0,0
-2.94,1.9,1,0
-2.41,9.75,0,0
9.0,12.9,0,0
9.67,12.87,0,0
-5.98,1.78,1,0
10.84,-4.76,0,0
10.47,12.9,0,0
10.44,12.57,0,0
10.5,13.75,0,0
9.7,12.61,0,0
-3.88,-0.07,0,0
11.51,-0.84,1,0
-2.26,9.1,1,0
-3.97,-0.16,0,0
10.75,-2.11,0,0
-3.59,9.96,0,0
-3.24,9.2,1,0
12.55,10.6,1,0
8.54,12.63,0,0
10.98,8.65,0,0
-4.42,-1.32,0,0
10.24,-1.23,1,0
10.77,-1.67,0,0
12.6,-1.18,1,0
9.24,-3.18,0,0
-1.49,10.07,0,0
10.43,-1.79,0,0
15.91,-1.24,1,0
8.23,12.71,0,0
8.48,-1.85,0,0
10.01,13.63,0,0
13.91,0.45,1,0
-3.16,0.83,1,0
12.05,10.78,1,0
10.46,11.7,0,0
13.92,-1.82,1,0
13.11,12.76,1,0
8.17,-3.94,0,0
-1.15,10.06,1,0
-3.46,7.32,1,0
-2.51,0.81,1,0
-6.12,2.13,1,0
-1.85,1.02,0,0
12.14,8.21,1,0
-2.28,10.02,0,0
-2.43,-0.08,0,0
12.76,-2.44,0,0
12.91,9.84,1,0
10.06,-2.76,0,0
-4.45,6.9,1,0
13.21,10.61,1,0
10.5,14.09,0,0
10.1,13.14,0,0
12.62,10.7,1,0
-3.51,11.45,0,0
7.88,-2.06,0,0
13.04,-2.24,1,0
-1.54,0.09,0,0
12.98,0.04,1,0
11.25,-0.24,1,0
9.69,-2.97,0,0
10.96,-4.67,0,0
-4.47,11.61,0,0
10.74,-1.72,0,0
13.03,10.6,1,0
-1.84,9.84,0,0
11.17,12.28,0,0
12.26,-1.76,1,0
11.65,-2.87,0,0
-1.6,7.37,1,0
9.84,-3.04,0,0
12.39,12.47,1,0
12.96,-0.71,1,0
10.2,12.54,1,0
-3.01,8.96,1,0
11.45,-2.62,0,0
-3.85,0.88,0,0
-4.37,12.08,0,0
-1.7,-0.75,0,0
-2.85,11.24,0,0
9.43,-1.53,0,0
12.27,-1.44,0,0
8.35,12.43,0,0
10.99,10.02,0,0
7.66,-3.85,0,0
11.87,-4.0,1,0
-4.43,7.99,1,0
12.88,13.83,1,0
9.12,11.22,0,0
10.91,-3.12,0,0
11.6,-1.05,1,0
-4.46,0.76,1,0
-0.89,8.98,1,0
14.51,0.16,1,0
11.95,13.27,1,0
-2.92,3.32,1,0
9.08,-2.31,0,0
-3.18,1.03,1,0
10.04,12.06,0,0
-2.95,10.01,1,0
11.81,-4.57,0,0
-4.27,1.41,1,0
11.94,-1.06,0,0
11.42,9.34,1,0
15.28,-1.35,1,0
8.3,15.64,0,0
-4.04,-0.81,0,0
11.98,-2.85,0,0
10.51,0.1,1,0
16.48,1.18,1,0
12.73,-0.87,1,0
15.44,-2.28,1,0
-1.61,5.31,1,0
11.57,11.73,1,0
11.76,-3.55,0,0
-4.48,1.28,1,0
10.68,-4.21,0,0
15.26,-0.94,1,0
-2.61,7.07,1,0
11.01,-1.76,0,0
-3.49,8.76,1,0
11.19,-2.92,0,0
11.35,-1.14,1,0
11.9,-2.74,0,0
-4.8,0.19,1,0
9.17,-2.37,0,0
12.0,12.82,1,0
10.88,11.24,0,0
12.91,0.5,1,0
-3.13,12.44,0,0
-5.21,2.7,1,0
-1.88,9.35,0,0
10.14,13.04,0,0
-4.59,3.08,1,0
-1.77,0.27,0,0
9.63,-2.43,0,0
-1.77,10.87,0,0
13.57,-2.58,1,0
9.54,-2.52,0,0
11.35,10.61,1,0
9.64,-2.43,0,0
10.36,-1.74,0,0
11.18,9.98,1,0
-4.7,1.04,1,0
-2.19,1.55,1,0
11.2,-3.09,0,0
9.4,-2.79,0,0
10.67,-2.02,0,0
11.19,11.91,1,0
10.51,-3.42,0,0
9.66,12.79,0,0
9.14,-2.52,0,0
12.69,-1.43,1,0
9.0,13.85,0,0
12.94,-2.41,1,0
-4.14,1.83,1,0
-4.1,-0.1,0,0
11.05,-2.24,0,0
11.26,-4.87,0,0
9.64,11.21,0,0
10.29,8.09,1,0
11.43,0.01,1,0
11.05,14.0,0,0
9.95,-1.49,0,0
13.61,15.4,1,0
10.48,-0.21,0,0
9.5,12.9,0,0
10.24,-3.92,0,0
8.68,12.12,0,0
9.73,12.7,0,0
-3.64,2.99,1,0
11.81,12.7,1,0
11.33,-0.26,1,0
10.56,-3.93,0,0
12.52,12.76,1,0
9.63,-2.26,0,0
-3.51,0.13,0,0
12.97,8.08,1,0
-3.05,1.06,1,0
-2.02,8.15,1,0
-3.13,1.56,1,0
12.04,-0.54,1,0
9.27,-1.82,0,0
9.24,10.16,1,0
10.84,-1.69,0,0
10.7,-2.17,0,0
10.27,-3.67,0,0
11.28,-2.15,0,0
-3.02,9.53,0,0
11.02,-2.32,0,0
-1.95,0.1,0,0
6.17,13.64,0,0
11.73,12.13,1,0
11.16,-0.06,1,0
11.56,-2.85,0,0
12.3,-0.46,1,0
-2.42,0.32,0,0
15.04,-0.9,1,0
-1.27,-0.85,0,0
7.19,16.1,0,0
-4.64,8.36,0,0
13.41,-1.89,1,0
-3.37,0.5,1,0
-5.15,1.87,1,0
12.07,-1.33,0,0
11.4,12.75,1,0
12.77,12.02,1,0
-4.1,8.4,1,0
14.78,-0.4,1,0
11.36,10.85,1,0
10.56,14.58,0,0
12.18,12.98,0,0
11.35,-1.13,0,0
-3.24,11.13,0,0
10.36,14.79,0,0
10.86,-1.91,0,0
-1.72,10.1,0,0
11.85,11.65,1,0
-2.99,10.0,0,0
10.04,14.54,0,0
11.0,12.04,0,0
8.73,-2.99,0,0
-2.81,11.76,0,0
-2.28,-1.09,0,0
-5.46,0.36,1,0
11.87,-1.02,0,0
11.14,-4.47,0,0
-3.69,-0.96,0,0
12.81,-1.27,1,0
10.66,14.28,0,0
13.35,-1.94,1,0
8.89,13.29,0,0
-6.73,2.17,1,0
-3.82,3.02,1,0
11.8,-2.85,0,0
8.74,-4.39,0,0
11.25,-3.19,0,0
11.95,-3.45,0,0
10.42,-3.47,0,0
10.28,14.9,0,0
12.75,-0.34,0,0
-1.32,0.19,1,0
13.2,-1.51,1,0
-2.05,10.19,0,0
13.52,-1.21,1,0
11.87,-1.19,0,0
11.87,-4.17,0,0
-3.03,1.49,1,0
-1.76,-1.85,0,0
11.87,-2.57,0,0
-3.43,0.73,1,0
11.26,-1.86,0,0
-1.7,9.5,1,0
10.21,11.03,0,0
10.77,12.28,0,0
14.48,9.91,1,0
-1.6,9.43,1,0
12.21,9.29,1,0
10.91,12.78,0,0
3.9,4.49,0,0
11.82,-3.26,0,0
9.1,14.24,0,0
10.98,13.46,0,0
8.44,12.93,0,0
10.6,-3.69,0,0
12.12,-1.08,0,0
-3.73,0.21,0,0
-4.67,10.69,0,0
-1.64,6.98,1,0
11.69,13.08,1,0
9.26,-2.15,0,0
10.19,13.97,0,0
-2.68,2.4,1,0
13.73,-0.38,0,0
1.88,4.92,0,0
14.64,-0.55,1,0
11.33,12.24,1,0
9.86,14.25,0,0
10.1,-1.68,0,0
2.91,4.29,0,0
11.91,-0.95,0,0
7.98,12.35,0,0
10.38,-0.29,0,0
12.69,-2.34,1,0
12.26,-2.65,0,0
10.39,11.7,0,0
14.1,11.0,1,0
11.4,-2.13,0,0
12.73,10.47,1,0
10.5,13.66,0,0
9.46,11.9,0,0
13.88,-1.34,1,0
11.61,9.23,1,0
13.0,-2.33,1,0
12.35,-1.03,1,0
13.29,-4.47,1,0
11.14,-3.79,0,0
11.18,11.57,1,0
11.17,10.19,1,0
-3.82,11.75,0,0
8.94,12.78,0,0
11.55,-1.31,1,0
10.99,-2.41,0,0
9.34,13.36,0,0
12.94,-0.61,1,0
-3.81,0.12,0,0
10.97,-3.49,0,0
-5.08,2.02,1,0
12.25,12.4,1,0
11.19,-2.98,0,0
9.04,12.64,0,0
-3.55,10.63,0,0
-2.0,10.82,0,0
12.1,-4.21,0,0
-2.49,9.95,1,0
-3.14,0.06,0,0
-2.79,2.64,1,0
-4.05,-0.61,0,0
12.07,-0.52,0,0
-3.71,-1.75,0,0
14.84,-1.48,1,0
-3.93,-0.9,0,0
12.19,-4.04,0,0
-4.39,-1.08,0,0
12.59,13.58,1,0
11.25,9.71,1,0
-3.32,10.67,0,0
12.82,-2.87,1,0
-2.48,2.34,1,0
-2.42,8.66,1,0
10.75,-2.4,0,0
7.65,12.92,0,0
13.98,-0.12,1,0
12.6,-0.86,1,0
-3.79,-0.09,0,0
10.35,11.6,0,0
10.06,12.2,0,0
10.07,-1.31,0,0
9.75,-3.02,0,0
11.64,-3.99,0,0
-3.09,0.51,0,0
13.88,1.23,1,0
15.56,-2.8,1,0
-3.72,-1.34,0,0
12.61,9.29,1,0
8.9,13.76,0,0
11.59,-3.14,0,0
11.21,-3.83,0,0
-1.56,9.57,0,0
10.49,-4.36,0,0
13.89,-1.99,1,0
-3.74,-0.06,1,0
-2.37,10.53,1,0
11.82,-1.6,0,0
9.62,-2.78,0,0
12.29,12.71,1,0
12.01,-1.58,0,0
11.98,-3.06,0,0
-5.12,-0.44,1,0
13.91,-0.43,1,0
-3.21,9.24,1,0
9.79,10.78,0,0
12.54,-0.71,1,0
14.37,-1.22,1,0
10.97,-3.86,0,0
10.34,-2.4,0,0
14.26,-1.48,1,0
11.04,-2.21,0,0
10.63,-2.37,0,0
9.75,13.42,0,0
12.57,-1.13,1,0
8.67,-2.64,0,0
-3.19,-1.54,0,0
11.22,13.46,0,0
-3.83,1.39,1,0
-1.77,12.46,0,0
8.45,-0.87,0,0
10.53,-1.8,0,0
13.77,11.0,1,0
-1.21,0.87,1,0
10.84,-2.39,0,0
16.14,1.26,1,0
-4.03,9.56,0,0
10.33,11.45,0,0
8.99,13.09,0,0
10.51,-3.88,0,0
-3.54,-2.66,0,0
11.2,-1.53,0,0
-4.19,2.97,1,0
-4.29,10.39,0,0
-5.2,3.25,1,0
13.37,8.46,1,0
9.32,-3.77,0,0
-2.32,9.65,1,0
14.08,1.3,1,0
-4.46,6.73,1,0
11.47,-1.91,0,0
13.7,-1.88,1,0
9.88,-2.28,0,0
12.3,-1.19,1,0
-5.69,2.2,1,0
12.85,-1.61,0,0
12.84,-0.74,1,0
11.31,-1.37,0,0
7.94,13.36,0,0
-5.88,3.04,1,0
9.5,13.37,0,0
14.68,-1.64,1,0
-1.27,10.42,0,0
10.66,-3.82,0,0
12.25,12.2,1,0
-2.79,-1.04,0,0
8.2,13.18,0,0
-4.53,0.72,1,0
12.17,-1.01,1,0
12.39,-2.83,0,0
14.69,-3.41,1,0
17.8,1.14,1,0
10.85,-2.93,0,0
7.55,14.14,0,0
-3.97,3.57,1,0
-4.16,1.46,1,0
10.71,-1.84,0,0
9.47,-1.84,0,0
10.43,-3.94,0,0
11.92,14.74,1,0
8.07,-0.88,0,0
-2.75,9.94,0,0
11.77,-3.47,0,0
9.21,14.17,0,0
13.94,0.25,1,0
10.24,12.45,0,0
-4.38,-0.42,0,0
-2.37,9.78,0,0
9.94,-1.0,0,0
15.34,0.78,1,0
11.48,0.16,1,0
12.34,-0.61,1,0
11.82,-0.97,1,0
10.87,-1.19,0,0
11.56,-1.09,1,0
12.55,13.37,1,0
8.72,-2.41,0,0
9.47,-3.2,0,0
10.09,-2.1,0,0
-3.11,1.07,1,0
12.2,0.8,1,0
9.11,-2.71,0,0
-3.87,-1.13,0,0
9.16,12.26,0,0
-3.93,0.29,0,0
13.71,-2.74,1,0
-3.13,6.66,1,0
13.15,-0.56,1,0
11.75,-3.02,0,0
10.66,-2.07,0,0
11.41,-2.81,0,0
8.73,13.49,0,0
11.28,-3.08,0,0
10.88,-3.45,0,0
13.29,0.2,1,0
-2.59,10.61,0,0
12.82,-0.62,1,0
8.72,13.4,0,0
10.76,-1.73,0,0
-3.42,-0.82,0,0
8.16,-0.84,0,0
13.24,9.0,1,0
11.75,-3.08,0,0
-4.16,-0.04,1,0
12.29,-2.62,1,0
9.86,14.83,0,0
10.65,-2.38,0,0
10.76,-1.56,0,0
11.37,13.65,0,0
-0.5,2.08,0,0
10.58,13.27,0,0
8.96,-2.41,0,0
10.56,14.15,0,0
11.73,13.05,1,0
14.57,-0.49,1,0
9.08,12.63,0,0
12.14,13.46,0,0
11.01,14.07,0,0
10.49,13.35,0,0
9.51,11.91,0,0
11.94,-3.03,0,0
8.85,13.42,0,0
-2.0,8.29,1,0
-2.6,3.6,1,0
-4.58,10.39,0,0
8.59,14.9,0,0
14.59,0.0,1,0
-4.15,0.74,1,0
11.76,-4.89,0,0
10.04,-0.32,0,0
9.25,12.63,0,0
11.99,-2.28,0,0
10.71,-1.17,0,0
13.58,-0.23,1,0
9.28,13.42,0,0
9.86,12.99,0,0
12.44,0.57,1,0
11.56,-3.53,0,0
9.42,-2.48,0,0
-0.52,2.24,0,0
15.79,-0.19,1,0
9.44,-2.83,0,0
11.13,-2.85,0,0
1.84,3.3,0,0
12.95,11.54,1,0
9.85,-3.31,0,0
11.47,13.51,0,0
12.97,12.98,1,0
9.38,16.88,0,0
11.01,10.36,0,0
8.98,-1.6,0,0
12.73,14.97,1,0
-2.62,3.65,1,0
10.53,-3.48,0,0
9.49,-3.48,0,0
13.05,-1.8,1,0
12.05,-4.84,0,0
10.91,-2.13,0,0
15.2,-1.51,1,0
-3.8,1.41,0,0
10.31,-3.59,0,0
-0.43,11.87,0,0
10.38,13.67,0,0
11.17,-1.56,0,0
9.4,15.07,0,0
11.09,-2.01,0,0
13.77,-1.55,1,0
11.41,-3.4,0,0
11.87,-2.07,0,0
-3.24,0.6,1,0
7.55,3.49,0,0
-2.73,1.73,1,0
11.63,10.69,1,0
-4.93,2.28,1,0
12.72,-2.36,1,0
-3.84,10.6,0,0
8.92,13.01,0,0
-2.34,-1.62,0,0
11.16,13.44,0,0
9.15,-2.61,0,0
10.85,-3.95,0,0
12.83,11.99,1,0
-2.36,0.72,0,0
15.46,-0.72,1,0
-2.49,0.9,1,0
8.0,12.94,0,0
-3.34,9.96,0,0
9.48,12.64,0,0
10.95,-1.11,0,0
9.38,13.66,0,0
-4.19,4.8,1,0
12.69,11.53,1,0
11.61,-1.54,0,0
16.45,10.71,1,0
10.88,11.05,0,0
7.87,13.36,0,0
13.75,-0.58,1,0
-2.52,0.55,1,0
12.92,-4.23,1,0
-4.07,0.77,1,0
10.77,14.14,0,0
-3.17,0.42,0,0
11.43,-3.81,0,0
10.52,11.57,0,0
9.29,12.5,0,0
1.4,2.23,0,0
10.94,-1.73,0,0
9.84,-1.37,0,0
13.31,-2.22,1,0
10.91,13.22,0,0
12.9,-4.83,1,0
10.29,10.93,0,0
13.94,16.67,0,1
6.0,3.98,0,0
14.35,-1.06,1,0
-2.03,6.81,1,0
5.75,4.52,0,0
-3.2,0.37,0,0
13.11,13.27,1,0
10.07,-0.39,0,0
10.13,13.1,0,0
-4.63,1.05,1,0
-2.28,1.1,1,0
-3.68,10.37,0,0
13.24,-0.78,0,0
10.85,10.1,0,0
-2.28,0.04,0,0
10.0,14.93,0,0
11.44,13.07,0,0
9.81,12.62,0,0
-2.46,0.24,1,0
12.74,12.25,1,0
-3.02,2.42,1,0
11.6,-2.95,0,0
12.08,-1.57,0,0
11.92,10.92,1,0
11.26,-1.86,0,0
10.87,-3.49,0,0
11.56,-2.92,0,0
14.69,-2.48,1,0
10.7,-1.6,0,0
12.35,-2.97,1,0
10.47,11.82,0,0
-0.8,8.26,1,0
14.11,9.11,1,0
11.85,-2.54,0,0
-2.27,-0.32,0,0
-3.86,0.04,1,0
11.52,-3.75,0,0
10.76,12.65,0,0
8.55,12.5,0,0
10.39,-1.31,0,0
-3.5,1.61,1,0
-2.72,-0.53,0,0
-3.82,0.97,0,0
-0.72,11.14,0,0
8.6,12.24,0,0
11.31,-2.93,0,0
-1.93,0.44,0,0
11.95,-2.91,0,0
-5.01,2.74,1,0
9.98,-3.66,0,0
-1.04,11.61,0,0
-2.09,-0.08,0,0
-0.52,5.52,1,0
11.07,-0.57,1,0
11.52,14.62,0,0
-3.51,1.54,1,0
-2.95,-0.33,0,0
9.81,-3.51,0,0
-1.05,2.83,1,0
12.88,-2.27,1,0
11.77,-3.38,0,0
15.54,-0.87,1,0
11.29,13.67,0,0
12.29,-0.31,1,0
13.14,0.11,1,0
-3.89,10.74,0,0
14.65,-0.34,1,0
12.09,-2.84,1,0
10.52,9.37,0,0
9.73,-2.05,0,0
-4.07,-0.69,0,0
9.66,12.58,0,0
13.26,-2.31,1,0
-1.98,3.26,1,0
12.01,-1.03,1,0
9.74,11.91,0,0
16.16,-0.74,1,0
12.15,-2.24,0,0
-2.57,1.76,1,0
12.5,-0.6,1,0
11.52,12.05,1,0
10.9,-1.7,0,0
9.62,13.21,0,0
12.96,-1.17,1,0
11.06,-1.97,0,0
11.74,-3.74,0,0
9.29,-3.25,0,0
-2.33,-0.44,0,0
9.21,-1.64,0,0
13.0,11.47,1,0
-4.94,2.11,1,0
8.44,-0.95,0,0
12.95,11.23,1,0
12.25,-3.28,1,0
-0.82,1.23,1,0
-3.62,10.66,0,0
11.66,13.19,0,0
9.51,11.25,0,0
8.68,-1.09,0,0
-1.92,-1.01,0,0
-0.16,8.97,1,0
10.58,13.8,0,0
-4.84,8.9,1,0
9.57,-3.52,0,0
-3.66,10.99,0,0
9.58,-0.29,0,0
9.18,-2.6,0,0
12.47,15.47,1,0
-3.09,0.1,0,0
9.59,-4.45,0,0
-3.76,0.58,0,0
11.04,-1.37,0,0
-3.47,-0.62,0,0
14.42,-2.53,1,0
12.31,-0.63,1,0
9.96,12.14,0,0
9.21,12.66,0,0
11.08,-1.46,0,0
9.46,-4.55,0,0
10.15,-4.08,0,0
10.88,13.62,0,0
9.29,-2.53,0,0
11.63,-1.09,0,0
9.68,12.48,0,0
-2.89,-1.37,0,0
14.55,1.09,1,0
-1.23,10.07,0,0
11.73,-2.96,0,0
11.36,-3.07,0,0
-1.79,7.77,1,0
13.05,-3.66,1,0
9.98,-2.01,0,0
12.03,10.52,1,0
12.03,15.2,0,0
-4.65,12.57,0,0
-4.22,11.92,0,0
-3.46,1.01,1,0
-1.12,10.3,1,0
-3.81,0.19,0,0
-3.17,-1.37,0,0
10.98,-3.24,0,0
11.82,11.97,1,0
10.08,-2.23,0,0
13.52,-2.77,1,0
11.24,-3.01,0,0
11.37,10.62,1,0
10.96,-0.55,0,0
14.04,-3.67,1,0
8.73,12.21,0,0
-5.02,9.96,1,0
8.91,13.21,0,0
8.35,13.59,0,0
15.34,10.94,1,0
11.74,-5.57,0,0
11.96,-1.42,1,0
16.33,-0.44,1,0
-2.21,-0.84,0,0
-3.41,8.47,1,0
12.81,-1.04,1,0
13.47,-2.05,1,0
8.57,13.22,0,0
10.34,10.87,1,0
13.52,1.64,1,0
11.8,-1.29,0,0
9.44,-3.36,0,0
11.36,13.02,0,0
-4.34,2.06,1,0
8.68,-2.41,0,0
-2.42,11.02,0,0
10.77,14.15,0,0
11.17,-1.46,0,0
-2.27,-0.06,0,0
-4.82,3.4,1,0
11.41,11.35,1,0
8.43,-3.56,0,0
-3.09,10.88,0,0
13.13,14.59,1,0
12.87,-2.28,1,0
13.8,11.52,1,0
-1.39,10.09,1,0
7.83,0.57,0,0
12.04,-1.61,1,0
8.44,-3.38,0,0
11.3,12.67,0,0
9.93,-2.27,0,0
9.46,12.53,0,0
13.31,-2.39,1,0
-4.04,-0.56,0,0
-5.17,1.92,1,0
8.63,-2.53,0,0
13.76,-4.2,1,0
-4.3,-0.66,0,0
13.84,14.09,1,0
11.54,-3.5,0,0
12.41,-1.2,1,0
8.52,-3.38,0,0
11.98,-2.75,1,0
11.33,-0.63,1,0
9.51,-1.94,0,0
15.67,8.41,1,0
11.87,12.37,1,0
12.78,11.94,1,0
-0.11,10.79,0,0
9.57,-1.74,0,0
-2.28,1.71,1,0
10.05,-2.17,0,0
11.98,-4.3,0,0
-2.89,7.09,1,0
12.85,-3.22,1,0
11.31,10.63,1,0
-4.65,10.31,0,0
8.91,-3.14,0,0
10.98,-3.31,0,0
11.16,11.15,1,0
15.06,0.18,1,0
-5.9,2.23,1,0
-4.36,2.03,1,0
-3.77,-0.65,0,0
11.14,-1.35,0,0
15.85,9.7,1,0
-1.9,9.87,1,0
-1.91,8.05,1,0
10.02,13.02,0,0
9.67,-4.83,0,0
10.65,12.95,0,0
12.66,10.79,1,0
-3.15,1.77,1,0
11.48,-3.67,0,0
12.94,10.58,1,0
11.45,-3.27,0,0
11.45,10.69,1,0
14.5,9.82,1,0
11.96,-2.43,0,0
10.99,-0.87,0,0
12.16,0.14,1,0
-2.94,2.51,1,0
-4.14,5.56,1,0
12.64,-0.82,0,0
10.24,-3.68,0,0
-4.64,0.92,1,0
10.09,12.14,0,0
-2.41,-1.2,0,0
-1.27,4.05,1,0
11.0,-1.27,0,0
8.75,12.26,0,0
-2.75,-0.17,0,0
13.2,11.22,1,0
11.43,-0.79,0,0
10.42,14.73,0,0
-4.45,1.38,1,0
13.96,-1.61,1,0
9.56,-2.37,0,0
-4.05,-1.02,0,0
9.52,12.69,0,0
10.43,-4.05,0,0
-6.74,4.31,1,0
-0.77,9.69,1,0
-2.54,1.19,1,0
11.21,0.02,1,0
-4.06,0.33,0,0
-1.97,-1.36,0,0
10.55,2.67,1,1
10.49,-2.16,0,0
9.51,12.4,0,0
-2.31,1.39,1,0
9.88,-2.01,0,0
-2.9,2.67,1,0
10.57,-3.91,0,0
12.57,-0.18,1,0
-2.29,-1.26,0,0
12.5,9.52,1,0
1.59,4.83,0,0
9.37,-2.49,0,0
10.39,10.65,0,0
10.86,14.42,0,0
-3.73,-2.21,0,0
10.52,10.74,1,0
-0.5,9.16,1,0
14.69,0.22,1,0
10.29,14.48,0,0
10.87,13.23,0,0
9.0,12.81,0,0
8.62,13.69,0,0
11.29,10.11,1,0
-4.17,0.44,1,0
-1.1,12.23,0,0
11.87,-2.81,1,0
14.48,0.1,1,0
8.58,12.11,0,0
13.17,11.13,1,0
17.43,12.76,1,1
8.05,13.38,0,0
11.15,9.32,1,0
12.31,14.89,0,0
12.07,8.51,1,0
12.76,-0.13,1,0
10.12,13.59,0,0
8.56,13.58,0,0
13.86,9.04,1,0
11.2,13.33,0,0
-2.14,9.29,1,0
10.59,-2.06,0,0
9.28,-2.04,0,0
10.02,-1.89,0,0
10.81,14.09,0,0
-4.2,-1.23,0,0
12.59,-0.76,1,0
-4.72,-0.61,1,0
13.3,11.48,1,0
11.21,-3.03,0,0
8.11,15.36,0,0
12.23,-2.43,0,0
9.76,-0.85,0,0
10.55,12.78,0,0
12.78,-2.33,1,0
11.92,12.32,1,0
10.39,14.07,0,0
-2.14,3.55,1,0
-2.07,10.98,0,0
8.9,12.6,0,0
-3.13,8.9,1,0
11.57,-2.97,0,0
11.43,13.58,0,0
-1.34,-0.18,0,0
-2.82,-1.63,0,0
11.09,-2.2,0,0
10.3,10.51,0,0
11.36,-3.03,0,0
9.97,-4.02,0,0
-2.86,2.19,1,0
-1.23,10.0,1,0
10.83,13.6,0,0
-3.53,-0.65,0,0
11.1,-3.07,0,0
8.32,-2.19,0,0
11.08,-4.97,0,0
10.52,-4.25,0,0
11.47,-1.18,1,0
-4.98,-0.01,1,0
8.45,13.6,0,0
12.38,-2.0,0,0
-4.2,1.05,1,0
-4.21,2.78,1,0
-1.92,0.68,1,0
9.49,12.19,0,0
9.77,12.04,0,0
-2.99,10.12,0,0
-1.95,9.87,0,0
10.33,-1.05,0,0
10.34,12.8,0,0
13.04,-1.06,0,0
9.36,12.8,0,0
12.47,13.41,1,0
-1.64,10.32,1,0
10.77,12.69,0,0
14.17,12.47,1,0
8.78,12.77,0,0
12.11,-3.09,1,0
-1.61,10.57,0,0
10.15,-3.9,0,0
11.06,-2.4,0,0
-1.31,9.47,1,0
6.25,3.55,0,0
11.38,-1.27,1,0
10.15,-2.09,0,0
9.47,11.06,0,0
14.01,-0.47,1,0
10.35,-2.31,0,0
5.97,3.7,0,0
11.88,9.89,1,0
12.06,-1.11,0,0
-3.39,9.59,0,0
10.17,12.54,0,0
12.23,14.19,0,0
11.39,12.85,0,0
8.21,13.84,0,0
-2.71,2.98,1,0
15.97,0.55,1,0
12.57,-0.87,1,0
12.07,11.31,1,0
9.73,-1.95,0,0
11.55,-5.54,0,0
12.38,-3.55,0,0
-3.16,8.89,1,0
10.31,11.8,0,0
9.27,12.31,0,0
9.19,12.7,0,0
12.86,-4.05,1,0
13.6,-0.84,1,0
9.36,12.08,0,0
10.51,13.25,0,0
14.44,11.89,1,0
-2.08,-0.26,0,0
10.19,-2.55,0,0
11.14,-1.17,1,0
11.49,-2.93,0,0
-3.88,5.24,1,0
12.72,-0.8,1,0
9.26,-0.3,0,0
-2.67,3.87,1,0
-1.55,9.32,1,0
-2.21,-0.37,0,0
8.36,13.74,0,0
11.52,12.79,0,0
-2.61,0.34,0,0
12.01,-1.75,0,0
9.51,12.29,0,0
10.06,11.31,0,0
11.45,-1.63,0,0
11.1,-1.23,0,0
12.92,13.96,1,0
10.5,-3.51,0,0
11.81,-4.7,0,0
10.25,12.5,0,0
9.85,-2.74,0,0
-2.38,8.67,1,0
10.09,-1.58,0,0
8.67,11.06,0,0
9.42,-1.77,0,0
10.95,13.93,0,0
11.99,-3.23,0,0
-4.63,4.17,1,0
-2.73,6.91,1,0
10.59,13.83,0,0
-5.21,8.91,1,0
11.82,13.05,0,0
-2.59,0.09,0,0
13.58,-2.28,1,0
8.87,13.95,0,0
-0.28,11.58,0,0
14.72,-2.08,1,0
15.1,-1.5,1,0
-3.18,0.38,1,0
12.04,-2.97,0,0
-2.1,9.64,1,0
-2.57,10.88,0,0
-3.44,9.34,1,0
11.75,-2.61,0,0
-2.31,0.73,1,0
15.82,12.11,1,0
13.45,-1.22,1,0
8.88,-5.11,0,0
13.04,-2.92,1,0
10.06,-3.21,0,0
13.23,-2.56,1,0
10.53,-1.57,0,0
13.85,-1.38,1,0
10.33,14.13,0,0
11.85,-2.51,0,0
11.89,-1.58,0,0
-3.7,1.39,1,0
10.39,10.72,0,0
10.08,11.25,1,0
8.88,12.77,0,0
13.51,-2.83,1,0
-2.96,10.38,0,0
13.06,-2.73,1,0
-2.29,-0.94,0,0
9.95,-1.89,0,0
9.67,11.88,0,0
11.8,-0.76,1,0
11.26,9.22,1,0
-3.53,0.2,0,0
11.73,-3.49,0,0
9.5,12.42,0,0
11.05,-1.29,0,0
12.55,-4.44,1,0
-2.51,0.84,0,0
9.91,-1.69,0,0
-3.38,8.05,1,0
9.89,-0.98,0,0
12.03,-0.84,1,0
10.95,-1.32,0,0
-3.63,2.56,1,0
-2.96,8.41,1,0
5.88,3.13,0,0
10.53,13.41,0,0
11.48,-1.25,0,0
14.27,-1.2,1,0
11.29,-0.28,1,0
12.04,-0.98,1,0
-2.51,0.28,0,0
12.03,-0.24,1,0
-3.86,7.74,1,0
-4.6,0.22,1,0
11.83,-0.96,1,0
10.9,11.43,0,0
9.89,-3.94,0,0
11.28,-1.72,1,0
9.39,13.2,0,0
-4.59,-0.33,0,0
-2.87,8.31,1,0
-4.98,-0.15,0,0
11.54,11.98,0,0
-4.61,-0.38,0,0
11.4,12.87,0,0
11.28,13.91,0,0
11.27,12.25,1,0
-2.75,0.61,1,0
10.44,11.21,0,0
-2.34,2.16,1,0
13.05,-0.86,1,0
10.51,-3.52,0,0
10.54,13.45,0,0
14.65,-1.07,1,0
-3.2,10.77,1,0
11.64,-2.16,0,0
-2.95,3.71,1,0
9.35,11.66,0,0
-2.74,0.68,1,0
11.46,13.1,0,0
9.92,-1.94,0,0
12.12,-0.86,1,0
12.74,-2.5,1,0
-3.79,-0.58,0,0
10.67,-0.44,1,0
8.84,-3.42,0,0
-3.66,4.87,0,0
11.26,13.15,0,0
13.48,0.13,1,0
-3.43,0.42,1,0
10.82,-3.92,0,0
8.42,13.02,0,0
11.22,-3.18,0,0
11.24,-1.49,0,0
11.63,-1.89,0,0
5.98,6.08,0,0
9.85,12.4,0,0
14.65,10.99,1,0
10.24,-2.84,0,0
-1.53,6.51,1,0
-1.48,10.61,0,0
-3.96,-1.36,0,0
-1.53,9.47,0,0
11.64,8.97,1,0
-1.56,0.95,0,0
12.45,13.67,1,0
10.07,-3.75,0,0
7.55,15.14,0,0
14.87,11.35,1,0
-0.19,4.49,1,1
-5.8,11.39,0,0
11.37,9.99,1,0
-3.45,7.06,1,0
11.77,9.92,1,0
-2.77,7.57,1,0
12.64,-1.49,1,0
-2.9,0.16,0,0
10.34,-2.17,0,0
-5.46,2.04,1,0
10.03,13.03,0,0
14.48,1.4,1,0
10.86,12.88,0,0
11.45,14.72,0,0
9.87,-1.36,0,0
9.41,-2.16,0,0
-3.73,12.33,0,0
8.88,12.94,0,0
-4.35,-1.84,0,0
10.4,-3.52,0,0
10.42,14.83,0,0
8.63,14.03,0,0
14.96,-2.5,1,0
8.98,13.71,0,0
-1.8,10.69,0,0
-2.61,1.89,1,0
11.4,-1.05,1,0
11.86,14.66,0,0
-3.8,1.16,1,0
-4.08,4.19,1,0
9.32,14.13,0,0
12.26,-0.43,1,0
-1.37,10.0,0,0
-3.14,0.66,1,0
10.12,12.7,0,0
9.24,-2.1,0,0
11.75,-3.0,0,0
11.73,-3.55,0,0
10.96,-4.37,0,0
14.76,-1.46,1,0
12.69,-0.25,1,0
10.45,11.73,0,0
-0.22,10.42,0,0
9.55,-2.95,0,0
10.94,-3.54,0,0
10.61,14.08,0,0
-2.36,0.57,0,0
10.53,13.68,0,0
-2.78,-1.22,0,0
-0.59,9.65,1,0
9.75,-4.23,0,0
-4.07,2.9,1,0
10.62,11.45,0,0
-2.78,1.09,1,0
10.14,14.61,0,0
10.4,-2.16,0,0
-4.35,1.38,1,0
13.58,-0.6,1,0
11.2,11.97,1,0
12.89,11.77,1,0
-4.43,8.87,1,0
9.96,13.89,0,0
12.77,11.51,1,0
16.39,0.81,1,0
8.95,14.58,0,0
13.48,-1.07,1,0
12.24,-2.84,1,0
10.61,-1.58,0,0
11.82,-1.71,0,0
-3.44,-0.13,1,0
-1.82,9.35,1,0
11.94,-5.06,0,0
-3.99,9.9,0,0
12.06,-1.53,0,0
-0.02,7.5,0,0
11.36,9.3,1,0
9.62,-2.77,0,0
9.83,12.25,0,0
9.11,-3.01,0,0
9.77,0.53,0,0
12.35,-0.37,1,0
-2.71,1.19,1,0
10.54,11.88,0,0
10.7,-0.49,1,0
-2.85,-0.38,0,0
10.08,14.88,0,0
9.88,11.96,0,0
-3.38,7.48,1,0
8.19,3.35,0,1
13.77,8.68,1,0
14.38,-1.4,1,0
13.01,-3.84,1,0
14.12,1.21,1,0
15.29,7.44,1,0
4.57,4.4,0,0
10.3,-4.07,0,0
-2.35,8.04,1,0
9.72,13.97,0,0
11.54,-3.26,0,0
8.68,13.18,0,0
9.19,-3.68,0,0
-2.64,-1.79,0,0
-2.92,3.12,1,0
11.52,-0.9,0,0
14.43,-1.18,1,0
-5.34,4.98,1,0
11.37,12.55,0,0
10.27,-3.78,0,0
13.5,-2.76,1,0
-3.89,0.42,1,0
-2.85,11.59,0,0
-4.36,1.43,0,0
-2.61,0.43,1,0
12.03,-0.04,1,0
-3.39,11.1,0,0
12.08,-2.55,0,0
-2.8,11.5,0,0
-1.57,9.05,1,0
-3.08,2.77,1,0
8.95,-2.64,0,0
12.06,-4.61,1,0
11.39,-3.03,0,0
10.0,12.12,0,0
-3.86,9.85,1,0
10.8,-2.26,0,0
9.84,-3.09,0,0
9.28,13.61,0,0
-4.07,0.38,0,0
11.48,-3.15,0,0
12.0,-4.02,1,0
15.91,10.77,1,0
14.01,9.6,1,0
11.16,-3.32,0,0
10.92,-1.55,0,0
12.1,-1.01,1,0
9.85,12.67,0,0
9.52,-3.0,0,0
12.47,-2.51,0,0
-2.77,9.51,1,0
7.01,14.94,0,0
-3.88,-0.69,0,0
-4.01,7.29,1,0
-1.96,-0.83,0,0
-4.68,2.33,1,0
10.59,11.95,0,0
11.17,-0.15,1,0
0.76,10.72,1,0
12.21,-2.96,1,0
12.8,-2.18,0,0
10.45,15.28,0,0
10.05,-4.22,0,0
-1.44,10.4,0,0
-4.32,0.19,1,0
-3.15,1.51,1,0
-2.63,1.88,1,0
-3.16,-0.7,0,0
11.22,13.71,0,0
-3.8,0.17,0,0
11.46,-3.14,0,0
-2.36,10.24,0,0
-3.9,8.23,0,0
10.42,10.96,0,0
11.96,-2.57,0,0
11.4,12.49,1,0
13.51,9.98,1,0
-3.75,0.09,0,0
8.47,12.51,0,0
-2.68,8.27,1,0
9.42,12.44,0,0
7.86,12.63,0,0
9.07,12.86,0,0
11.79,-0.32,1,0
11.21,-3.03,0,0
13.87,-0.75,1,0
12.81,-2.33,0,0
14.39,-1.43,1,0
-1.88,9.46,0,0
9.86,-2.6,0,0
-0.76,9.32,1,0
9.77,10.61,0,0
14.12,-1.22,1,0
11.88,11.39,1,0
10.85,15.33,0,0
8.33,12.22,0,0
9.62,-3.0,0,0
11.17,12.81,0,0
-4.31,-0.96,0,0
10.71,13.81,0,0
10.81,-1.58,0,0
9.75,11.12,0,0
11.46,-3.62,0,0
9.52,13.14,0,0
12.63,-0.45,1,0
11.52,12.17,1,0
-0.92,8.31,1,0
10.99,-3.89,0,0
13.82,-0.37,1,0
-6.26,-0.21,1,0
10.59,-1.38,0,0
9.47,-3.52,0,0
11.63,12.39,0,0
9.23,13.04,0,0
13.16,12.36,1,0
-3.84,1.98,1,0
-4.05,10.0,0,0
12.11,-1.68,0,0
-4.04,0.5,1,0
12.08,12.97,0,0
-2.72,-0.13,0,0
12.19,11.59,1,0
-4.41,-0.33,0,0
-4.84,-1.06,0,0
14.94,-0.42,1,0
-2.1,-0.01,0,0
9.74,13.44,0,0
8.91,14.63,0,0
11.74,-2.77,0,0
9.18,-2.6,0,0
14.03,13.09,1,0
-1.3,9.77,1,0
11.16,12.79,0,0
-2.17,1.26,1,0
-3.57,9.67,1,0
1.3,2.74,0,0
10.91,-3.05,0,0
-3.92,-0.11,0,0
0.02,8.02,1,0
-4.14,9.85,0,0
11.7,-3.86,0,0
10.87,-1.82,0,0
7.92,11.39,0,0
16.28,1.05,1,0
13.56,-2.87,1,0
9.14,-2.8,0,0
-3.37,10.48,0,0
11.65,11.37,0,0
10.64,-1.78,0,0
11.82,-2.63,0,0
-1.67,7.79,1,0
-3.39,-0.29,0,0
-4.13,0.84,1,0
10.22,-2.04,0,0
13.95,-1.22,1,0
11.07,9.68,1,0
10.8,-3.21,0,0
16.89,0.67,1,0
-1.76,7.08,1,0
9.99,14.3,0,0
11.18,-3.39,0,0
-1.57,9.92,0,0
11.25,13.01,0,0
-4.57,4.57,1,0
-1.97,10.54,0,0
11.73,-0.8,1,0
-4.05,-1.36,0,0
12.77,-2.41,0,0
9.77,-3.36,0,0
9.98,-3.75,0,0
11.43,-1.9,0,0
14.93,11.28,1,0
-0.46,9.16,1,0
1.31,0.67,0,1
9.42,13.33,0,0
15.56,0.37,1,0
11.25,13.79,0,0
-1.62,-0.81,0,0
15.06,9.67,1,0
9.69,12.64,0,0
11.41,-1.87,0,0
-1.32,8.56,1,0
7.89,12.87,0,0
10.0,0.71,1,0
15.59,10.41,1,0
12.59,2.14,1,0
-2.4,7.85,1,0
11.9,-0.19,1,0
-2.33,0.73,0,0
-2.01,1.06,1,0
-3.9,3.33,1,0
9.07,-2.75,0,0
-3.68,0.38,0,0
10.25,11.35,1,0
12.85,-0.71,0,0
16.05,9.24,1,0
10.23,14.9,0,0
14.48,1.51,1,0
11.45,-4.51,1,0
9.57,-1.13,0,0
14.59,-1.54,1,0
-2.26,1.3,1,0
9.02,-2.02,0,0
12.02,-0.41,1,0
12.11,-0.95,1,0
10.24,-3.31,0,0
12.63,11.21,1,0
3.95,3.52,0,0
-3.76,7.49,1,0
-3.29,8.02,1,0
13.46,-1.62,1,0
-4.05,0.42,1,0
10.81,11.74,1,0
12.87,-0.92,1,0
-4.39,-0.66,0,0
12.89,8.01,1,0
-1.73,0.16,1,0
11.29,-3.5,0,0
11.78,12.69,1,0
9.66,-2.54,0,0
-1.5,0.65,0,0
11.85,14.87,0,0
-3.08,7.11,1,0
-2.34,11.36,0,0
9.16,14.06,0,0
13.3,-0.07,1,0
-2.79,11.05,0,0
12.24,-2.93,0,0
12.35,-4.57,1,0
9.47,-2.17,0,0
11.49,-0.43,1,0
-2.52,-0.41,0,0
-2.07,-1.82,1,0
-2.92,3.61,1,0
11.41,-2.92,0,0
-3.03,2.55,1,0
11.26,-2.87,0,0
10.09,12.17,0,0
10.74,-1.71,0,0
11.84,12.99,0,0
12.89,12.09,1,0
-1.88,1.14,0,0
-1.68,10.5,0,0
9.02,-5.11,0,0
-1.81,9.29,1,0
7.29,6.32,0,0
8.75,14.09,0,0
11.51,-3.05,0,0
10.76,15.57,0,0
12.65,-2.49,0,0
-4.73,-1.08,0,0
11.51,-2.58,0,0
11.57,-0.45,0,0
12.54,-4.79,1,0
-2.76,0.07,0,0
10.2,14.02,0,0
-4.97,2.0,1,0
9.31,12.55,0,0
10.7,-2.2,0,0
11.8,9.23,1,0
8.73,13.55,0,0
-5.19,-1.04,0,0
15.18,-0.92,1,0
11.7,-3.77,0,0
10.73,-3.7,0,0
11.11,13.06,0,0
12.69,13.97,0,0
-2.51,1.54,1,0
-1.26,-3.09,0,0
-4.48,-0.45,0,0
10.36,13.41,0,0
10.09,13.3,0,0
-2.55,9.31,1,0
14.58,0.7,1,0
12.28,-2.72,0,0
9.06,12.42,0,0
10.05,14.66,0,0
-3.93,-1.24,0,0
9.64,-2.27,0,0
10.81,13.08,0,0
10.89,12.2,0,0
12.8,9.21,1,0
9.49,-3.08,0,0
10.28,12.28,0,0
13.51,1.03,1,0
11.48,14.58,0,0
12.33,-2.63,1,0
11.6,-3.08,0,0
9.21,-3.32,0,0
-2.37,1.62,1,0
-2.84,1.57,1,0
11.55,-3.38,0,0
12.2,9.74,1,0
10.27,10.47,0,0
9.08,12.93,0,0
10.6,-1.75,0,0
9.34,-2.1,0,0
-4.29,-1.0,0,0
10.93,13.64,0,0
11.01,13.94,0,0
13.26,-2.4,1,0
8.89,-2.99,0,0
11.89,-0.51,1,0
8.76,-2.3,0,0
-3.75,1.88,1,0
8.45,-3.5,0,0
11.07,-1.54,0,0
-2.53,11.41,0,0
12.75,-0.41,1,0
11.71,13.75,0,0
4.79,4.34,0,0
9.36,-3.34,0,0
-3.65,0.84,1,0
9.18,9.55,0,0
-4.33,1.01,1,0
11.3,-1.23,0,0
-1.99,10.5,0,0
-3.7,4.72,1,0
9.77,13.69,0,0
-2.62,7.3,1,0
8.77,-5.49,0,0
11.01,14.38,0,0
11.09,-1.43,0,0
11.18,-3.37,0,0
11.22,12.7,0,0
-3.01,0.52,1,0
-4.9,1.08,1,0
10.63,12.4,0,0
10.02,11.99,0,0
9.7,-2.39,0,0
-3.95,-1.24,0,0
7.2,-4.83,0,0
12.43,-1.83,0,0
9.47,-2.57,0,0
10.0,-3.67,0,0
9.1,12.94,0,0
10.53,-1.8,0,0
13.84,-1.91,1,0
12.15,-3.14,1,0
8.79,-3.46,0,0
10.0,-1.68,0,0
-2.54,0.45,0,0
-4.01,0.73,1,0
15.76,-0.11,1,0
10.66,10.24,1,0
11.25,9.4,1,0
10.22,-3.42,0,0
10.79,-0.4,1,0
15.5,-0.51,1,0
11.26,9.57,1,0
10.08,-2.08,0,0
9.95,12.85,0,0
10.91,-3.59,0,0
15.73,0.31,1,0
10.97,-1.49,0,0
11.38,14.0,0,0
14.15,-0.09,1,0
11.01,-1.23,1,0
14.36,-1.18,1,0
11.18,-3.12,0,0
9.78,-3.03,0,0
13.17,11.09,1,0
9.55,12.82,0,0
-4.49,1.05,1,0
10.53,-3.88,0,0
-3.18,10.72,0,0
10.58,-1.9,0,0
9.54,-2.4,0,0
-2.05,10.17,0,0
10.31,-3.55,0,0
11.82,-1.83,0,0
-4.2,-1.02,1,0
12.09,-0.87,0,0
7.86,-2.82,0,0
13.7,-0.59,1,0
11.37,-0.97,1,0
-4.4,2.0,1,0
12.97,-2.84,1,0
12.25,-1.05,0,0
13.61,-1.87,1,0
15.87,8.54,1,0
-2.68,11.13,0,0
10.62,-3.5,0,0
9.84,13.58,0,0
10.61,-1.62,0,0
12.51,14.79,0,0
12.66,-2.35,1,0
10.66,-1.48,0,0
-1.37,10.59,0,0
9.77,-2.78,0,0
11.14,11.19,1,0
9.03,13.09,0,0
-1.43,7.24,1,0
12.25,12.65,1,0
11.0,-1.62,0,0
12.54,-1.53,1,0
12.5,10.4,1,0
-2.0,5.27,1,0
13.69,12.77,1,0
9.62,-0.07,0,0
10.56,10.64,0,0
13.05,-2.58,1,0
10.61,13.98,0,0
9.46,-4.33,0,0
12.96,11.31,1,0
11.26,11.96,0,0
9.14,12.27,0,0
12.12,-4.38,0,0
11.57,-1.13,1,0
9.67,-2.28,0,0
11.86,-2.99,0,0
10.09,-2.19,0,0
9.24,10.25,1,0
-3.36,0.25,0,0
11.44,11.42,1,0
12.4,6.29,1,1
-2.03,10.34,1,0
16.06,0.23,1,0
9.35,-1.75,0,0
12.35,-2.32,0,0
-4.84,0.44,1,0
10.76,-0.61,0,0
14.38,9.99,1,0
10.49,-2.29,0,0
-2.74,11.08,0,0
11.52,-2.83,0,0
-5.79,-0.5,0,0
13.01,0.16,1,0
-4.12,2.87,1,0
12.64,-2.65,0,0
10.3,9.9,0,0
14.28,-1.12,1,0
11.44,-4.32,0,0
16.06,10.5,1,0
12.49,-2.46,0,0
11.04,-1.35,0,0
-0.51,10.63,1,0
9.58,-2.85,0,0
10.48,13.87,0,0
10.51,-2.22,0,0
-1.51,-0.16,1,0
-5.78,1.84,1,0
13.39,11.34,1,0
-0.66,0.02,1,0
11.33,-1.11,0,0
-2.05,9.57,0,0
9.68,10.02,0,0
10.05,12.81,0,0
13.32,10.71,1,0
10.11,-2.09,0,0
-3.95,1.52,1,0
-1.47,11.54,0,0
12.16,13.63,1,0
16.42,-0.3,1,0
8.66,-2.81,0,0
-2.43,2.97,1,0
-0.04,7.99,1,0
14.06,-0.51,1,0
11.2,-3.29,0,0
9.98,12.14,0,0
11.0,12.85,0,0
10.89,-2.0,0,0
12.39,1.43,1,0
-4.9,0.46,1,0
-3.47,5.02,1,0
-3.74,0.09,0,0
13.91,-1.42,1,0
10.88,-1.26,0,0
-2.96,9.47,1,0
13.1,-1.07,1,0
-1.44,8.76,1,0
-2.53,7.6,1,0
9.24,13.61,0,0
7.13,-1.56,0,0
11.28,13.23,0,0
-4.06,-0.91,0,0
-2.18,-0.08,0,0
11.71,12.77,1,0
9.32,-2.41,0,0
-4.17,-0.84,0,0
13.08,-2.3,1,0
10.16,-1.37,0,0
-5.24,0.94,1,0
-2.81,0.19,1,0
12.61,-1.9,0,0
8.78,13.6,0,0
11.52,-3.1,0,0
13.85,12.34,1,0
-1.79,-2.35,0,0
9.81,-2.73,0,0
9.24,12.61,0,0
-4.13,10.6,0,0
10.98,-2.25,0,0
11.89,-3.31,1,0
12.18,-1.09,0,0
-2.78,1.71,1,0
12.95,-2.35,1,0
-2.81,-1.79,0,0
13.22,12.37,1,0
10.46,11.55,0,0
14.6,10.59,1,0
10.5,13.6,0,0
-3.12,-1.04,0,0
11.75,-2.8,0,0
12.45,-2.35,0,0
-2.92,0.79,1,0
12.59,11.72,1,0
-3.14,2.16,1,0
9.83,12.85,0,0
12.3,-1.46,0,0
10.7,-1.49,0,0
9.14,-2.46,0,0
10.39,12.48,0,0
-3.35,0.36,0,0
11.76,-1.27,0,0
-3.62,1.31,1,0
12.13,-2.48,0,0
15.62,-1.09,1,0
-5.45,2.88,1,0
-3.9,-0.59,0,0
-4.6,1.22,1,0
11.42,-3.17,0,0
10.62,12.09,0,0
11.52,-1.1,0,0
12.36,-1.37,1,0
11.58,11.99,1,0
12.53,-1.42,1,0
9.66,12.87,0,0
7.54,12.93,0,0
13.79,10.12,1,0
10.99,-3.09,0,0
9.24,-4.45,0,0
7.58,14.03,0,0
-3.77,2.13,1,0
8.26,-1.86,0,0
12.32,-2.3,1,0
8.71,-3.01,0,0
8.41,13.02,0,0
-5.72,2.89,1,0
10.04,-3.28,0,0
11.0,-4.05,0,0
-4.81,1.11,1,0
11.03,-1.36,0,0
11.43,12.32,0,0
9.71,-3.02,0,0
10.89,-1.4,0,0
14.4,13.44,0,0
11.61,-4.38,1,0
11.4,0.02,1,0
-4.15,2.3,1,0
-4.87,2.38,1,0
16.61,9.85,1,0
10.32,12.56,0,0
14.04,10.46,1,0
10.2,-1.6,0,0
-0.77,10.65,0,0
-3.91,-1.08,0,0
-4.05,2.1,1,0
-2.26,3.84,0,0
12.54,-2.21,1,0
9.67,13.51,0,0
-2.45,3.38,1,0
-4.03,1.47,1,0
7.58,13.71,0,0
14.57,0.11,1,0
-6.5,1.23,1,0
9.64,-3.03,0,0
-3.07,11.11,0,0
12.43,-0.02,1,0
10.97,13.38,0,0
9.63,-2.46,0,0
9.35,13.13,0,0
-2.69,-0.17,0,0
-6.49,10.66,0,1
-3.63,11.8,0,0
9.97,13.23,0,0
-4.71,0.97,1,0
10.34,11.28,0,0
-3.78,6.02,1,0
-2.95,0.09,1,0
-1.98,9.6,0,0
9.21,-2.04,0,0
9.38,-2.26,0,0
10.64,-3.04,0,0
10.19,-2.06,0,0
12.42,-3.75,1,0
-3.5,6.69,1,0
10.51,-2.7,0,0
-0.76,10.35,1,0
12.4,-0.57,0,0
9.66,-2.35,0,0
11.32,-4.35,0,0
9.51,-2.81,0,0
-3.09,4.39,1,0
10.27,12.41,0,0
-3.76,-0.39,0,0
8.57,12.59,0,0
12.21,-1.33,0,0
10.77,10.92,1,0
-1.82,10.82,1,0
13.52,-1.8,1,0
13.17,-2.67,1,0
9.67,11.45,0,0
13.71,8.49,1,0
13.68,-1.41,1,0
14.84,8.72,1,0
-0.93,9.32,1,0
14.64,-4.73,1,0
11.61,-1.46,0,0
12.5,10.5,1,0
-2.69,2.81,1,0
10.05,11.18,0,0
-4.13,0.57,1,0
9.07,11.68,0,0
-6.13,9.97,0,1
11.88,11.76,0,0
10.84,-2.17,0,0
14.05,1.49,0,0
9.44,11.77,0,0
-2.49,1.62,1,0
-3.23,2.58,1,0
11.27,-3.89,0,0
-1.71,12.4,0,0
13.26,-1.22,1,0
8.44,-2.04,0,0
11.21,13.92,0,0
12.09,11.38,1,0
10.28,-2.76,0,0
11.78,-2.56,0,0
11.07,13.19,0,0
-4.32,1.93,1,0
10.27,-1.68,0,0
-3.49,7.33,1,0
10.65,-1.62,0,0
11.21,13.51,0,0
11.75,-2.82,0,0
-1.79,3.06,1,0
10.98,-1.1,0,0
-1.84,10.19,0,0
10.97,13.68,0,0
9.82,-0.34,0,0
8.65,15.38,0,0
-3.86,11.04,0,0
17.25,-0.15,1,0
-3.43,10.4,0,0
9.52,12.77,0,0
10.99,-0.55,1,0
11.09,9.44,1,0
-2.11,10.1,0,0
8.82,-0.32,0,0
11.01,-2.16,0,0
11.59,-3.27,0,0
9.33,12.76,0,0
10.85,-2.79,0,0
11.68,-2.65,0,0
12.45,-2.31,0,0
10.77,14.32,0,0
9.17,-3.4,0,0
10.21,14.62,0,0
8.85,13.99,0,0
12.41,11.45,1,0
-3.98,-0.13,0,0
-4.43,11.44,0,0
14.75,-1.94,1,0
11.09,-3.73,0,0
13.17,-2.12,1,0
13.11,9.34,1,0
11.29,-2.29,0,0
-1.37,10.89,0,0
13.46,-1.79,1,0
10.41,-3.16,0,0
-3.66,11.09,0,0
-4.01,9.31,1,0
8.83,12.64,0,0
11.82,-1.29,0,0
8.44,-2.86,0,0
9.36,-0.67,0,0
9.58,-1.43,0,0
11.75,-1.43,1,0
13.44,-1.07,1,0
10.68,-4.06,0,0
9.95,-2.11,0,0
12.26,-2.53,1,0
12.56,11.6,1,0
10.74,11.58,0,0
9.09,14.01,0,0
11.85,-3.05,0,0
11.53,13.22,0,0
12.08,-0.23,1,0
-4.53,5.55,1,0
13.25,-0.44,1,0
-2.34,1.68,1,0
-3.92,2.54,1,0
6.86,5.29,0,0
-4.34,2.14,1,0
7.77,15.57,0,0
-3.14,0.27,0,0
-4.58,2.9,1,0
11.04,-2.86,0,0
10.0,-2.48,0,0
11.04,-1.93,0,0
-3.19,11.5,0,0
-4.09,2.88,1,0
11.35,12.51,0,0
-2.82,-0.52,0,0
7.81,-2.11,0,0
-2.19,-0.21,0,0
11.08,-3.21,0,0
-3.42,11.62,0,0
11.78,12.02,0,0
16.17,0.4,1,0
-2.92,-0.89,0,0
11.21,13.91,0,0
8.11,12.44,0,0
9.33,-2.38,0,0
10.17,9.11,0,0
10.15,14.55,0,0
9.75,11.75,0,0
14.15,-0.51,1,0
11.68,12.18,0,0
11.47,-2.62,0,0
9.49,13.18,0,0
11.62,-2.82,0,0
-3.02,9.63,0,0
9.17,11.55,0,0
14.34,-1.28,1,0
12.48,13.07,1,0
13.18,-4.26,1,0
12.1,11.78,1,0
-2.64,-0.18,0,0
14.77,0.19,1,0
12.08,-4.64,1,0
9.95,9.75,0,0
13.53,14.71,0,0
14.84,13.09,1,0
11.28,13.68,0,0
-3.08,9.85,0,0
10.07,-2.84,0,0
-3.9,-0.14,0,0
12.21,-0.59,1,0
8.09,-3.83,0,0
-3.48,6.04,1,0
10.51,-2.44,0,0
-2.83,-2.19,0,0
14.65,13.71,1,0
-1.85,9.47,0,0
16.1,0.57,1,0
11.51,12.88,0,0
9.81,14.1,0,0
10.73,-3.27,0,0
22.4,17.72,1,1
10.29,12.5,0,0
-3.0,0.91,1,0
15.62,-0.79,1,0
-2.71,0.91,1,0
9.93,-3.05,0,0
11.44,-0.92,1,0
9.44,-2.42,0,0
-1.97,-0.54,0,0
9.79,11.06,0,0
12.31,10.96,1,0
12.04,-4.2,1,0
15.53,7.82,1,0
12.05,-1.21,1,0
11.61,-0.87,1,0
10.33,-1.71,0,0
12.66,-0.46,0,0
13.67,12.63,1,0
13.49,-2.32,1,0
6.94,13.78,0,0
13.17,-1.46,0,0
10.77,-1.56,0,0
-1.54,10.33,0,0
12.29,12.33,1,0
10.61,-3.84,0,0
6.12,6.58,0,0
9.79,12.9,0,0
11.93,-1.72,0,0
13.67,-2.07,1,0
-1.12,6.32,1,0
11.73,14.99,0,0
10.83,-3.36,0,0
8.01,12.64,0,0
12.3,-3.19,1,0
8.99,12.77,0,0
11.11,-1.15,1,0
10.87,13.7,0,0
10.6,-4.46,0,0
-2.89,-2.97,0,0
12.19,8.76,1,0
10.35,-1.2,0,0
11.33,-1.38,1,0
11.11,10.12,1,0
11.43,-3.09,0,0
6.14,5.27,0,0
12.68,-0.59,1,0
13.61,-0.49,1,0
15.28,-1.23,1,0
11.91,10.45,1,0
10.78,-3.02,0,0
11.65,-0.75,1,0
9.73,11.83,0,0
10.61,13.53,0,0
10.52,13.39,0,0
10.37,-0.69,1,0
9.04,-2.17,0,0
-1.08,7.79,1,0
10.17,12.54,0,0
-4.34,1.37,1,0
9.68,11.9,0,0
11.9,-0.36,1,0
-2.77,1.78,1,0
12.53,12.87,1,0
11.4,-1.61,0,0
12.55,-2.42,1,0
13.14,10.75,1,0
11.87,15.36,0,0
10.76,-2.42,0,0
14.41,-3.21,1,0
-3.72,8.17,1,0
11.54,-1.74,0,0
10.51,15.55,0,0
12.02,-1.29,0,0
10.01,12.63,0,0
10.07,-2.54,0,0
5.53,5.69,0,0
12.4,12.1,1,0
11.67,-0.8,0,0
12.73,8.64,1,0
11.33,-1.86,0,0
-2.82,11.9,0,0
-2.47,8.89,1,0
9.67,13.77,0,0
9.93,12.55,0,0
10.65,12.49,0,0
-5.37,4.15,1,0
9.34,-2.34,0,0
15.97,-1.2,1,0
11.31,12.95,0,0
9.29,-2.72,0,0
9.78,15.13,0,0
12.42,-1.36,0,0
12.15,13.94,0,0
-3.96,0.17,0,0
-2.15,9.26,0,0
-3.43,0.05,0,0
10.96,-2.26,0,0
-4.35,9.32,1,0
14.0,10.1,1,0
10.25,-3.9,0,0
15.27,10.19,1,0
-3.16,1.95,1,0
10.59,-1.93,0,0
-3.04,8.5,0,0
9.26,11.89,0,0
-2.66,6.9,1,0
-2.78,-0.99,0,0
11.05,-0.42,0,0
12.64,-0.64,1,0
10.41,-0.62,1,0
16.79,-0.24,1,0
-3.85,10.38,0,0
12.84,-3.82,1,0
11.03,-3.32,0,0
13.91,-0.45,1,0
11.2,12.01,0,0
-5.84,0.43,1,0
12.73,13.12,1,0
12.15,-2.3,0,0
9.72,12.84,0,0
-4.04,-0.02,0,0
13.97,-0.46,1,0
13.61,8.43,1,0
12.83,10.13,1,0
9.44,-2.04,0,0
-4.02,6.77,1,0
8.64,11.79,0,0
-3.14,6.67,1,0
12.86,0.95,1,0
8.3,-2.76,0,0
12.06,-3.34,1,0
7.32,5.81,0,0
10.84,12.69,0,0
11.23,-3.5,0,0
14.96,0.69,1,0
11.78,12.91,0,0
13.79,13.11,0,0
14.5,8.02,1,0
-3.05,-0.22,0,0
11.55,-2.89,0,0
12.52,0.06,1,0
14.79,-0.1,1,0
12.05,12.96,1,0
11.8,15.05,0,0
14.56,-2.47,1,0
12.14,-1.04,0,0
5.61,5.23,0,0
7.76,-3.06,0,0
11.47,-2.82,0,0
11.57,10.23,1,0
9.08,-1.69,0,0
15.55,10.22,1,0
14.03,0.99,1,0
8.74,12.8,0,0
-2.05,10.89,0,0
10.78,-0.94,0,0
10.86,-2.14,0,0
11.62,-1.81,0,0
13.15,11.31,1,0
-5.37,-0.4,0,0
11.41,10.85,1,0
14.27,0.54,1,0
11.45,-0.33,1,0
-2.96,2.59,1,0
10.44,-3.23,0,0
11.04,12.75,0,0
-3.84,0.57,0,0
9.43,-1.98,0,0
11.76,13.86,0,0
-2.72,-0.76,0,0
-3.61,-0.3,0,0
-3.9,-0.13,0,0
13.67,10.89,1,0
-4.7,1.96,1,0
14.07,-2.51,1,0
-2.37,1.31,1,0
-4.47,2.0,1,0
-3.21,8.4,1,0
13.16,0.71,1,0
12.09,1.39,1,0
-3.01,5.32,1,0
9.68,-2.43,0,0
11.46,12.63,0,0
10.48,-1.04,0,0
12.5,-1.98,0,0
10.43,10.7,0,0
9.67,12.53,0,0
10.99,-2.36,0,0
15.27,0.66,1,0
-1.93,9.77,0,0
9.98,-3.1,0,0
-0.76,11.21,0,0
8.93,-2.32,0,0
8.99,-2.46,0,0
16.69,0.21,1,0
8.53,-2.25,0,0
8.54,-0.58,0,0
11.4,11.27,1,0
11.69,12.49,0,0
11.79,-5.99,0,0
11.06,0.02,0,0
11.02,-1.62,0,0
-1.81,-1.35,0,0
-2.15,9.64,1,0
-3.26,-1.43,0,0
8.98,10.67,0,0
9.56,13.66,0,0
9.87,-3.31,0,0
12.82,-2.48,1,0
12.08,-3.62,0,0
10.48,10.57,0,0
8.7,12.5,0,0
9.39,-2.18,0,0
13.88,11.56,1,0
13.64,-0.68,1,0
-4.04,2.86,1,0
10.73,14.79,0,0
9.17,-2.89,0,0
11.23,9.79,1,0
7.96,14.76,0,0
10.61,-1.57,0,0
-2.55,2.49,1,0
-4.08,3.18,1,0
-2.87,0.2,1,0
9.38,12.9,0,0
9.62,12.5,0,0
12.75,10.12,1,0
9.66,-1.65,0,0
8.25,-2.25,0,0
12.86,12.61,1,0
12.71,-1.62,1,0
-3.69,1.14,1,0
9.43,-2.39,0,0
-4.57,9.89,1,0
8.01,-3.44,0,0
14.2,-0.44,1,0
11.7,-2.86,0,0
11.69,-1.68,0,0
16.6,0.63,1,0
11.61,-2.72,0,0
10.14,-2.67,0,0
7.92,13.2,0,0
-3.45,9.09,1,0
9.64,-1.21,0,0
14.8,-0.16,1,0
10.59,13.13,0,0
9.1,12.81,0,0
10.16,-1.0,0,0
-2.46,1.18,1,0
10.85,14.55,0,0
-0.46,7.45,0,0
-1.71,10.15,0,0
14.61,-0.94,1,0
7.88,-4.02,0,0
-2.9,-1.26,0,0
12.28,-1.19,1,0
14.66,1.75,1,0
9.7,-2.26,0,0
11.13,-4.6,0,0
7.79,-1.28,0,0
-1.89,6.96,1,0
10.43,-1.49,0,0
-2.81,1.54,1,0
-5.08,3.48,1,0
11.95,-3.38,1,0
11.95,10.92,1,0
-1.62,10.06,0,0
12.47,14.81,0,0
13.6,-1.98,1,0
10.42,-1.68,0,0
-2.49,-0.49,0,0
-2.74,10.79,1,0
12.49,-1.11,1,0
9.66,-3.68,0,0
-4.15,0.68,1,0
10.39,-2.72,0,0
-3.84,12.21,0,0
9.63,12.31,0,0
-2.16,-1.72,0,0
12.56,-2.62,0,0
-1.9,0.23,0,0
11.31,-4.22,0,0
14.98,10.49,1,0
10.77,-0.0,1,0
-1.12,9.6,0,0
9.33,-2.63,0,0
7.84,-5.42,0,1
11.14,-2.6,0,0
9.29,14.48,0,0
14.9,-1.39,1,0
-4.29,-1.19,0,0
10.34,13.59,0,0
11.57,-2.83,0,0
10.29,-2.09,0,0
12.85,-2.32,1,0
10.14,-2.69,0,0
-3.4,-1.65,0,0
9.8,12.01,0,0
13.99,-1.29,1,0
13.95,12.03,1,0
8.95,12.72,0,0
-2.96,8.49,0,0
9.71,-2.68,0,0
11.13,10.52,1,0
7.4,13.73,0,0
10.0,-2.27,0,0
10.52,12.74,0,0
11.36,-0.61,1,0
0.73,-1.21,0,1
10.15,-2.71,0,0
11.53,12.85,0,0
10.58,15.11,0,0
13.16,-0.45,1,0
12.89,-1.93,1,0
9.24,13.57,0,0
16.02,0.76,1,0
15.58,-0.3,1,0
7.48,11.0,0,0
-0.56,10.54,0,0
10.76,-1.82,0,0
11.95,-0.27,1,0
10.67,-3.67,0,0
10.49,-4.3,0,0
14.64,10.94,1,0
11.96,11.81,1,0
8.88,11.75,0,0
-3.03,0.23,0,0
14.89,-0.98,1,0
10.4,-4.53,0,0
13.6,-1.41,1,0
11.51,-0.35,1,0
11.96,-3.08,0,0
-3.09,2.78,1,0
11.32,-1.1,0,0
-5.33,6.61,1,0
12.1,-1.34,0,0
11.66,-3.67,0,0
10.98,-1.83,0,0
10.81,14.24,0,0
14.04,-3.39,1,0
14.59,0.17,1,0
-1.87,1.07,1,0
-5.57,0.37,1,0
10.08,-2.73,0,0
12.5,-1.74,1,0
-2.67,-1.6,0,0
-4.18,-1.24,0,0
8.63,12.81,0,0
11.3,-2.2,0,0
11.22,12.87,0,0
10.33,-1.5,0,0
2.67,4.05,0,0
11.75,15.37,0,0
8.46,12.61,0,0
-1.89,7.75,1,0
9.11,-2.17,0,0
-1.57,9.12,1,0
-2.22,8.31,1,0
12.17,12.95,1,0
-4.45,-0.42,0,0
15.47,-0.5,1,0
10.77,12.94,0,0
-4.54,7.63,1,0
10.35,13.74,0,0
-2.38,0.29,0,0
13.63,11.39,1,0
8.01,12.74,0,0
-0.68,8.63,1,0
-2.41,7.49,1,0
12.66,-0.2,1,0
11.37,-2.0,0,0
-5.04,4.71,1,0
12.54,1.41,1,0
11.95,12.97,0,0
12.36,-3.65,0,0
-2.38,-0.58,0,0
11.22,13.29,0,0
10.31,-0.45,1,0
15.0,12.82,1,0
8.93,12.15,0,0
4.11,5.57,0,0
9.3,13.77,0,0
11.68,-2.07,0,0
-2.32,7.66,1,0
-2.37,3.78,1,0
12.63,-3.68,1,0
12.92,-2.05,0,0
-4.27,3.03,1,0
10.78,11.54,0,0
14.12,10.94,1,0
12.59,-4.79,1,0
10.59,15.03,0,0
9.33,-2.55,0,0
-6.06,5.93,1,0
9.19,-1.94,0,0
13.02,-1.79,1,0
15.03,1.44,1,0
9.95,-4.53,0,0
9.38,14.35,0,0
12.81,-1.59,0,0
10.52,-3.59,0,0
17.04,11.32,1,0
13.7,-0.76,1,0
12.52,-1.73,1,0
10.3,-2.71,0,0
9.29,12.11,0,0
9.4,12.33,0,0
11.17,-2.16,0,0
11.3,-0.96,0,0
11.24,12.69,0,0
9.96,-1.86,0,0
11.22,13.37,0,0
11.47,-3.08,0,0
-4.07,0.47,0,0
11.73,-1.3,0,0
11.64,-0.66,1,0
8.84,13.6,0,0
-2.14,-0.01,0,0
11.32,-3.49,0,0
9.02,12.62,0,0
11.09,11.34,1,0
12.27,13.38,0,0
-4.07,-0.13,0,0
11.2,12.67,0,0
12.57,-3.26,1,0
9.38,12.82,0,0
-1.98,1.33,1,0
14.18,-1.65,1,0
11.68,-1.31,0,0
16.8,0.26,1,0
11.88,-2.34,0,0
-1.65,10.55,0,0
10.4,-2.04,0,0
9.01,11.65,0,0
10.01,-0.57,0,0
-3.91,-0.31,0,0
10.5,-3.57,0,0
13.03,-2.17,1,0
11.83,-0.22,1,0
17.1,13.83,1,1
-3.54,-0.05,0,0
-0.3,4.46,0,1
-3.42,1.72,1,0
8.57,13.57,0,0
10.15,11.73,0,0
-1.88,9.46,1,0
-3.91,3.78,1,0
15.8,0.17,1,0
12.97,-2.07,1,0
6.86,13.55,0,0
9.71,-1.75,0,0
10.97,13.51,0,0
11.78,10.26,1,0
9.16,-3.3,0,0
12.49,-2.53,1,0
10.46,-1.57,0,0
-2.76,9.9,0,0
10.19,14.39,0,0
-3.94,0.22,0,0
-2.33,9.63,0,0
9.29,13.53,0,0
12.05,-1.51,0,0
9.68,-2.64,0,0
12.23,2.33,1,0
11.73,-2.97,0,0
8.04,12.61,0,0
9.78,-4.96,0,0
-5.45,6.06,1,0
10.35,14.44,0,0
12.55,-1.74,0,0
12.95,0.85,1,0
12.5,11.56,1,0
15.78,-1.55,1,0
12.76,-0.27,1,0
12.74,-0.94,0,0
10.77,13.56,0,0
11.37,12.74,0,0
-3.25,-0.15,0,0
10.3,-3.62,0,0
7.11,-2.46,0,0
11.02,-0.18,1,0
5.22,4.7,0,0
12.89,14.34,1,0
-4.13,-1.06,0,0
0.12,7.19,1,0
-3.47,3.88,1,0
-4.24,-0.69,0,0
11.41,-1.64,0,0
11.3,-1.59,0,0
-4.4,-2.8,0,0
-2.43,7.95,1,0
11.01,-2.01,0,0
10.29,-1.55,0,0
11.83,-2.61,0,0
14.3,1.4,1,0
-1.43,10.87,0,0
-4.39,2.14,1,0
11.32,-3.77,0,0
-1.81,10.72,0,0
10.85,-1.2,0,0
8.7,-1.44,0,0
-3.01,9.67,1,0
8.95,-2.5,0,0
-1.09,2.71,1,0
-2.25,12.11,0,0
-2.3,0.36,0,0
11.27,-1.44,0,0
14.43,-0.46,1,0
8.58,13.08,0,0
12.18,-1.07,0,0
-4.63,7.87,1,0
10.56,12.7,0,0
11.16,-1.23,0,0
13.59,-2.67,1,0
10.15,-2.54,0,0
13.67,13.91,1,0
-3.33,10.47,1,0
8.08,12.86,0,0
12.35,-4.09,0,0
-0.87,10.64,0,0
8.68,-3.4,0,0
-1.56,-0.22,0,0
8.68,13.35,0,0
8.93,-2.6,0,0
12.23,12.59,1,0
9.66,-1.7,0,0
13.14,-1.1,1,0
16.03,10.24,1,0
10.92,-2.27,0,0
-1.74,10.53,0,0
-2.55,9.46,1,0
10.44,-1.59,0,0
11.94,10.31,1,0
11.63,-3.14,0,0
-5.25,-1.99,0,0
-4.25,0.66,0,0
9.51,-3.68,0,0
7.29,-2.73,0,0
-2.66,9.27,1,0
9.4,-1.87,0,0
11.51,-0.53,1,0
11.87,-1.4,0,0
11.28,0.21,1,0
-3.47,7.97,1,0
11.01,-3.4,0,0
-2.86,10.75,0,0
-1.72,12.43,0,0
-2.05,10.7,0,0
11.21,13.41,0,0
12.53,-0.54,1,0
-4.68,0.38,0,0
-4.11,3.49,1,0
-4.09,2.44,1,0
11.66,10.48,1,0
13.09,14.09,0,0
9.42,12.8,0,0
11.97,12.96,1,0
10.19,-1.63,0,0
10.82,-3.52,0,0
15.23,0.3,1,0
-3.6,5.5,1,0
10.51,-4.02,0,0
-1.6,10.57,0,0
10.17,-1.04,0,0
5.22,4.12,0,0
10.28,-1.52,0,0
15.49,-1.24,1,0
9.21,-2.54,0,0
12.4,11.78,1,0
13.01,9.94,1,0
8.78,-2.91,0,0
9.99,-1.9,0,0
8.36,12.66,0,0
10.68,13.55,0,0
-4.17,2.09,1,0
10.66,-2.44,0,0
15.7,1.02,1,0
13.07,11.88,1,0
-3.44,9.24,1,0
12.15,-0.73,1,0
12.71,-2.05,1,0
12.43,9.35,1,0
13.12,-2.25,0,0
16.97,-0.3,1,0
10.2,-2.44,0,0
-3.01,-1.32,0,0
11.63,-1.15,0,0
2.17,5.61,0,0
12.9,-3.88,1,0
14.0,-1.61,1,0
9.73,11.65,0,0
10.64,-3.55,0,0
12.4,-2.57,1,0
13.44,-1.93,0,0
12.55,-0.25,1,0
10.84,11.62,0,0
8.95,-2.88,0,0
10.14,-1.68,0,0
9.34,16.13,0,0
10.99,-3.76,0,0
13.66,-1.82,1,0
11.3,-3.55,0,0
-4.96,-1.91,0,0
10.98,11.21,1,0
10.12,13.53,0,0
15.39,0.15,1,0
10.76,13.24,0,0
-3.34,9.36,1,0
13.65,2.19,1,0
-4.39,9.47,0,0
13.35,13.25,1,0
10.85,-1.31,0,0
-2.26,0.58,0,0
9.84,-3.0,0,0
-3.89,10.12,1,0
10.82,10.17,1,0
-2.66,-0.28,0,0
11.68,-2.69,0,0
8.12,-3.29,0,0
9.46,-2.49,0,0
-3.38,10.68,0,0
-4.15,-1.32,0,0
-3.3,0.7,1,0
14.45,-0.05,1,0
12.84,-1.94,0,0
-1.69,4.85,0,0
8.32,-3.2,0,0
-2.82,8.22,1,0
11.08,-1.3,0,0
-1.19,10.85,0,0
10.18,-1.71,0,0
12.77,-0.74,1,0
-5.24,2.43,1,0
-3.5,8.13,1,0
-3.14,3.7,1,0
13.06,10.73,1,0
12.02,11.35,0,0
11.56,-3.17,0,0
-4.43,0.97,1,0
10.38,0.24,1,0
14.43,12.55,1,0
-4.94,9.08,1,0
-3.19,9.46,0,0
-3.51,9.17,1,0
-2.31,0.0,0,0
7.92,11.66,0,0
9.86,-2.1,0,0
-4.72,0.86,1,0
8.64,12.38,0,0
10.49,-2.3,0,0
12.13,12.72,1,0
11.95,12.02,1,0
10.2,-1.47,0,0
-2.02,10.32,0,0
10.59,-4.05,0,0
9.2,11.31,0,0
10.56,-3.85,0,0
-1.02,10.46,0,0
12.68,-1.8,0,0
9.78,-3.11,0,0
13.66,-1.89,1,0
12.53,-2.26,0,0
8.99,-3.71,0,0
-4.53,-0.59,0,0
-3.54,9.76,0,0
-4.43,0.83,1,0
9.16,-2.65,0,0
-3.7,9.66,1,0
-4.15,5.34,1,0
9.4,12.64,0,0
-3.37,11.24,0,0
-4.98,-0.57,0,0
11.9,9.18,1,0
9.93,-2.68,0,0
9.28,-2.19,0,0
14.8,-1.17,1,0
10.91,12.84,0,0
10.57,-0.49,0,0
12.73,12.53,1,0
11.4,-4.0,0,0
10.47,-0.67,0,0
12.19,-3.6,1,0
10.78,-1.38,0,0
-1.59,10.38,1,0
9.93,-1.51,0,0
11.3,14.32,0,0
-2.51,-0.65,0,0
11.21,-2.54,0,0
9.95,-2.26,0,0
11.8,12.51,1,0
9.03,13.18,0,0
13.5,0.8,1,0
-3.87,-0.91,0,0
10.15,-1.7,0,0
13.39,10.78,1,0
-2.64,7.96,1,0
10.84,-1.85,0,0
9.9,12.62,0,0
11.25,14.93,0,0
11.33,-1.43,0,0
-1.67,2.49,1,0
11.46,-1.74,1,0
12.29,-3.07,0,0
-1.7,10.59,0,0
-3.59,11.4,0,0
10.29,10.31,1,0
15.24,10.99,1,0
8.64,-2.9,0,0
7.52,-1.33,0,0
11.18,13.07,0,0
10.67,14.2,0,0
10.84,13.52,0,0
-3.54,7.76,1,0
11.06,-1.61,0,0
11.58,-0.58,1,0
10.51,-4.15,0,0
10.8,-0.43,0,0
12.37,-3.13,1,0
9.57,14.13,0,0
-1.77,9.7,0,0
14.42,10.65,1,0
-1.07,9.24,1,0
-4.24,-0.02,1,0
-2.9,-1.91,0,0
10.22,12.3,0,0
-4.15,-0.25,0,0
11.65,14.02,0,0
10.53,-1.32,0,0
9.05,13.08,0,0
9.97,-3.24,0,0
-2.82,-0.54,0,0
11.95,-3.05,1,0
9.38,-2.2,0,0
11.01,-1.58,0,0
8.99,12.29,0,0
11.0,11.99,0,0
15.36,9.92,1,0
12.74,-0.38,1,0
13.57,-1.98,1,0
10.6,13.6,0,0
11.37,12.63,0,0
-2.49,0.41,0,0
9.71,14.51,0,0
12.07,11.7,1,0
10.7,-1.34,0,0
10.07,1.02,1,0
9.38,-0.08,0,0
15.06,-1.13,1,0
-3.24,1.65,1,0
10.2,14.34,0,0
10.9,-4.97,0,0
-3.75,-0.51,0,0
11.34,-1.3,0,0
-3.07,-0.02,0,0
14.45,10.29,1,0
9.62,-2.61,0,0
11.62,-2.09,0,0
-4.77,3.09,1,0
13.1,-1.91,1,0
13.0,-0.43,1,0
9.86,14.42,0,0
9.11,-2.62,0,0
14.74,-1.38,1,0
10.64,-3.52,0,0
-4.32,-0.95,0,0
11.02,0.24,1,0
12.05,-3.99,0,0
10.97,-3.68,0,0
-3.0,8.08,1,0
15.09,13.83,0,0
9.09,-1.95,0,0
8.91,13.11,0,0
9.71,13.03,0,0
9.06,-2.63,0,0
10.22,14.78,0,0
14.95,1.18,1,0
12.12,0.62,1,0
10.24,-1.04,0,0
-3.41,3.14,1,0
10.37,-2.01,0,0
12.18,11.68,1,0
12.7,-0.95,1,0
8.26,-2.53,0,0
10.11,-1.43,0,0
-3.59,-1.17,0,0
10.13,-3.52,0,0
11.36,13.21,0,0
12.66,11.79,1,0
11.4,-3.38,0,0
9.6,-3.91,0,0
10.59,13.69,0,0
1.37,3.18,0,0
11.72,13.06,0,0
9.91,10.9,0,0
10.99,-3.79,0,0
12.25,13.29,1,0
-0.75,10.07,0,0
12.98,0.3,1,0
-4.55,1.69,1,0
-2.38,3.82,1,0
5.4,4.34,0,0
14.52,0.12,1,0
11.04,12.69,0,0
11.65,-3.63,0,0
-3.77,1.53,1,0
9.98,14.23,0,0
-4.67,-1.66,0,0
-3.75,0.05,0,0
12.76,-3.17,1,0
8.89,-2.56,0,0
11.82,11.8,1,0
-4.24,-1.03,0,0
10.48,13.73,0,0
9.38,-2.75,0,0
9.19,11.64,0,0
11.7,-3.04,0,0
13.1,10.32,1,0
-4.52,8.57,1,0
11.38,-4.0,0,0
11.04,13.17,0,0
10.26,-2.58,0,0
12.5,-3.18,1,0
11.04,-1.4,0,0
7.52,12.46,0,0
-0.88,10.48,0,0
11.1,-3.69,0,0
7.49,-1.44,0,0
12.47,-0.31,1,0
11.6,-0.81,0,0
9.79,-2.45,0,0
-1.89,-1.23,0,0
9.36,-1.9,0,0
-3.09,0.73,1,0
-1.98,9.28,0,0
11.67,11.46,1,0
-2.93,9.98,0,0
7.63,14.2,0,0
7.29,13.38,0,0
10.35,-2.45,0,0
10.0,-2.9,0,0
12.83,-0.18,1,0
-4.28,1.25,1,0
12.09,12.52,1,0
12.97,-1.98,1,0
10.87,12.52,0,0
15.55,12.17,1,0
-3.75,6.4,1,0
11.05,-1.54,1,0
10.49,-1.64,0,0
10.1,-2.83,0,0
12.98,-3.74,1,0
12.02,-2.87,0,0
11.36,-3.75,0,0
10.56,-3.85,0,0
13.66,-2.05,1,0
11.38,12.53,0,0
14.81,-1.1,1,0
10.71,12.45,0,0
11.6,10.47,1,0
10.12,13.81,0,0
-2.61,0.99,0,0
11.37,13.85,0,0
11.68,15.06,0,0
11.43,-3.15,0,0
9.62,-4.52,0,0
-4.16,-1.26,0,0
7.74,-0.31,0,0
13.16,-2.35,1,0
-2.14,0.25,0,0
10.7,-3.54,0,0
13.29,-2.06,1,0
-1.39,-2.03,0,0
10.13,-0.07,1,0
11.7,0.3,1,0
12.45,-2.58,1,0
11.85,-3.28,0,0
12.97,-1.16,1,0
10.79,9.99,1,0
9.61,-1.34,0,0
-0.78,9.55,1,0
8.38,9.96,0,0
14.02,10.2,1,0
9.66,12.19,0,0
12.66,14.18,0,0
8.63,-2.79,0,0
10.09,-1.98,0,0
13.52,-2.6,1,0
9.99,-2.73,0,0
9.58,11.99,0,0
-2.95,4.22,1,0
-4.28,1.09,1,0
8.45,-3.9,0,0
-4.66,10.15,1,0
12.02,-3.61,0,0
-1.14,10.45,1,0
11.56,12.1,1,0
12.19,-2.44,0,0
10.16,15.58,0,0
9.54,-2.54,0,0
-3.89,10.3,0,0
13.89,9.4,1,0
11.94,-0.93,1,0
-1.82,2.63,1,0
11.53,-2.9,0,0
-3.73,0.77,1,0
11.42,-2.07,0,0
11.16,-1.36,0,0
10.48,13.74,0,0
9.88,13.49,0,0
12.64,13.53,1,0
-4.51,0.74,1,0
-4.21,11.88,0,0
10.11,-3.56,0,0
-3.66,3.05,1,0
8.66,-2.11,0,0
-3.97,2.02,1,0
15.5,0.16,1,0
-2.59,0.57,0,0
13.48,-1.59,1,0
13.1,-2.68,1,0
9.27,12.81,0,0
12.35,-4.14,0,0
-4.11,9.6,1,0
13.34,13.86,1,0
9.63,-0.92,0,0
-2.99,2.22,1,0
-5.22,-0.83,0,0
12.57,-2.28,1,0
10.31,14.71,0,0
11.08,-0.56,1,0
12.56,-2.4,0,0
11.06,-1.31,0,0
10.84,-1.69,0,0
1.3,6.18,0,0
7.47,13.71,0,0
11.24,14.23,0,0
10.16,-2.92,0,0
14.0,-0.01,1,0
-4.2,0.83,1,0
12.19,-2.25,0,0
12.7,-2.24,0,0
-4.38,0.61,1,0
15.67,-0.75,1,0
14.85,-0.52,1,0
-2.5,0.84,1,0
-1.71,-1.2,0,0
-1.67,-0.79,0,0
13.6,-1.24,1,0
-1.16,9.68,1,0
-1.47,10.8,0,0
-3.48,-0.01,0,0
10.41,-2.75,0,0
-4.01,1.88,1,0
9.89,11.78,0,0
-2.6,3.34,1,0
12.73,-0.56,1,0
12.57,11.49,1,0
8.46,12.99,0,0
11.71,-3.1,0,0
-3.88,9.4,0,0
10.35,10.82,0,0
11.35,-1.11,1,0
-4.78,0.53,1,0
13.87,-0.12,1,0
11.38,12.35,0,0
9.9,12.28,0,0
-1.91,8.49,1,0
10.83,-1.54,1,0
12.21,9.92,1,0
11.01,-1.39,0,0
-4.01,0.27,0,0
13.41,0.14,1,0
10.94,4.43,0,1
13.84,-1.9,1,0
10.81,-1.22,0,0
10.55,-1.64,0,0
-2.84,11.43,0,0
5.27,2.27,0,0
12.77,13.9,0,0
11.38,-3.32,0,0
3.61,4.43,0,0
-4.79,0.02,1,0
10.48,-1.7,0,0
8.78,14.27,0,0
10.61,13.97,0,0
11.05,-1.36,0,0
11.28,12.68,0,0
8.92,-3.11,0,0
14.34,-2.64,1,0
10.91,-1.28,0,0
6.89,-4.08,0,0
9.88,-3.98,0,0
8.68,-1.23,0,0
-3.17,7.48,1,0
13.68,-0.49,1,0
9.47,-1.74,0,0
13.59,-0.31,1,0
-3.41,1.9,1,0
-3.96,3.09,1,0
7.99,-4.11,0,0
11.63,-1.64,0,0
10.15,13.98,0,0
-3.04,9.39,0,0
11.17,-1.83,0,0
12.54,-3.76,1,0
12.54,-1.18,0,0
10.63,14.18,0,0
-0.79,7.91,1,0
-2.34,-0.85,0,0
9.56,14.06,0,0
12.69,-1.32,1,0
13.39,-0.63,1,0
11.65,12.63,0,0
-3.95,-0.65,0,0
11.2,11.91,1,0
16.32,9.71,1,0
11.98,13.65,1,0
12.37,-2.38,0,0
13.06,-0.43,1,0
11.8,-2.97,0,0
10.96,9.98,0,0
13.77,-1.59,1,0
11.62,12.95,0,0
-1.23,2.18,1,0
10.09,-3.82,0,0
-2.92,0.45,1,0
-2.58,1.83,1,0
-4.8,1.86,1,0
9.17,-2.7,0,0
10.74,-2.56,0,0
9.6,12.93,0,0
9.5,-4.26,0,0
11.74,-2.57,0,0
9.83,12.39,0,0
11.38,13.77,0,0
15.27,-2.46,1,0
11.21,-3.53,0,0
9.53,-1.94,0,0
11.44,13.98,0,0
11.51,12.94,0,0
-3.25,3.49,1,0
16.1,0.94,1,0
-2.06,-0.68,0,0
13.3,-1.96,1,0
9.46,12.75,0,0
11.32,-3.53,0,0
-2.18,10.84,0,0
11.1,14.9,0,0
-1.87,9.24,1,0
11.41,12.74,0,0
8.76,-3.48,0,0
11.13,0.46,1,0
12.73,13.86,0,0
-3.53,3.39,1,0
11.25,-3.61,0,0
12.96,-0.67,1,0
13.51,-1.73,1,0
9.7,-2.36,0,0
13.81,-3.25,1,0
10.45,-1.9,0,0
-3.78,-0.08,0,0
10.6,13.29,0,0
10.14,-0.93,0,0
-1.41,-1.63,0,0
-1.53,10.18,0,0
11.53,12.19,0,0
11.5,-3.71,0,0
10.73,-0.17,0,0
-3.16,10.03,0,0
11.08,-1.41,0,0
-3.15,1.38,1,0
12.81,-2.98,1,0
10.92,11.77,0,0
11.58,-2.9,0,0
13.42,0.07,1,0
12.31,-2.69,0,0
11.61,-0.92,1,0
13.32,4.26,1,1
10.68,-3.45,0,0
13.13,0.73,1,0
9.0,13.67,0,0
-5.0,1.61,1,0
10.0,-2.88,0,0
11.63,-1.49,0,0
10.98,14.0,0,0
12.78,0.96,1,0
12.36,-1.04,0,0
10.7,-2.44,0,0
10.5,-1.55,0,0
12.91,-2.52,1,0
-4.94,0.82,1,0
10.64,10.47,0,0
13.28,-0.98,1,0
-1.41,-2.07,0,0
11.23,-2.11,0,0
11.72,-3.16,0,0
9.58,12.1,0,0
10.24,11.29,1,0
10.03,-1.66,0,0
-1.01,10.48,0,0
-2.42,8.04,1,0
-1.38,-1.0,0,0
13.4,1.03,1,0
10.5,11.18,1,0
11.81,0.68,1,0
-5.38,4.58,1,0
13.23,-0.61,1,0
10.29,11.9,0,0
10.02,-5.39,0,0
-2.61,1.45,1,0
-2.85,1.78,1,0
9.37,12.94,0,0
-5.13,2.01,1,0
10.63,-0.33,0,0
9.49,12.04,0,0
-2.84,12.22,0,0
-3.27,10.41,0,0
-4.05,9.06,1,0
11.78,-0.26,0,0
13.39,-2.64,1,0
-5.24,11.21,0,0
9.9,-2.21,0,0
9.2,-1.81,0,0
12.45,11.0,1,0
10.92,-3.45,0,0
-0.31,10.57,1,0
11.35,-2.47,0,0
12.79,11.94,1,0
11.16,-1.78,0,0
9.62,12.78,0,0
16.83,-0.33,1,0
15.31,0.35,1,0
10.89,-1.32,0,0
11.34,-0.53,1,0
9.7,11.74,0,0
-2.28,-0.22,0,0
12.22,-2.77,1,0
11.47,-1.84,0,0
-4.4,1.9,1,0
9.46,13.3,0,0
-5.18,1.93,1,0
9.9,11.98,0,0
9.82,11.75,0,0
13.19,12.48,1,0
5.41,3.57,0,0
12.0,-0.92,1,0
13.18,-1.98,1,0
14.25,13.85,1,0
12.63,-1.45,1,0
9.33,-2.55,0,0
12.56,-2.07,1,0
12.89,13.57,1,0
-4.61,0.24,1,0
-4.16,-0.48,0,0
10.42,10.9,0,0
11.96,-1.89,0,0
-2.31,-0.39,0,0
9.69,-1.62,0,0
-3.92,2.87,1,0
14.56,-0.73,1,0
11.69,-1.0,1,0
10.63,-1.57,0,0
11.08,12.89,0,0
-5.3,-1.2,0,0
9.91,10.92,0,0
13.48,-1.19,1,0
-1.75,-1.39,0,0
11.39,-1.84,0,0
12.15,-1.35,0,0
-3.79,-0.93,0,0
12.88,-0.65,0,0
13.57,-2.07,1,0
10.49,11.94,0,0
11.92,-1.69,0,0
-4.1,1.58,1,0
-3.35,0.33,0,0
9.86,14.89,0,0
11.02,-1.45,0,0
12.1,-0.72,1,0
8.55,-1.23,0,0
13.87,-2.24,1,0
9.23,13.5,0,0
9.96,12.13,0,0
10.48,13.84,0,0
11.1,-3.01,0,0
-4.35,0.47,0,0
-2.46,10.55,1,0
10.72,-4.01,0,0
11.07,14.58,0,0
-0.97,0.45,0,0
-1.31,2.33,0,0
-2.72,-0.84,0,0
9.68,13.48,0,0
-3.13,-0.26,0,0
12.46,9.59,1,0
11.19,11.62,0,0
-3.63,-1.5,0,0
-1.08,-0.88,0,0
8.7,12.61,0,0
10.9,1.1,1,0
12.45,-3.19,1,0
-3.16,10.57,0,0
11.51,15.14,0,0
9.28,-1.87,0,0
9.54,13.77,0,0
11.19,-3.42,0,0
13.42,-0.75,1,0
-1.19,8.85,1,0
12.09,-0.95,0,0
9.1,14.3,0,0
11.26,-3.14,0,0
10.22,-1.81,0,0
-2.73,0.55,0,0
12.14,-2.41,0,0
-0.87,9.6,0,0
-4.35,0.11,1,0
-3.39,0.26,1,0
10.77,11.75,0,0
11.55,-2.95,0,0
10.09,7.92,0,0
-1.55,10.12,1,0
11.97,12.29,1,0
9.53,-2.86,0,0
-3.76,1.1,1,0
15.85,-0.63,1,0
12.45,-0.36,1,0
10.44,-1.79,0,0
11.6,-2.33,0,0
11.86,14.4,1,0
-3.12,8.97,1,0
10.86,-3.87,0,0
-2.76,10.76,0,0
14.59,-1.4,1,0
10.01,-2.02,0,0
11.53,-0.47,1,0
11.39,10.85,1,0
11.19,-2.13,0,0
12.09,-1.92,0,0
11.62,-1.86,0,0
-4.28,1.6,1,0
-2.28,10.6,0,0
11.86,-2.74,0,0
-2.29,10.31,0,0
-2.01,7.64,1,0
-1.8,7.98,1,0
-2.97,2.06,1,0
15.01,11.12,1,0
-1.72,9.99,1,0
13.32,-2.01,1,0
10.47,12.84,0,0
9.52,10.91,0,0
-4.24,-0.26,1,0
12.74,-0.98,1,0
-4.13,0.14,0,0
12.68,-2.18,0,0
13.49,-2.75,1,0
9.56,-3.5,0,0
-3.44,1.04,0,0
12.43,-0.68,0,0
10.67,10.7,0,0
11.97,-1.32,1,0
-2.27,0.45,0,0
-4.6,3.16,1,0
10.65,14.01,0,0
8.1,-0.94,0,0
10.79,-1.49,0,0
13.66,-2.35,1,0
-3.87,0.49,0,0
10.39,-3.16,0,0
12.05,-2.79,0,0
-3.51,3.31,1,0
11.52,-3.15,0,0
-5.04,-0.19,1,0
-4.86,2.34,1,0
9.24,12.27,0,0
-4.62,-2.15,0,0
13.23,-2.3,1,0
10.4,-1.2,0,0
-4.44,8.26,1,0
12.24,11.83,0,0
11.43,15.0,0,0
12.94,-2.71,1,0
9.95,10.81,0,0
11.35,-3.12,0,0
9.54,-2.88,0,0
12.2,-0.76,1,0
8.43,-3.21,0,0
-2.84,11.25,0,0
11.6,-0.62,0,0
11.21,-1.96,0,0
10.49,13.59,0,0
1.61,3.89,0,0
10.38,12.56,0,0
11.44,13.43,0,0
-4.75,-0.9,0,0
14.33,11.01,1,0
11.19,-3.34,0,0
-4.21,9.47,1,0
10.57,12.2,0,0
14.69,0.25,1,0
9.42,12.52,0,0
-3.03,-0.44,0,0
-2.1,11.71,0,0
-3.09,1.67,1,0
8.87,-2.36,0,0
10.26,-1.39,0,0
12.17,-1.66,0,0
14.59,-1.16,1,0
12.59,-2.7,1,0
-2.41,10.43,0,0
-1.87,-1.33,0,0
5.15,3.72,0,0
15.57,1.05,1,0
9.63,-2.27,0,0
13.16,14.09,1,0
10.68,12.74,0,0
4.57,2.86,0,0
12.17,-1.07,0,0
11.21,-3.38,0,0
10.29,-3.88,0,0
13.53,0.19,1,0
10.6,-2.04,0,0
10.53,-2.6,0,0
10.77,13.49,0,0
-2.08,2.65,1,0
10.62,13.29,0,0
7.75,-1.09,0,0
12.08,12.59,1,0
11.56,-3.19,0,0
10.74,-2.43,0,0
